year,cell_id,lon_center,lat_center,burned_km2,cell_area_km2,burned_fraction
2018,0,25.5,-24.5,11.56,11226.69,0.001029
2018,1,25.5,-23.5,422.55,11311.91,0.037355
2018,2,25.5,-22.5,81.98,11394.51,0.007195
2018,3,25.5,-21.5,7.17,11472.88,0.000625
2018,4,25.5,-20.5,340.29,11548.4,0.029466
2018,5,25.5,-19.5,23.5,11620.25,0.002023
2018,6,25.5,-18.5,4219.65,11688.61,0.361005
2018,7,25.5,-17.5,2508.86,11753.47,0.213457
2018,8,25.5,-16.5,4576.75,11814.81,0.387374
2018,9,25.5,-15.5,6445.54,11872.62,0.542891
2018,10,25.5,-14.5,6728.05,11926.67,0.564118
2018,11,25.5,-13.5,3677.07,11977.79,0.306991
2018,12,25.5,-12.5,3275.52,12024.71,0.272399
2018,13,25.5,-11.5,3542.27,12068.26,0.293519
2018,14,25.5,-10.5,4270.59,12108.21,0.352702
2018,15,25.5,-9.5,4099.6,12144.35,0.337572
2018,16,25.5,-8.5,6129.93,12177.52,0.503381
2018,17,25.5,-7.5,5983.4,12206.21,0.490193
2018,18,25.5,-6.5,5581.11,12231.92,0.456275
2018,19,25.5,-5.5,6043.69,12254.0,0.493201
2018,20,26.5,-24.5,110.67,11226.49,0.009858
2018,21,26.5,-23.5,35.41,11311.71,0.00313
2018,22,26.5,-22.5,176.88,11394.31,0.015524
2018,23,26.5,-21.5,291.46,11472.68,0.025404
2018,24,26.5,-20.5,292.68,11547.4,0.025346
2018,25,26.5,-19.5,374.21,11620.05,0.032204
2018,26,26.5,-18.5,209.98,11688.41,0.017964
2018,27,26.5,-17.5,1038.87,11753.27,0.08839
2018,28,26.5,-16.5,970.33,11814.61,0.08213
2018,29,26.5,-15.5,2525.65,11871.57,0.212748
2018,30,26.5,-14.5,6122.74,11926.46,0.513375
2018,31,26.5,-13.5,3307.74,11977.59,0.276161
2018,32,26.5,-12.5,2011.66,12024.5,0.167297
2018,33,26.5,-11.5,3712.94,12068.05,0.307667
2018,34,26.5,-10.5,5010.1,12108.0,0.413785
2018,35,26.5,-9.5,4256.96,12144.14,0.350536
2018,36,26.5,-8.5,3361.71,12177.3,0.276063
2018,37,26.5,-7.5,4784.73,12206.0,0.391998
2018,38,26.5,-6.5,7138.32,12231.7,0.583592
2018,39,26.5,-5.5,6049.78,12253.78,0.493707
2018,40,27.5,-24.5,571.56,11226.89,0.05091
2018,41,27.5,-23.5,12.52,11312.11,0.001107
2018,42,27.5,-22.5,86.35,11394.71,0.007578
2018,43,27.5,-21.5,15.99,11473.08,0.001394
2018,44,27.5,-20.5,69.26,11547.4,0.005998
2018,45,27.5,-19.5,821.52,11620.45,0.070696
2018,46,27.5,-18.5,454.11,11688.82,0.03885
2018,47,27.5,-17.5,601.5,11753.68,0.051175
2018,48,27.5,-16.5,766.33,11815.02,0.06486
2018,49,27.5,-15.5,1691.97,11871.57,0.142523
2018,50,27.5,-14.5,2645.43,11926.88,0.221804
2018,51,27.5,-13.5,3962.78,11978.0,0.330838
2018,52,27.5,-12.5,2451.75,12024.93,0.203889
2018,53,27.5,-11.5,4111.94,12067.21,0.340753
2018,54,27.5,-10.5,5669.04,12108.43,0.46819
2018,55,27.5,-9.5,4603.71,12144.56,0.379076
2018,56,27.5,-8.5,3413.38,12177.73,0.280297
2018,57,27.5,-7.5,6211.26,12206.42,0.508851
2018,58,27.5,-6.5,6670.84,12230.84,0.545411
2018,59,27.5,-5.5,3148.56,12254.21,0.256937
2018,60,28.5,-24.5,346.17,11226.5,0.030835
2018,61,28.5,-23.5,193.14,11311.71,0.017075
2018,62,28.5,-22.5,0.0,11394.31,0.0
2018,63,28.5,-21.5,1.39,11472.68,0.000121
2018,64,28.5,-20.5,999.18,11547.6,0.086527
2018,65,28.5,-19.5,576.33,11620.05,0.049598
2018,66,28.5,-18.5,19.57,11688.41,0.001674
2018,67,28.5,-17.5,631.57,11753.27,0.053736
2018,68,28.5,-16.5,1479.28,11814.61,0.125208
2018,69,28.5,-15.5,1828.74,11871.78,0.154041
2018,70,28.5,-14.5,2729.29,11926.46,0.228843
2018,71,28.5,-13.5,3045.27,11977.59,0.254247
2018,72,28.5,-12.5,3379.29,12024.5,0.281034
2018,73,28.5,-11.5,5876.63,12068.05,0.486958
2018,74,28.5,-10.5,6487.53,12108.0,0.535805
2018,75,28.5,-9.5,2384.48,12144.13,0.196348
2018,76,28.5,-8.5,2604.14,12177.3,0.213852
2018,77,28.5,-7.5,3487.38,12206.0,0.28571
2018,78,28.5,-6.5,2193.89,12231.7,0.179361
2018,79,28.5,-5.5,2306.08,12253.79,0.188193
2018,80,29.5,-24.5,541.55,11226.69,0.048238
2018,81,29.5,-23.5,38.1,11311.91,0.003368
2018,82,29.5,-22.5,0.0,11394.51,0.0
2018,83,29.5,-21.5,14.16,11472.88,0.001234
2018,84,29.5,-20.5,851.3,11547.4,0.073722
2018,85,29.5,-19.5,1464.77,11620.25,0.126053
2018,86,29.5,-18.5,537.99,11688.61,0.046026
2018,87,29.5,-17.5,1102.5,11753.47,0.093802
2018,88,29.5,-16.5,3484.65,11814.81,0.294939
2018,89,29.5,-15.5,3510.97,11871.57,0.295746
2018,90,29.5,-14.5,4187.96,11926.67,0.351143
2018,91,29.5,-13.5,2557.38,11977.8,0.21351
2018,92,29.5,-12.5,4594.13,12024.71,0.382057
2018,93,29.5,-11.5,5205.73,12067.2,0.431395
2018,94,29.5,-10.5,7680.54,12108.21,0.634325
2018,95,29.5,-9.5,7110.44,12144.35,0.585494
2018,96,29.5,-8.5,3612.92,12177.52,0.296688
2018,97,29.5,-7.5,3316.75,12206.21,0.271726
2018,98,29.5,-6.5,1063.62,12230.84,0.086962
2018,99,29.5,-5.5,429.91,12254.0,0.035083
2018,100,30.5,-24.5,390.04,11226.69,0.034742
2018,101,30.5,-23.5,91.26,11311.91,0.008068
2018,102,30.5,-22.5,7.43,11394.51,0.000652
2018,103,30.5,-21.5,7.87,11472.88,0.000686
2018,104,30.5,-20.5,219.61,11547.6,0.019017
2018,105,30.5,-19.5,931.01,11620.25,0.08012
2018,106,30.5,-18.5,1287.88,11688.61,0.110182
2018,107,30.5,-17.5,2695.71,11753.47,0.229354
2018,108,30.5,-16.5,2841.43,11814.82,0.240498
2018,109,30.5,-15.5,3464.03,11871.78,0.291787
2018,110,30.5,-14.5,4533.43,11926.68,0.380108
2018,111,30.5,-13.5,4545.85,11977.8,0.379523
2018,112,30.5,-12.5,4410.26,12024.71,0.366767
2018,113,30.5,-11.5,4838.62,12068.26,0.400937
2018,114,30.5,-10.5,5179.62,12108.21,0.427778
2018,115,30.5,-9.5,3764.56,12144.35,0.309984
2018,116,30.5,-8.5,3289.53,12177.52,0.270132
2018,117,30.5,-7.5,1955.43,12206.21,0.1602
2018,118,30.5,-6.5,1676.57,12231.92,0.137065
2018,119,30.5,-5.5,1782.46,12254.0,0.145459
2018,120,31.5,-24.5,198.25,11226.69,0.017659
2018,121,31.5,-23.5,74.44,11311.91,0.006581
2018,122,31.5,-22.5,647.1,11394.51,0.056791
2018,123,31.5,-21.5,239.14,11472.88,0.020844
2018,124,31.5,-20.5,82.13,11547.6,0.007112
2018,125,31.5,-19.5,167.21,11620.25,0.01439
2018,126,31.5,-18.5,859.76,11688.61,0.073555
2018,127,31.5,-17.5,868.55,11753.47,0.073898
2018,128,31.5,-16.5,1117.76,11814.81,0.094607
2018,129,31.5,-15.5,1959.83,11871.78,0.165083
2018,130,31.5,-14.5,1383.28,11926.67,0.115982
2018,131,31.5,-13.5,4118.69,11977.79,0.34386
2018,132,31.5,-12.5,4551.08,12024.71,0.378477
2018,133,31.5,-11.5,5541.02,12067.42,0.459172
2018,134,31.5,-10.5,5688.66,12108.21,0.469819
2018,135,31.5,-9.5,3206.03,12144.35,0.263994
2018,136,31.5,-8.5,916.55,12177.52,0.075265
2018,137,31.5,-7.5,1594.05,12206.21,0.130594
2018,138,31.5,-6.5,3263.18,12231.05,0.266795
2018,139,31.5,-5.5,2954.6,12254.0,0.241113
2018,140,32.5,-24.5,318.98,11226.69,0.028413
2018,141,32.5,-23.5,36.1,11311.91,0.003192
2018,142,32.5,-22.5,1508.34,11394.51,0.132374
2018,143,32.5,-21.5,2237.68,11472.88,0.195041
2018,144,32.5,-20.5,748.24,11548.4,0.064792
2018,145,32.5,-19.5,151.49,11620.25,0.013037
2018,146,32.5,-18.5,323.18,11688.61,0.027649
2018,147,32.5,-17.5,106.1,11753.47,0.009028
2018,148,32.5,-16.5,599.94,11814.82,0.050778
2018,149,32.5,-15.5,1330.97,11872.62,0.112104
2018,150,32.5,-14.5,1779.46,11926.67,0.1492
2018,151,32.5,-13.5,1374.25,11977.79,0.114733
2018,152,32.5,-12.5,3513.27,12024.71,0.292171
2018,153,32.5,-11.5,4215.86,12068.26,0.349335
2018,154,32.5,-10.5,2777.93,12108.21,0.229425
2018,155,32.5,-9.5,2813.89,12144.35,0.231704
2018,156,32.5,-8.5,310.22,12177.52,0.025475
2018,157,32.5,-7.5,4720.59,12206.21,0.386737
2018,158,32.5,-6.5,4136.46,12231.92,0.338169
2018,159,32.5,-5.5,1834.18,12254.0,0.14968
2018,160,33.5,-24.5,272.17,11226.69,0.024243
2018,161,33.5,-23.5,1048.42,11311.91,0.092683
2018,162,33.5,-22.5,1676.74,11394.51,0.147154
2018,163,33.5,-21.5,1744.32,11472.88,0.152038
2018,164,33.5,-20.5,3097.0,11547.6,0.268194
2018,165,33.5,-19.5,3147.37,11620.25,0.270852
2018,166,33.5,-18.5,5960.47,11688.61,0.509938
2018,167,33.5,-17.5,4318.33,11753.47,0.367409
2018,168,33.5,-16.5,380.84,11814.82,0.032234
2018,169,33.5,-15.5,3543.82,11871.78,0.298508
2018,170,33.5,-14.5,2085.93,11926.67,0.174896
2018,171,33.5,-13.5,336.88,11977.8,0.028126
2018,172,33.5,-12.5,776.63,12024.71,0.064586
2018,173,33.5,-11.5,963.71,12068.26,0.079855
2018,174,33.5,-10.5,2271.09,12108.21,0.187566
2018,175,33.5,-9.5,434.99,12144.35,0.035818
2018,176,33.5,-8.5,611.47,12177.52,0.050213
2018,177,33.5,-7.5,2249.58,12206.21,0.184298
2018,178,33.5,-6.5,2171.11,12231.92,0.177495
2018,179,33.5,-5.5,76.23,12254.0,0.006221
2018,180,34.5,-24.5,343.53,11226.69,0.0306
2018,181,34.5,-23.5,2089.43,11311.91,0.184711
2018,182,34.5,-22.5,725.31,11394.51,0.063655
2018,183,34.5,-21.5,1533.77,11472.88,0.133686
2018,184,34.5,-20.5,2784.53,11547.19,0.241143
2018,185,34.5,-19.5,2779.59,11620.25,0.239202
2018,186,34.5,-18.5,4114.95,11688.61,0.352047
2018,187,34.5,-17.5,3671.85,11753.47,0.312405
2018,188,34.5,-16.5,2384.99,11814.81,0.201864
2018,189,34.5,-15.5,2731.09,11871.36,0.230057
2018,190,34.5,-14.5,331.78,11926.67,0.027818
2018,191,34.5,-13.5,320.87,11977.79,0.026789
2018,192,34.5,-12.5,684.88,12024.71,0.056956
2018,193,34.5,-11.5,168.54,12066.99,0.013967
2018,194,34.5,-10.5,374.4,12108.21,0.030921
2018,195,34.5,-9.5,249.04,12144.35,0.020507
2018,196,34.5,-8.5,1197.6,12177.52,0.098345
2018,197,34.5,-7.5,6136.83,12206.21,0.502763
2018,198,34.5,-6.5,2683.27,12230.62,0.219389
2018,199,34.5,-5.5,43.62,12254.0,0.00356
2018,200,35.5,-24.5,35.81,11226.5,0.00319
2018,201,35.5,-23.5,78.04,11311.71,0.006899
2018,202,35.5,-22.5,257.19,11394.31,0.022572
2018,203,35.5,-21.5,204.91,11472.68,0.017861
2018,204,35.5,-20.5,0.7,11547.6,6e-05
2018,205,35.5,-19.5,991.14,11620.05,0.085296
2018,206,35.5,-18.5,2175.3,11688.41,0.186107
2018,207,35.5,-17.5,4286.36,11753.27,0.364696
2018,208,35.5,-16.5,4262.02,11814.61,0.360741
2018,209,35.5,-15.5,625.41,11871.78,0.05268
2018,210,35.5,-14.5,1212.46,11926.46,0.101661
2018,211,35.5,-13.5,1436.97,11977.58,0.119971
2018,212,35.5,-12.5,2213.09,12024.5,0.184048
2018,213,35.5,-11.5,3325.9,12068.05,0.275595
2018,214,35.5,-10.5,991.2,12108.0,0.081863
2018,215,35.5,-9.5,619.82,12144.14,0.051038
2018,216,35.5,-8.5,245.19,12177.3,0.020135
2018,217,35.5,-7.5,400.72,12206.0,0.03283
2018,218,35.5,-6.5,41.3,12231.7,0.003377
2018,219,35.5,-5.5,61.21,12253.78,0.004995
2018,220,36.5,-24.5,0.0,11226.89,0.0
2018,221,36.5,-23.5,0.0,11312.11,0.0
2018,222,36.5,-22.5,0.0,11394.71,0.0
2018,223,36.5,-21.5,0.0,11473.08,0.0
2018,224,36.5,-20.5,0.0,11547.4,0.0
2018,225,36.5,-19.5,0.0,11620.45,0.0
2018,226,36.5,-18.5,1658.78,11688.82,0.141912
2018,227,36.5,-17.5,5342.18,11753.68,0.454511
2018,228,36.5,-16.5,6769.08,11815.02,0.572922
2018,229,36.5,-15.5,6316.69,11871.57,0.532085
2018,230,36.5,-14.5,3247.54,11926.88,0.272288
2018,231,36.5,-13.5,4203.78,11978.0,0.350958
2018,232,36.5,-12.5,4622.0,12024.93,0.384369
2018,233,36.5,-11.5,3815.17,12067.21,0.31616
2018,234,36.5,-10.5,817.9,12108.43,0.067548
2018,235,36.5,-9.5,1420.86,12144.56,0.116995
2018,236,36.5,-8.5,1047.89,12177.73,0.08605
2018,237,36.5,-7.5,931.75,12206.42,0.076333
2018,238,36.5,-6.5,200.32,12230.84,0.016378
2018,239,36.5,-5.5,59.76,12254.21,0.004877
2018,240,37.5,-24.5,0.0,11226.69,0.0
2018,241,37.5,-23.5,0.0,11311.91,0.0
2018,242,37.5,-22.5,0.0,11394.51,0.0
2018,243,37.5,-21.5,0.0,11472.88,0.0
2018,244,37.5,-20.5,0.0,11547.4,0.0
2018,245,37.5,-19.5,0.0,11620.25,0.0
2018,246,37.5,-18.5,0.0,11688.61,0.0
2018,247,37.5,-17.5,1781.07,11753.47,0.151536
2018,248,37.5,-16.5,4645.43,11814.81,0.393186
2018,249,37.5,-15.5,4147.8,11871.57,0.349389
2018,250,37.5,-14.5,3358.06,11926.67,0.281559
2018,251,37.5,-13.5,2711.91,11977.79,0.226412
2018,252,37.5,-12.5,6274.98,12024.71,0.52184
2018,253,37.5,-11.5,5124.35,12068.26,0.424614
2018,254,37.5,-10.5,1527.43,12108.21,0.126149
2018,255,37.5,-9.5,1540.15,12144.35,0.12682
2018,256,37.5,-8.5,4071.44,12177.52,0.334341
2018,257,37.5,-7.5,2702.96,12206.21,0.221441
2018,258,37.5,-6.5,222.63,12231.92,0.0182
2018,259,37.5,-5.5,58.77,12254.0,0.004796
2018,260,38.5,-24.5,0.0,11226.69,0.0
2018,261,38.5,-23.5,0.0,11311.91,0.0
2018,262,38.5,-22.5,0.0,11394.51,0.0
2018,263,38.5,-21.5,0.0,11472.88,0.0
2018,264,38.5,-20.5,0.0,11547.6,0.0
2018,265,38.5,-19.5,0.0,11620.25,0.0
2018,266,38.5,-18.5,0.0,11688.61,0.0
2018,267,38.5,-17.5,217.71,11753.47,0.018523
2018,268,38.5,-16.5,5654.18,11814.82,0.478567
2018,269,38.5,-15.5,6406.6,11871.78,0.53965
2018,270,38.5,-14.5,4904.94,11926.67,0.411258
2018,271,38.5,-13.5,3929.19,11977.8,0.32804
2018,272,38.5,-12.5,5361.87,12024.71,0.445904
2018,273,38.5,-11.5,4659.15,12067.42,0.386094
2018,274,38.5,-10.5,2322.08,12108.21,0.191777
2018,275,38.5,-9.5,5262.89,12144.35,0.433361
2018,276,38.5,-8.5,3374.4,12177.52,0.277101
2018,277,38.5,-7.5,1387.88,12206.21,0.113703
2018,278,38.5,-6.5,317.72,12231.05,0.025977
2018,279,38.5,-5.5,578.77,12254.0,0.047231
2018,280,39.5,-24.5,0.0,11226.69,0.0
2018,281,39.5,-23.5,0.0,11311.91,0.0
2018,282,39.5,-22.5,0.0,11394.51,0.0
2018,283,39.5,-21.5,0.0,11472.88,0.0
2018,284,39.5,-20.5,0.0,11548.4,0.0
2018,285,39.5,-19.5,0.0,11620.25,0.0
2018,286,39.5,-18.5,0.0,11688.61,0.0
2018,287,39.5,-17.5,0.0,11753.47,0.0
2018,288,39.5,-16.5,2656.42,11814.81,0.224838
2018,289,39.5,-15.5,3170.14,11872.62,0.267012
2018,290,39.5,-14.5,2786.48,11926.67,0.233634
2018,291,39.5,-13.5,3459.19,11977.8,0.2888
2018,292,39.5,-12.5,1774.72,12024.71,0.147589
2018,293,39.5,-11.5,2402.98,12068.26,0.199115
2018,294,39.5,-10.5,652.9,12108.21,0.053922
2018,295,39.5,-9.5,875.28,12144.35,0.072073
2018,296,39.5,-8.5,333.83,12177.52,0.027413
2018,297,39.5,-7.5,104.33,12206.21,0.008547
2018,298,39.5,-6.5,5.79,12231.92,0.000474
2018,299,39.5,-5.5,0.0,12254.0,0.0
2019,0,25.5,-24.5,0.0,11226.69,0.0
2019,1,25.5,-23.5,596.62,11311.91,0.052743
2019,2,25.5,-22.5,1392.25,11394.51,0.122186
2019,3,25.5,-21.5,1.96,11472.88,0.000171
2019,4,25.5,-20.5,644.98,11548.4,0.05585
2019,5,25.5,-19.5,755.98,11620.25,0.065057
2019,6,25.5,-18.5,1013.91,11688.61,0.086743
2019,7,25.5,-17.5,1617.39,11753.47,0.13761
2019,8,25.5,-16.5,6071.35,11814.81,0.513876
2019,9,25.5,-15.5,7187.27,11872.62,0.605365
2019,10,25.5,-14.5,7575.01,11926.67,0.635132
2019,11,25.5,-13.5,3725.69,11977.79,0.311049
2019,12,25.5,-12.5,3046.13,12024.71,0.253322
2019,13,25.5,-11.5,2858.83,12068.26,0.236888
2019,14,25.5,-10.5,4398.28,12108.21,0.363248
2019,15,25.5,-9.5,4926.54,12144.35,0.405665
2019,16,25.5,-8.5,6742.86,12177.52,0.553714
2019,17,25.5,-7.5,6049.14,12206.21,0.495579
2019,18,25.5,-6.5,5945.97,12231.92,0.486103
2019,19,25.5,-5.5,5596.32,12254.0,0.456694
2019,20,26.5,-24.5,31.19,11226.49,0.002779
2019,21,26.5,-23.5,0.0,11311.71,0.0
2019,22,26.5,-22.5,4.87,11394.31,0.000428
2019,23,26.5,-21.5,221.33,11472.68,0.019292
2019,24,26.5,-20.5,97.96,11547.4,0.008483
2019,25,26.5,-19.5,363.58,11620.05,0.031289
2019,26,26.5,-18.5,519.66,11688.41,0.04446
2019,27,26.5,-17.5,1119.29,11753.27,0.095232
2019,28,26.5,-16.5,743.68,11814.61,0.062946
2019,29,26.5,-15.5,3365.49,11871.57,0.283491
2019,30,26.5,-14.5,6609.12,11926.46,0.554156
2019,31,26.5,-13.5,4331.94,11977.59,0.36167
2019,32,26.5,-12.5,2314.15,12024.5,0.192453
2019,33,26.5,-11.5,3563.88,12068.05,0.295315
2019,34,26.5,-10.5,5332.75,12108.0,0.440432
2019,35,26.5,-9.5,5464.93,12144.14,0.450006
2019,36,26.5,-8.5,3824.89,12177.3,0.3141
2019,37,26.5,-7.5,5915.26,12206.0,0.484619
2019,38,26.5,-6.5,7909.75,12231.7,0.64666
2019,39,26.5,-5.5,6385.68,12253.78,0.521119
2019,40,27.5,-24.5,645.89,11226.89,0.05753
2019,41,27.5,-23.5,60.56,11312.11,0.005354
2019,42,27.5,-22.5,0.23,11394.71,2e-05
2019,43,27.5,-21.5,4.64,11473.08,0.000404
2019,44,27.5,-20.5,8.9,11547.4,0.000771
2019,45,27.5,-19.5,643.32,11620.45,0.055361
2019,46,27.5,-18.5,1543.44,11688.82,0.132044
2019,47,27.5,-17.5,966.01,11753.68,0.082188
2019,48,27.5,-16.5,642.18,11815.02,0.054353
2019,49,27.5,-15.5,2784.85,11871.57,0.234582
2019,50,27.5,-14.5,3315.85,11926.88,0.278014
2019,51,27.5,-13.5,5064.37,11978.0,0.422806
2019,52,27.5,-12.5,2820.96,12024.93,0.234593
2019,53,27.5,-11.5,4465.66,12067.21,0.370066
2019,54,27.5,-10.5,5980.96,12108.43,0.49395
2019,55,27.5,-9.5,5113.39,12144.56,0.421044
2019,56,27.5,-8.5,3334.32,12177.73,0.273805
2019,57,27.5,-7.5,7947.35,12206.42,0.651079
2019,58,27.5,-6.5,8291.34,12230.84,0.677904
2019,59,27.5,-5.5,3165.65,12254.21,0.258332
2019,60,28.5,-24.5,400.11,11226.5,0.03564
2019,61,28.5,-23.5,13.12,11311.71,0.00116
2019,62,28.5,-22.5,0.23,11394.31,2e-05
2019,63,28.5,-21.5,1.39,11472.68,0.000121
2019,64,28.5,-20.5,257.57,11547.6,0.022305
2019,65,28.5,-19.5,568.51,11620.05,0.048925
2019,66,28.5,-18.5,143.96,11688.41,0.012316
2019,67,28.5,-17.5,815.64,11753.27,0.069397
2019,68,28.5,-16.5,804.7,11814.61,0.068111
2019,69,28.5,-15.5,1510.97,11871.78,0.127274
2019,70,28.5,-14.5,2898.44,11926.46,0.243026
2019,71,28.5,-13.5,2903.57,11977.59,0.242417
2019,72,28.5,-12.5,3101.93,12024.5,0.257967
2019,73,28.5,-11.5,5958.13,12068.05,0.493712
2019,74,28.5,-10.5,7167.14,12108.0,0.591935
2019,75,28.5,-9.5,2814.86,12144.13,0.231787
2019,76,28.5,-8.5,3249.27,12177.3,0.26683
2019,77,28.5,-7.5,4159.63,12206.0,0.340786
2019,78,28.5,-6.5,2568.09,12231.7,0.209953
2019,79,28.5,-5.5,2128.77,12253.79,0.173724
2019,80,29.5,-24.5,377.29,11226.69,0.033607
2019,81,29.5,-23.5,64.76,11311.91,0.005725
2019,82,29.5,-22.5,0.23,11394.51,2e-05
2019,83,29.5,-21.5,2.32,11472.88,0.000202
2019,84,29.5,-20.5,45.78,11547.4,0.003965
2019,85,29.5,-19.5,424.77,11620.25,0.036554
2019,86,29.5,-18.5,432.41,11688.61,0.036994
2019,87,29.5,-17.5,976.74,11753.47,0.083102
2019,88,29.5,-16.5,3106.46,11814.81,0.262929
2019,89,29.5,-15.5,2893.61,11871.57,0.243743
2019,90,29.5,-14.5,3853.15,11926.67,0.32307
2019,91,29.5,-13.5,2385.21,11977.8,0.199136
2019,92,29.5,-12.5,4642.63,12024.71,0.38609
2019,93,29.5,-11.5,5473.35,12067.2,0.453572
2019,94,29.5,-10.5,8192.77,12108.21,0.676629
2019,95,29.5,-9.5,7463.21,12144.35,0.614541
2019,96,29.5,-8.5,3533.02,12177.52,0.290126
2019,97,29.5,-7.5,2864.2,12206.21,0.234651
2019,98,29.5,-6.5,1109.21,12230.84,0.09069
2019,99,29.5,-5.5,404.75,12254.0,0.03303
2019,100,30.5,-24.5,647.33,11226.69,0.05766
2019,101,30.5,-23.5,161.14,11311.91,0.014245
2019,102,30.5,-22.5,23.61,11394.51,0.002072
2019,103,30.5,-21.5,0.0,11472.88,0.0
2019,104,30.5,-20.5,28.0,11547.6,0.002425
2019,105,30.5,-19.5,462.08,11620.25,0.039765
2019,106,30.5,-18.5,2190.57,11688.61,0.187411
2019,107,30.5,-17.5,3514.16,11753.47,0.298989
2019,108,30.5,-16.5,2263.2,11814.82,0.191556
2019,109,30.5,-15.5,2737.71,11871.78,0.230607
2019,110,30.5,-14.5,3997.5,11926.68,0.335173
2019,111,30.5,-13.5,3854.96,11977.8,0.321842
2019,112,30.5,-12.5,4929.6,12024.71,0.409955
2019,113,30.5,-11.5,5426.29,12068.26,0.449633
2019,114,30.5,-10.5,5555.95,12108.21,0.458858
2019,115,30.5,-9.5,4643.03,12144.35,0.38232
2019,116,30.5,-8.5,4320.86,12177.52,0.354822
2019,117,30.5,-7.5,1815.33,12206.21,0.148722
2019,118,30.5,-6.5,1968.08,12231.92,0.160897
2019,119,30.5,-5.5,2263.03,12254.0,0.184676
2019,120,31.5,-24.5,303.13,11226.69,0.027001
2019,121,31.5,-23.5,56.01,11311.91,0.004951
2019,122,31.5,-22.5,235.28,11394.51,0.020649
2019,123,31.5,-21.5,34.7,11472.88,0.003025
2019,124,31.5,-20.5,51.37,11547.6,0.004449
2019,125,31.5,-19.5,177.53,11620.25,0.015278
2019,126,31.5,-18.5,1481.76,11688.61,0.12677
2019,127,31.5,-17.5,1367.64,11753.47,0.116361
2019,128,31.5,-16.5,1558.14,11814.81,0.13188
2019,129,31.5,-15.5,1993.08,11871.78,0.167884
2019,130,31.5,-14.5,1306.73,11926.67,0.109563
2019,131,31.5,-13.5,3651.14,11977.79,0.304825
2019,132,31.5,-12.5,3480.5,12024.71,0.289446
2019,133,31.5,-11.5,5711.73,12067.42,0.473318
2019,134,31.5,-10.5,5889.41,12108.21,0.486398
2019,135,31.5,-9.5,2928.27,12144.35,0.241122
2019,136,31.5,-8.5,892.46,12177.52,0.073287
2019,137,31.5,-7.5,1895.93,12206.21,0.155325
2019,138,31.5,-6.5,4463.11,12231.05,0.3649
2019,139,31.5,-5.5,4285.16,12254.0,0.349695
2019,140,32.5,-24.5,205.35,11226.69,0.018291
2019,141,32.5,-23.5,402.63,11311.91,0.035593
2019,142,32.5,-22.5,1339.89,11394.51,0.117591
2019,143,32.5,-21.5,1057.71,11472.88,0.092192
2019,144,32.5,-20.5,518.13,11548.4,0.044866
2019,145,32.5,-19.5,248.9,11620.25,0.02142
2019,146,32.5,-18.5,427.83,11688.61,0.036602
2019,147,32.5,-17.5,243.65,11753.47,0.02073
2019,148,32.5,-16.5,1773.07,11814.82,0.150072
2019,149,32.5,-15.5,2138.72,11872.62,0.180139
2019,150,32.5,-14.5,1634.79,11926.67,0.13707
2019,151,32.5,-13.5,1097.45,11977.79,0.091624
2019,152,32.5,-12.5,3583.83,12024.71,0.298038
2019,153,32.5,-11.5,3351.01,12068.26,0.277672
2019,154,32.5,-10.5,2621.78,12108.21,0.216529
2019,155,32.5,-9.5,2761.95,12144.35,0.227426
2019,156,32.5,-8.5,267.1,12177.52,0.021934
2019,157,32.5,-7.5,4718.71,12206.21,0.386583
2019,158,32.5,-6.5,4538.16,12231.92,0.37101
2019,159,32.5,-5.5,2313.54,12254.0,0.188799
2019,160,33.5,-24.5,221.0,11226.69,0.019686
2019,161,33.5,-23.5,443.51,11311.91,0.039208
2019,162,33.5,-22.5,1105.64,11394.51,0.097033
2019,163,33.5,-21.5,859.33,11472.88,0.074901
2019,164,33.5,-20.5,2491.2,11547.6,0.215733
2019,165,33.5,-19.5,2233.45,11620.25,0.192203
2019,166,33.5,-18.5,5709.21,11688.61,0.488442
2019,167,33.5,-17.5,5264.06,11753.47,0.447872
2019,168,33.5,-16.5,1617.43,11814.82,0.136898
2019,169,33.5,-15.5,3668.59,11871.78,0.309018
2019,170,33.5,-14.5,1402.72,11926.67,0.117612
2019,171,33.5,-13.5,147.27,11977.8,0.012295
2019,172,33.5,-12.5,567.77,12024.71,0.047217
2019,173,33.5,-11.5,928.2,12068.26,0.076912
2019,174,33.5,-10.5,2743.97,12108.21,0.22662
2019,175,33.5,-9.5,506.65,12144.35,0.041719
2019,176,33.5,-8.5,620.69,12177.52,0.05097
2019,177,33.5,-7.5,1899.8,12206.21,0.155642
2019,178,33.5,-6.5,2774.05,12231.92,0.226788
2019,179,33.5,-5.5,143.66,12254.0,0.011724
2019,180,34.5,-24.5,233.63,11226.69,0.02081
2019,181,34.5,-23.5,1266.36,11311.91,0.11195
2019,182,34.5,-22.5,524.57,11394.51,0.046037
2019,183,34.5,-21.5,1696.74,11472.88,0.147891
2019,184,34.5,-20.5,2652.97,11547.19,0.229751
2019,185,34.5,-19.5,3152.25,11620.25,0.271273
2019,186,34.5,-18.5,3865.04,11688.61,0.330667
2019,187,34.5,-17.5,3782.92,11753.47,0.321856
2019,188,34.5,-16.5,1404.54,11814.81,0.11888
2019,189,34.5,-15.5,2184.47,11871.36,0.184012
2019,190,34.5,-14.5,260.84,11926.67,0.021871
2019,191,34.5,-13.5,263.17,11977.79,0.021972
2019,192,34.5,-12.5,565.14,12024.71,0.046998
2019,193,34.5,-11.5,174.05,12066.99,0.014423
2019,194,34.5,-10.5,586.87,12108.21,0.048469
2019,195,34.5,-9.5,589.24,12144.35,0.048519
2019,196,34.5,-8.5,1526.97,12177.52,0.125393
2019,197,34.5,-7.5,6773.52,12206.21,0.554924
2019,198,34.5,-6.5,4040.48,12230.62,0.330358
2019,199,34.5,-5.5,161.97,12254.0,0.013218
2019,200,35.5,-24.5,30.5,11226.5,0.002717
2019,201,35.5,-23.5,177.4,11311.71,0.015683
2019,202,35.5,-22.5,230.47,11394.31,0.020227
2019,203,35.5,-21.5,209.0,11472.68,0.018218
2019,204,35.5,-20.5,2.56,11547.6,0.000221
2019,205,35.5,-19.5,1978.16,11620.05,0.170237
2019,206,35.5,-18.5,2518.26,11688.41,0.215449
2019,207,35.5,-17.5,3402.95,11753.27,0.289532
2019,208,35.5,-16.5,3758.72,11814.61,0.318142
2019,209,35.5,-15.5,509.6,11871.78,0.042925
2019,210,35.5,-14.5,771.8,11926.46,0.064713
2019,211,35.5,-13.5,764.54,11977.58,0.063831
2019,212,35.5,-12.5,2308.33,12024.5,0.191969
2019,213,35.5,-11.5,3953.47,12068.05,0.327598
2019,214,35.5,-10.5,1509.36,12108.0,0.124658
2019,215,35.5,-9.5,683.81,12144.14,0.056308
2019,216,35.5,-8.5,321.04,12177.3,0.026364
2019,217,35.5,-7.5,270.79,12206.0,0.022185
2019,218,35.5,-6.5,3.5,12231.7,0.000286
2019,219,35.5,-5.5,125.28,12253.78,0.010223
2019,220,36.5,-24.5,0.0,11226.89,0.0
2019,221,36.5,-23.5,0.0,11312.11,0.0
2019,222,36.5,-22.5,0.0,11394.71,0.0
2019,223,36.5,-21.5,0.0,11473.08,0.0
2019,224,36.5,-20.5,0.0,11547.4,0.0
2019,225,36.5,-19.5,0.0,11620.45,0.0
2019,226,36.5,-18.5,1334.87,11688.82,0.114201
2019,227,36.5,-17.5,3378.79,11753.68,0.287466
2019,228,36.5,-16.5,6550.02,11815.02,0.554381
2019,229,36.5,-15.5,5250.07,11871.57,0.442239
2019,230,36.5,-14.5,2365.85,11926.88,0.198363
2019,231,36.5,-13.5,2096.02,11978.0,0.174989
2019,232,36.5,-12.5,3744.36,12024.93,0.311383
2019,233,36.5,-11.5,3891.72,12067.21,0.322503
2019,234,36.5,-10.5,1246.51,12108.43,0.102946
2019,235,36.5,-9.5,1863.25,12144.56,0.153423
2019,236,36.5,-8.5,784.3,12177.73,0.064404
2019,237,36.5,-7.5,507.46,12206.42,0.041573
2019,238,36.5,-6.5,91.88,12230.84,0.007512
2019,239,36.5,-5.5,7.42,12254.21,0.000605
2019,240,37.5,-24.5,0.0,11226.69,0.0
2019,241,37.5,-23.5,0.0,11311.91,0.0
2019,242,37.5,-22.5,0.0,11394.51,0.0
2019,243,37.5,-21.5,0.0,11472.88,0.0
2019,244,37.5,-20.5,0.0,11547.4,0.0
2019,245,37.5,-19.5,0.0,11620.25,0.0
2019,246,37.5,-18.5,0.0,11688.61,0.0
2019,247,37.5,-17.5,1377.46,11753.47,0.117196
2019,248,37.5,-16.5,3368.1,11814.81,0.285075
2019,249,37.5,-15.5,3777.84,11871.57,0.318226
2019,250,37.5,-14.5,3694.9,11926.67,0.309802
2019,251,37.5,-13.5,2177.0,11977.79,0.181753
2019,252,37.5,-12.5,5894.77,12024.71,0.490222
2019,253,37.5,-11.5,5238.86,12068.26,0.434102
2019,254,37.5,-10.5,1775.13,12108.21,0.146606
2019,255,37.5,-9.5,2742.34,12144.35,0.225812
2019,256,37.5,-8.5,3190.51,12177.52,0.262
2019,257,37.5,-7.5,1030.62,12206.21,0.084434
2019,258,37.5,-6.5,87.02,12231.92,0.007114
2019,259,37.5,-5.5,17.79,12254.0,0.001452
2019,260,38.5,-24.5,0.0,11226.69,0.0
2019,261,38.5,-23.5,0.0,11311.91,0.0
2019,262,38.5,-22.5,0.0,11394.51,0.0
2019,263,38.5,-21.5,0.0,11472.88,0.0
2019,264,38.5,-20.5,0.0,11547.6,0.0
2019,265,38.5,-19.5,0.0,11620.25,0.0
2019,266,38.5,-18.5,0.0,11688.61,0.0
2019,267,38.5,-17.5,225.86,11753.47,0.019217
2019,268,38.5,-16.5,5648.38,11814.82,0.478076
2019,269,38.5,-15.5,6210.66,11871.78,0.523145
2019,270,38.5,-14.5,5595.22,11926.67,0.469135
2019,271,38.5,-13.5,4503.78,11977.8,0.376011
2019,272,38.5,-12.5,5581.15,12024.71,0.46414
2019,273,38.5,-11.5,5440.22,12067.42,0.450819
2019,274,38.5,-10.5,2626.29,12108.21,0.216902
2019,275,38.5,-9.5,5584.61,12144.35,0.459853
2019,276,38.5,-8.5,4084.53,12177.52,0.335416
2019,277,38.5,-7.5,762.65,12206.21,0.06248
2019,278,38.5,-6.5,188.7,12231.05,0.015428
2019,279,38.5,-5.5,533.76,12254.0,0.043558
2019,280,39.5,-24.5,0.0,11226.69,0.0
2019,281,39.5,-23.5,0.0,11311.91,0.0
2019,282,39.5,-22.5,0.0,11394.51,0.0
2019,283,39.5,-21.5,0.0,11472.88,0.0
2019,284,39.5,-20.5,0.0,11548.4,0.0
2019,285,39.5,-19.5,0.0,11620.25,0.0
2019,286,39.5,-18.5,0.0,11688.61,0.0
2019,287,39.5,-17.5,0.0,11753.47,0.0
2019,288,39.5,-16.5,2473.68,11814.81,0.209371
2019,289,39.5,-15.5,3096.11,11872.62,0.260778
2019,290,39.5,-14.5,3866.46,11926.67,0.324186
2019,291,39.5,-13.5,3495.84,11977.8,0.29186
2019,292,39.5,-12.5,1747.63,12024.71,0.145337
2019,293,39.5,-11.5,2130.56,12068.26,0.176542
2019,294,39.5,-10.5,652.64,12108.21,0.0539
2019,295,39.5,-9.5,698.43,12144.35,0.05751
2019,296,39.5,-8.5,180.69,12177.52,0.014838
2019,297,39.5,-7.5,18.62,12206.21,0.001525
2019,298,39.5,-6.5,14.13,12231.92,0.001156
2019,299,39.5,-5.5,1.96,12254.0,0.00016
2020,0,25.5,-24.5,0.45,11226.69,4e-05
2020,1,25.5,-23.5,59.83,11311.91,0.005289
2020,2,25.5,-22.5,222.12,11394.51,0.019493
2020,3,25.5,-21.5,0.0,11472.88,0.0
2020,4,25.5,-20.5,146.8,11548.4,0.012712
2020,5,25.5,-19.5,1246.37,11620.25,0.107258
2020,6,25.5,-18.5,1903.83,11688.61,0.162879
2020,7,25.5,-17.5,1308.11,11753.47,0.111296
2020,8,25.5,-16.5,6476.79,11814.81,0.548192
2020,9,25.5,-15.5,6944.54,11872.62,0.584921
2020,10,25.5,-14.5,6493.54,11926.67,0.544455
2020,11,25.5,-13.5,3011.54,11977.79,0.251427
2020,12,25.5,-12.5,3099.68,12024.71,0.257776
2020,13,25.5,-11.5,2059.08,12068.26,0.170619
2020,14,25.5,-10.5,4193.59,12108.21,0.346342
2020,15,25.5,-9.5,3958.17,12144.35,0.325927
2020,16,25.5,-8.5,6623.17,12177.52,0.543885
2020,17,25.5,-7.5,5610.18,12206.21,0.459617
2020,18,25.5,-6.5,5457.88,12231.92,0.4462
2020,19,25.5,-5.5,6093.26,12254.0,0.497246
2020,20,26.5,-24.5,126.3,11226.49,0.01125
2020,21,26.5,-23.5,28.49,11311.71,0.002518
2020,22,26.5,-22.5,0.92,11394.31,8.1e-05
2020,23,26.5,-21.5,3.47,11472.68,0.000303
2020,24,26.5,-20.5,35.69,11547.4,0.003091
2020,25,26.5,-19.5,0.36,11620.05,3.1e-05
2020,26,26.5,-18.5,273.01,11688.41,0.023357
2020,27,26.5,-17.5,264.61,11753.27,0.022513
2020,28,26.5,-16.5,458.72,11814.61,0.038827
2020,29,26.5,-15.5,3090.95,11871.57,0.260366
2020,30,26.5,-14.5,6184.09,11926.46,0.518518
2020,31,26.5,-13.5,3360.72,11977.59,0.280584
2020,32,26.5,-12.5,2078.69,12024.5,0.172871
2020,33,26.5,-11.5,2892.13,12068.05,0.239651
2020,34,26.5,-10.5,4800.64,12108.0,0.396485
2020,35,26.5,-9.5,4378.08,12144.14,0.36051
2020,36,26.5,-8.5,3403.97,12177.3,0.279534
2020,37,26.5,-7.5,4906.64,12206.0,0.401986
2020,38,26.5,-6.5,6150.57,12231.7,0.502838
2020,39,26.5,-5.5,5022.12,12253.78,0.409842
2020,40,27.5,-24.5,228.35,11226.89,0.02034
2020,41,27.5,-23.5,0.46,11312.11,4e-05
2020,42,27.5,-22.5,0.0,11394.71,0.0
2020,43,27.5,-21.5,2.55,11473.08,0.000222
2020,44,27.5,-20.5,0.0,11547.4,0.0
2020,45,27.5,-19.5,169.3,11620.45,0.01457
2020,46,27.5,-18.5,183.85,11688.82,0.015728
2020,47,27.5,-17.5,196.27,11753.68,0.016699
2020,48,27.5,-16.5,406.97,11815.02,0.034445
2020,49,27.5,-15.5,1677.69,11871.57,0.14132
2020,50,27.5,-14.5,2730.84,11926.88,0.228965
2020,51,27.5,-13.5,4336.42,11978.0,0.362032
2020,52,27.5,-12.5,2600.94,12024.93,0.216296
2020,53,27.5,-11.5,4081.05,12067.21,0.338194
2020,54,27.5,-10.5,5540.97,12108.43,0.457613
2020,55,27.5,-9.5,4434.14,12144.56,0.365113
2020,56,27.5,-8.5,3196.16,12177.73,0.26246
2020,57,27.5,-7.5,6115.07,12206.42,0.500972
2020,58,27.5,-6.5,6281.26,12230.84,0.513559
2020,59,27.5,-5.5,2905.73,12254.21,0.237121
2020,60,28.5,-24.5,122.5,11226.5,0.010912
2020,61,28.5,-23.5,32.32,11311.71,0.002857
2020,62,28.5,-22.5,0.0,11394.31,0.0
2020,63,28.5,-21.5,64.87,11472.68,0.005655
2020,64,28.5,-20.5,3.73,11547.6,0.000323
2020,65,28.5,-19.5,18.78,11620.05,0.001616
2020,66,28.5,-18.5,25.51,11688.41,0.002182
2020,67,28.5,-17.5,264.16,11753.27,0.022475
2020,68,28.5,-16.5,501.07,11814.61,0.042411
2020,69,28.5,-15.5,1250.93,11871.78,0.10537
2020,70,28.5,-14.5,2031.2,11926.46,0.17031
2020,71,28.5,-13.5,2679.1,11977.59,0.223676
2020,72,28.5,-12.5,3447.85,12024.5,0.286735
2020,73,28.5,-11.5,5827.92,12068.05,0.482921
2020,74,28.5,-10.5,6814.42,12108.0,0.562803
2020,75,28.5,-9.5,3148.11,12144.13,0.259228
2020,76,28.5,-8.5,3536.21,12177.3,0.290393
2020,77,28.5,-7.5,3910.65,12206.0,0.320388
2020,78,28.5,-6.5,2421.84,12231.7,0.197997
2020,79,28.5,-5.5,2193.94,12253.79,0.179042
2020,80,29.5,-24.5,337.33,11226.69,0.030047
2020,81,29.5,-23.5,24.91,11311.91,0.002202
2020,82,29.5,-22.5,3.44,11394.51,0.000302
2020,83,29.5,-21.5,12.5,11472.88,0.001089
2020,84,29.5,-20.5,9.82,11547.4,0.00085
2020,85,29.5,-19.5,25.12,11620.25,0.002161
2020,86,29.5,-18.5,88.21,11688.61,0.007547
2020,87,29.5,-17.5,184.31,11753.47,0.015681
2020,88,29.5,-16.5,2105.88,11814.81,0.178241
2020,89,29.5,-15.5,1603.87,11871.57,0.135102
2020,90,29.5,-14.5,3278.31,11926.67,0.274872
2020,91,29.5,-13.5,2785.37,11977.8,0.232545
2020,92,29.5,-12.5,5048.21,12024.71,0.419819
2020,93,29.5,-11.5,4626.19,12067.2,0.383368
2020,94,29.5,-10.5,8311.61,12108.21,0.686444
2020,95,29.5,-9.5,7270.56,12144.35,0.598679
2020,96,29.5,-8.5,3931.18,12177.52,0.322823
2020,97,29.5,-7.5,3395.83,12206.21,0.278205
2020,98,29.5,-6.5,1460.99,12230.84,0.119452
2020,99,29.5,-5.5,448.55,12254.0,0.036604
2020,100,30.5,-24.5,464.48,11226.69,0.041373
2020,101,30.5,-23.5,162.25,11311.91,0.014344
2020,102,30.5,-22.5,2.52,11394.51,0.000221
2020,103,30.5,-21.5,3.24,11472.88,0.000283
2020,104,30.5,-20.5,17.5,11547.6,0.001516
2020,105,30.5,-19.5,78.96,11620.25,0.006795
2020,106,30.5,-18.5,531.25,11688.61,0.04545
2020,107,30.5,-17.5,1848.28,11753.47,0.157254
2020,108,30.5,-16.5,767.86,11814.82,0.064991
2020,109,30.5,-15.5,1553.0,11871.78,0.130814
2020,110,30.5,-14.5,2685.33,11926.68,0.225154
2020,111,30.5,-13.5,4846.29,11977.8,0.404606
2020,112,30.5,-12.5,5926.01,12024.71,0.492819
2020,113,30.5,-11.5,4510.02,12068.26,0.373709
2020,114,30.5,-10.5,5208.88,12108.21,0.430194
2020,115,30.5,-9.5,5199.95,12144.35,0.428178
2020,116,30.5,-8.5,4499.35,12177.52,0.36948
2020,117,30.5,-7.5,1637.5,12206.21,0.134153
2020,118,30.5,-6.5,1390.07,12231.92,0.113643
2020,119,30.5,-5.5,1585.73,12254.0,0.129405
2020,120,31.5,-24.5,556.44,11226.69,0.049564
2020,121,31.5,-23.5,55.03,11311.91,0.004865
2020,122,31.5,-22.5,0.46,11394.51,4e-05
2020,123,31.5,-21.5,28.08,11472.88,0.002447
2020,124,31.5,-20.5,6.77,11547.6,0.000586
2020,125,31.5,-19.5,57.13,11620.25,0.004917
2020,126,31.5,-18.5,384.09,11688.61,0.03286
2020,127,31.5,-17.5,801.07,11753.47,0.068156
2020,128,31.5,-16.5,865.27,11814.81,0.073236
2020,129,31.5,-15.5,1099.68,11871.78,0.09263
2020,130,31.5,-14.5,617.2,11926.67,0.051749
2020,131,31.5,-13.5,3420.62,11977.79,0.28558
2020,132,31.5,-12.5,3506.87,12024.71,0.291638
2020,133,31.5,-11.5,6312.05,12067.42,0.523065
2020,134,31.5,-10.5,5025.31,12108.21,0.415033
2020,135,31.5,-9.5,2749.79,12144.35,0.226426
2020,136,31.5,-8.5,829.64,12177.52,0.068129
2020,137,31.5,-7.5,1619.47,12206.21,0.132676
2020,138,31.5,-6.5,3505.78,12231.05,0.286629
2020,139,31.5,-5.5,2990.15,12254.0,0.244014
2020,140,32.5,-24.5,348.3,11226.69,0.031025
2020,141,32.5,-23.5,0.46,11311.91,4e-05
2020,142,32.5,-22.5,20.03,11394.51,0.001758
2020,143,32.5,-21.5,235.31,11472.88,0.02051
2020,144,32.5,-20.5,502.69,11548.4,0.043529
2020,145,32.5,-19.5,140.82,11620.25,0.012118
2020,146,32.5,-18.5,196.66,11688.61,0.016825
2020,147,32.5,-17.5,52.91,11753.47,0.004501
2020,148,32.5,-16.5,859.36,11814.82,0.072736
2020,149,32.5,-15.5,1206.16,11872.62,0.101592
2020,150,32.5,-14.5,1214.12,11926.67,0.101799
2020,151,32.5,-13.5,442.67,11977.79,0.036957
2020,152,32.5,-12.5,2442.0,12024.71,0.203082
2020,153,32.5,-11.5,4048.71,12068.26,0.335484
2020,154,32.5,-10.5,2502.13,12108.21,0.206647
2020,155,32.5,-9.5,2400.92,12144.35,0.197698
2020,156,32.5,-8.5,67.43,12177.52,0.005537
2020,157,32.5,-7.5,4397.39,12206.21,0.360258
2020,158,32.5,-6.5,4041.13,12231.92,0.330376
2020,159,32.5,-5.5,1577.38,12254.0,0.128724
2020,160,33.5,-24.5,225.8,11226.69,0.020113
2020,161,33.5,-23.5,119.39,11311.91,0.010555
2020,162,33.5,-22.5,267.94,11394.51,0.023515
2020,163,33.5,-21.5,291.43,11472.88,0.025401
2020,164,33.5,-20.5,2449.28,11547.6,0.212103
2020,165,33.5,-19.5,2287.02,11620.25,0.196814
2020,166,33.5,-18.5,5730.98,11688.61,0.490304
2020,167,33.5,-17.5,4601.65,11753.47,0.391514
2020,168,33.5,-16.5,750.67,11814.82,0.063536
2020,169,33.5,-15.5,3044.43,11871.78,0.256443
2020,170,33.5,-14.5,1062.67,11926.67,0.089101
2020,171,33.5,-13.5,239.58,11977.8,0.020002
2020,172,33.5,-12.5,655.57,12024.71,0.054519
2020,173,33.5,-11.5,600.05,12068.26,0.049722
2020,174,33.5,-10.5,2213.81,12108.21,0.182835
2020,175,33.5,-9.5,505.56,12144.35,0.041629
2020,176,33.5,-8.5,371.22,12177.52,0.030484
2020,177,33.5,-7.5,1670.08,12206.21,0.136822
2020,178,33.5,-6.5,2356.54,12231.92,0.192655
2020,179,33.5,-5.5,36.82,12254.0,0.003005
2020,180,34.5,-24.5,44.19,11226.69,0.003936
2020,181,34.5,-23.5,390.08,11311.91,0.034484
2020,182,34.5,-22.5,63.14,11394.51,0.005541
2020,183,34.5,-21.5,742.04,11472.88,0.064677
2020,184,34.5,-20.5,1759.13,11547.19,0.152343
2020,185,34.5,-19.5,3039.72,11620.25,0.261588
2020,186,34.5,-18.5,3659.83,11688.61,0.313111
2020,187,34.5,-17.5,4044.27,11753.47,0.344092
2020,188,34.5,-16.5,1601.45,11814.81,0.135546
2020,189,34.5,-15.5,2742.62,11871.36,0.231028
2020,190,34.5,-14.5,336.9,11926.67,0.028247
2020,191,34.5,-13.5,337.3,11977.79,0.028161
2020,192,34.5,-12.5,603.53,12024.71,0.05019
2020,193,34.5,-11.5,97.28,12066.99,0.008062
2020,194,34.5,-10.5,504.76,12108.21,0.041687
2020,195,34.5,-9.5,472.08,12144.35,0.038873
2020,196,34.5,-8.5,1043.77,12177.52,0.085713
2020,197,34.5,-7.5,6640.03,12206.21,0.543988
2020,198,34.5,-6.5,3237.03,12230.62,0.264666
2020,199,34.5,-5.5,107.71,12254.0,0.00879
2020,200,35.5,-24.5,0.0,11226.5,0.0
2020,201,35.5,-23.5,87.16,11311.71,0.007706
2020,202,35.5,-22.5,242.33,11394.31,0.021267
2020,203,35.5,-21.5,120.2,11472.68,0.010477
2020,204,35.5,-20.5,1.39,11547.6,0.000121
2020,205,35.5,-19.5,1325.55,11620.05,0.114074
2020,206,35.5,-18.5,3321.95,11688.41,0.284209
2020,207,35.5,-17.5,4001.38,11753.27,0.340448
2020,208,35.5,-16.5,3870.71,11814.61,0.32762
2020,209,35.5,-15.5,563.84,11871.78,0.047494
2020,210,35.5,-14.5,699.54,11926.46,0.058654
2020,211,35.5,-13.5,863.99,11977.58,0.072134
2020,212,35.5,-12.5,2133.15,12024.5,0.1774
2020,213,35.5,-11.5,2992.53,12068.05,0.247971
2020,214,35.5,-10.5,1300.9,12108.0,0.107441
2020,215,35.5,-9.5,964.37,12144.14,0.07941
2020,216,35.5,-8.5,487.87,12177.3,0.040063
2020,217,35.5,-7.5,618.42,12206.0,0.050665
2020,218,35.5,-6.5,241.78,12231.7,0.019767
2020,219,35.5,-5.5,192.64,12253.78,0.015721
2020,220,36.5,-24.5,0.0,11226.89,0.0
2020,221,36.5,-23.5,0.0,11312.11,0.0
2020,222,36.5,-22.5,0.0,11394.71,0.0
2020,223,36.5,-21.5,0.0,11473.08,0.0
2020,224,36.5,-20.5,0.0,11547.4,0.0
2020,225,36.5,-19.5,0.0,11620.45,0.0
2020,226,36.5,-18.5,1385.41,11688.82,0.118525
2020,227,36.5,-17.5,3751.39,11753.68,0.319167
2020,228,36.5,-16.5,6920.98,11815.02,0.585778
2020,229,36.5,-15.5,3593.99,11871.57,0.302739
2020,230,36.5,-14.5,1912.23,11926.88,0.160329
2020,231,36.5,-13.5,3723.49,11978.0,0.31086
2020,232,36.5,-12.5,4606.69,12024.93,0.383095
2020,233,36.5,-11.5,3663.98,12067.21,0.303631
2020,234,36.5,-10.5,1002.27,12108.43,0.082774
2020,235,36.5,-9.5,553.54,12144.56,0.045579
2020,236,36.5,-8.5,941.95,12177.73,0.07735
2020,237,36.5,-7.5,1061.26,12206.42,0.086943
2020,238,36.5,-6.5,399.65,12230.84,0.032676
2020,239,36.5,-5.5,131.54,12254.21,0.010734
2020,240,37.5,-24.5,0.0,11226.69,0.0
2020,241,37.5,-23.5,0.0,11311.91,0.0
2020,242,37.5,-22.5,0.0,11394.51,0.0
2020,243,37.5,-21.5,0.0,11472.88,0.0
2020,244,37.5,-20.5,0.0,11547.4,0.0
2020,245,37.5,-19.5,0.0,11620.25,0.0
2020,246,37.5,-18.5,0.0,11688.61,0.0
2020,247,37.5,-17.5,1930.97,11753.47,0.164289
2020,248,37.5,-16.5,4661.09,11814.81,0.394512
2020,249,37.5,-15.5,3401.94,11871.57,0.286562
2020,250,37.5,-14.5,3152.67,11926.67,0.264338
2020,251,37.5,-13.5,2621.17,11977.79,0.218836
2020,252,37.5,-12.5,5730.63,12024.71,0.476571
2020,253,37.5,-11.5,5189.55,12068.26,0.430016
2020,254,37.5,-10.5,1518.46,12108.21,0.125407
2020,255,37.5,-9.5,1521.35,12144.35,0.125272
2020,256,37.5,-8.5,4389.33,12177.52,0.360445
2020,257,37.5,-7.5,3014.33,12206.21,0.246951
2020,258,37.5,-6.5,365.92,12231.92,0.029915
2020,259,37.5,-5.5,170.11,12254.0,0.013882
2020,260,38.5,-24.5,0.0,11226.69,0.0
2020,261,38.5,-23.5,0.0,11311.91,0.0
2020,262,38.5,-22.5,0.0,11394.51,0.0
2020,263,38.5,-21.5,0.0,11472.88,0.0
2020,264,38.5,-20.5,0.0,11547.6,0.0
2020,265,38.5,-19.5,0.0,11620.25,0.0
2020,266,38.5,-18.5,0.0,11688.61,0.0
2020,267,38.5,-17.5,320.56,11753.47,0.027274
2020,268,38.5,-16.5,6377.18,11814.82,0.539761
2020,269,38.5,-15.5,7018.69,11871.78,0.591208
2020,270,38.5,-14.5,5995.31,11926.67,0.502681
2020,271,38.5,-13.5,4852.16,11977.8,0.405096
2020,272,38.5,-12.5,5032.74,12024.71,0.418533
2020,273,38.5,-11.5,5330.26,12067.42,0.441707
2020,274,38.5,-10.5,1725.76,12108.21,0.142528
2020,275,38.5,-9.5,4373.35,12144.35,0.360114
2020,276,38.5,-8.5,3249.14,12177.52,0.266815
2020,277,38.5,-7.5,1278.76,12206.21,0.104763
2020,278,38.5,-6.5,225.14,12231.05,0.018407
2020,279,38.5,-5.5,207.15,12254.0,0.016904
2020,280,39.5,-24.5,0.0,11226.69,0.0
2020,281,39.5,-23.5,0.0,11311.91,0.0
2020,282,39.5,-22.5,0.0,11394.51,0.0
2020,283,39.5,-21.5,0.0,11472.88,0.0
2020,284,39.5,-20.5,0.0,11548.4,0.0
2020,285,39.5,-19.5,0.0,11620.25,0.0
2020,286,39.5,-18.5,0.0,11688.61,0.0
2020,287,39.5,-17.5,0.0,11753.47,0.0
2020,288,39.5,-16.5,2481.2,11814.81,0.210007
2020,289,39.5,-15.5,4096.07,11872.62,0.345001
2020,290,39.5,-14.5,4535.28,11926.67,0.380264
2020,291,39.5,-13.5,3170.15,11977.8,0.264669
2020,292,39.5,-12.5,1293.79,12024.71,0.107594
2020,293,39.5,-11.5,2173.14,12068.26,0.180071
2020,294,39.5,-10.5,492.67,12108.21,0.040689
2020,295,39.5,-9.5,622.79,12144.35,0.051282
2020,296,39.5,-8.5,337.39,12177.52,0.027706
2020,297,39.5,-7.5,123.34,12206.21,0.010105
2020,298,39.5,-6.5,2.47,12231.92,0.000202
2020,299,39.5,-5.5,0.0,12254.0,0.0
2021,0,25.5,-24.5,10.42,11226.69,0.000928
2021,1,25.5,-23.5,816.64,11311.91,0.072193
2021,2,25.5,-22.5,423.49,11394.51,0.037166
2021,3,25.5,-21.5,13.88,11472.88,0.00121
2021,4,25.5,-20.5,1476.99,11548.4,0.127896
2021,5,25.5,-19.5,867.85,11620.25,0.074684
2021,6,25.5,-18.5,2138.54,11688.61,0.182959
2021,7,25.5,-17.5,2177.34,11753.47,0.185251
2021,8,25.5,-16.5,5026.33,11814.81,0.425426
2021,9,25.5,-15.5,6414.62,11872.62,0.540286
2021,10,25.5,-14.5,6520.98,11926.67,0.546756
2021,11,25.5,-13.5,2924.81,11977.79,0.244186
2021,12,25.5,-12.5,2398.3,12024.71,0.199447
2021,13,25.5,-11.5,2424.28,12068.26,0.200881
2021,14,25.5,-10.5,4477.99,12108.21,0.369831
2021,15,25.5,-9.5,4108.26,12144.35,0.338286
2021,16,25.5,-8.5,6489.19,12177.52,0.532883
2021,17,25.5,-7.5,5868.6,12206.21,0.480788
2021,18,25.5,-6.5,6126.49,12231.92,0.500861
2021,19,25.5,-5.5,5924.93,12254.0,0.48351
2021,20,26.5,-24.5,447.71,11226.49,0.03988
2021,21,26.5,-23.5,395.4,11311.71,0.034955
2021,22,26.5,-22.5,15.39,11394.31,0.001351
2021,23,26.5,-21.5,474.25,11472.68,0.041338
2021,24,26.5,-20.5,360.7,11547.4,0.031236
2021,25,26.5,-19.5,270.21,11620.05,0.023254
2021,26,26.5,-18.5,618.82,11688.41,0.052943
2021,27,26.5,-17.5,1130.34,11753.27,0.096172
2021,28,26.5,-16.5,840.17,11814.61,0.071113
2021,29,26.5,-15.5,2399.7,11871.57,0.202139
2021,30,26.5,-14.5,5320.89,11926.46,0.446141
2021,31,26.5,-13.5,3437.33,11977.59,0.28698
2021,32,26.5,-12.5,2010.29,12024.5,0.167183
2021,33,26.5,-11.5,3271.47,12068.05,0.271085
2021,34,26.5,-10.5,5134.55,12108.0,0.424063
2021,35,26.5,-9.5,4324.26,12144.14,0.356078
2021,36,26.5,-8.5,3565.14,12177.3,0.292769
2021,37,26.5,-7.5,5511.66,12206.0,0.451554
2021,38,26.5,-6.5,6524.65,12231.7,0.533421
2021,39,26.5,-5.5,5648.1,12253.78,0.460927
2021,40,27.5,-24.5,483.69,11226.89,0.043083
2021,41,27.5,-23.5,144.77,11312.11,0.012798
2021,42,27.5,-22.5,252.94,11394.71,0.022198
2021,43,27.5,-21.5,107.07,11473.08,0.009332
2021,44,27.5,-20.5,14.94,11547.4,0.001293
2021,45,27.5,-19.5,110.48,11620.45,0.009507
2021,46,27.5,-18.5,449.98,11688.82,0.038496
2021,47,27.5,-17.5,443.28,11753.68,0.037714
2021,48,27.5,-16.5,637.81,11815.02,0.053983
2021,49,27.5,-15.5,1380.21,11871.57,0.116262
2021,50,27.5,-14.5,1938.54,11926.88,0.162536
2021,51,27.5,-13.5,3397.61,11978.0,0.283654
2021,52,27.5,-12.5,2919.84,12024.93,0.242816
2021,53,27.5,-11.5,4510.98,12067.21,0.373821
2021,54,27.5,-10.5,6416.45,12108.43,0.529916
2021,55,27.5,-9.5,4669.42,12144.56,0.384486
2021,56,27.5,-8.5,3233.82,12177.73,0.265552
2021,57,27.5,-7.5,6640.47,12206.42,0.544015
2021,58,27.5,-6.5,6700.03,12230.84,0.547798
2021,59,27.5,-5.5,2804.37,12254.21,0.22885
2021,60,28.5,-24.5,321.06,11226.5,0.028598
2021,61,28.5,-23.5,233.34,11311.71,0.020628
2021,62,28.5,-22.5,145.3,11394.31,0.012752
2021,63,28.5,-21.5,165.01,11472.68,0.014383
2021,64,28.5,-20.5,249.32,11547.6,0.021591
2021,65,28.5,-19.5,326.12,11620.05,0.028066
2021,66,28.5,-18.5,20.56,11688.41,0.001759
2021,67,28.5,-17.5,565.37,11753.27,0.048104
2021,68,28.5,-16.5,1151.2,11814.61,0.097439
2021,69,28.5,-15.5,1302.51,11871.78,0.109715
2021,70,28.5,-14.5,1973.23,11926.46,0.16545
2021,71,28.5,-13.5,2181.19,11977.59,0.182106
2021,72,28.5,-12.5,3715.26,12024.5,0.308974
2021,73,28.5,-11.5,6145.84,12068.05,0.509266
2021,74,28.5,-10.5,7604.38,12108.0,0.628046
2021,75,28.5,-9.5,2757.34,12144.13,0.227051
2021,76,28.5,-8.5,3249.77,12177.3,0.266871
2021,77,28.5,-7.5,4844.13,12206.0,0.396865
2021,78,28.5,-6.5,2606.85,12231.7,0.213123
2021,79,28.5,-5.5,2162.85,12253.79,0.176504
2021,80,29.5,-24.5,671.54,11226.69,0.059816
2021,81,29.5,-23.5,96.56,11311.91,0.008537
2021,82,29.5,-22.5,25.93,11394.51,0.002276
2021,83,29.5,-21.5,133.59,11472.88,0.011644
2021,84,29.5,-20.5,168.58,11547.4,0.014599
2021,85,29.5,-19.5,716.56,11620.25,0.061665
2021,86,29.5,-18.5,231.57,11688.61,0.019812
2021,87,29.5,-17.5,268.48,11753.47,0.022842
2021,88,29.5,-16.5,2700.23,11814.81,0.228546
2021,89,29.5,-15.5,2012.36,11871.57,0.169511
2021,90,29.5,-14.5,2282.93,11926.67,0.191414
2021,91,29.5,-13.5,2146.84,11977.8,0.179235
2021,92,29.5,-12.5,4887.22,12024.71,0.406431
2021,93,29.5,-11.5,5232.41,12067.2,0.433606
2021,94,29.5,-10.5,8177.12,12108.21,0.675336
2021,95,29.5,-9.5,7818.51,12144.35,0.643798
2021,96,29.5,-8.5,3984.48,12177.52,0.327199
2021,97,29.5,-7.5,3390.33,12206.21,0.277755
2021,98,29.5,-6.5,1056.42,12230.84,0.086373
2021,99,29.5,-5.5,386.24,12254.0,0.031519
2021,100,30.5,-24.5,887.37,11226.69,0.079041
2021,101,30.5,-23.5,858.28,11311.91,0.075874
2021,102,30.5,-22.5,190.99,11394.51,0.016762
2021,103,30.5,-21.5,102.66,11472.88,0.008948
2021,104,30.5,-20.5,55.81,11547.6,0.004833
2021,105,30.5,-19.5,597.6,11620.25,0.051428
2021,106,30.5,-18.5,1425.54,11688.61,0.121959
2021,107,30.5,-17.5,1720.41,11753.47,0.146374
2021,108,30.5,-16.5,1775.13,11814.82,0.150246
2021,109,30.5,-15.5,2112.17,11871.78,0.177915
2021,110,30.5,-14.5,2869.02,11926.68,0.240555
2021,111,30.5,-13.5,3234.09,11977.8,0.270007
2021,112,30.5,-12.5,5059.19,12024.71,0.420733
2021,113,30.5,-11.5,5068.08,12068.26,0.419951
2021,114,30.5,-10.5,5090.24,12108.21,0.420395
2021,115,30.5,-9.5,5099.02,12144.35,0.419868
2021,116,30.5,-8.5,4316.02,12177.52,0.354426
2021,117,30.5,-7.5,1759.06,12206.21,0.144112
2021,118,30.5,-6.5,1395.94,12231.92,0.114122
2021,119,30.5,-5.5,1461.28,12254.0,0.119249
2021,120,31.5,-24.5,1535.8,11226.69,0.136799
2021,121,31.5,-23.5,946.86,11311.91,0.083705
2021,122,31.5,-22.5,739.45,11394.51,0.064895
2021,123,31.5,-21.5,238.07,11472.88,0.02075
2021,124,31.5,-20.5,44.6,11547.6,0.003862
2021,125,31.5,-19.5,120.65,11620.25,0.010382
2021,126,31.5,-18.5,875.54,11688.61,0.074906
2021,127,31.5,-17.5,642.01,11753.47,0.054623
2021,128,31.5,-16.5,1320.39,11814.81,0.111757
2021,129,31.5,-15.5,1678.67,11871.78,0.1414
2021,130,31.5,-14.5,711.73,11926.67,0.059675
2021,131,31.5,-13.5,3234.69,11977.79,0.270057
2021,132,31.5,-12.5,3234.36,12024.71,0.268976
2021,133,31.5,-11.5,5049.17,12067.42,0.418414
2021,134,31.5,-10.5,5018.91,12108.21,0.414504
2021,135,31.5,-9.5,2761.96,12144.35,0.227428
2021,136,31.5,-8.5,832.18,12177.52,0.068337
2021,137,31.5,-7.5,1802.75,12206.21,0.147691
2021,138,31.5,-6.5,3738.79,12231.05,0.30568
2021,139,31.5,-5.5,3219.26,12254.0,0.262711
2021,140,32.5,-24.5,1262.93,11226.69,0.112493
2021,141,32.5,-23.5,865.48,11311.91,0.07651
2021,142,32.5,-22.5,1679.24,11394.51,0.147373
2021,143,32.5,-21.5,1517.79,11472.88,0.132294
2021,144,32.5,-20.5,559.69,11548.4,0.048464
2021,145,32.5,-19.5,102.76,11620.25,0.008843
2021,146,32.5,-18.5,274.25,11688.61,0.023463
2021,147,32.5,-17.5,71.12,11753.47,0.006051
2021,148,32.5,-16.5,1142.83,11814.82,0.096729
2021,149,32.5,-15.5,2062.79,11872.62,0.173743
2021,150,32.5,-14.5,1785.98,11926.67,0.149747
2021,151,32.5,-13.5,682.0,11977.79,0.056939
2021,152,32.5,-12.5,2313.97,12024.71,0.192434
2021,153,32.5,-11.5,3035.36,12068.26,0.251516
2021,154,32.5,-10.5,2187.79,12108.21,0.180687
2021,155,32.5,-9.5,2642.36,12144.35,0.217579
2021,156,32.5,-8.5,66.88,12177.52,0.005492
2021,157,32.5,-7.5,3716.23,12206.21,0.304454
2021,158,32.5,-6.5,3901.11,12231.92,0.318929
2021,159,32.5,-5.5,1472.14,12254.0,0.120135
2021,160,33.5,-24.5,816.69,11226.69,0.072745
2021,161,33.5,-23.5,2008.43,11311.91,0.17755
2021,162,33.5,-22.5,1189.94,11394.51,0.104431
2021,163,33.5,-21.5,947.98,11472.88,0.082628
2021,164,33.5,-20.5,2551.53,11547.6,0.220958
2021,165,33.5,-19.5,1923.31,11620.25,0.165514
2021,166,33.5,-18.5,5022.41,11688.61,0.429684
2021,167,33.5,-17.5,4447.38,11753.47,0.378388
2021,168,33.5,-16.5,1098.09,11814.82,0.092942
2021,169,33.5,-15.5,3126.52,11871.78,0.263358
2021,170,33.5,-14.5,1075.69,11926.67,0.090192
2021,171,33.5,-13.5,106.47,11977.8,0.008889
2021,172,33.5,-12.5,547.22,12024.71,0.045508
2021,173,33.5,-11.5,884.86,12068.26,0.073321
2021,174,33.5,-10.5,2671.52,12108.21,0.220637
2021,175,33.5,-9.5,542.93,12144.35,0.044707
2021,176,33.5,-8.5,363.36,12177.52,0.029838
2021,177,33.5,-7.5,1713.25,12206.21,0.140359
2021,178,33.5,-6.5,1612.96,12231.92,0.131865
2021,179,33.5,-5.5,47.78,12254.0,0.003899
2021,180,34.5,-24.5,512.62,11226.69,0.045661
2021,181,34.5,-23.5,1521.95,11311.91,0.134544
2021,182,34.5,-22.5,222.37,11394.51,0.019516
2021,183,34.5,-21.5,1160.75,11472.88,0.101173
2021,184,34.5,-20.5,1964.98,11547.19,0.17017
2021,185,34.5,-19.5,2595.35,11620.25,0.223347
2021,186,34.5,-18.5,3371.38,11688.61,0.288433
2021,187,34.5,-17.5,3618.3,11753.47,0.307849
2021,188,34.5,-16.5,1239.28,11814.81,0.104892
2021,189,34.5,-15.5,1902.9,11871.36,0.160293
2021,190,34.5,-14.5,162.61,11926.67,0.013634
2021,191,34.5,-13.5,202.68,11977.79,0.016921
2021,192,34.5,-12.5,537.16,12024.71,0.044671
2021,193,34.5,-11.5,179.57,12066.99,0.014881
2021,194,34.5,-10.5,769.46,12108.21,0.063548
2021,195,34.5,-9.5,690.86,12144.35,0.056888
2021,196,34.5,-8.5,1265.64,12177.52,0.103933
2021,197,34.5,-7.5,6431.11,12206.21,0.526872
2021,198,34.5,-6.5,2320.17,12230.62,0.189702
2021,199,34.5,-5.5,160.03,12254.0,0.01306
2021,200,35.5,-24.5,12.63,11226.5,0.001125
2021,201,35.5,-23.5,140.99,11311.71,0.012464
2021,202,35.5,-22.5,146.85,11394.31,0.012888
2021,203,35.5,-21.5,178.87,11472.68,0.015591
2021,204,35.5,-20.5,0.0,11547.6,0.0
2021,205,35.5,-19.5,1510.26,11620.05,0.12997
2021,206,35.5,-18.5,2364.46,11688.41,0.202291
2021,207,35.5,-17.5,3156.73,11753.27,0.268583
2021,208,35.5,-16.5,3190.36,11814.61,0.270036
2021,209,35.5,-15.5,556.8,11871.78,0.046901
2021,210,35.5,-14.5,680.84,11926.46,0.057086
2021,211,35.5,-13.5,877.93,11977.58,0.073298
2021,212,35.5,-12.5,2825.91,12024.5,0.235013
2021,213,35.5,-11.5,3931.56,12068.05,0.325782
2021,214,35.5,-10.5,1240.36,12108.0,0.102441
2021,215,35.5,-9.5,1424.34,12144.14,0.117287
2021,216,35.5,-8.5,1002.68,12177.3,0.08234
2021,217,35.5,-7.5,311.95,12206.0,0.025558
2021,218,35.5,-6.5,55.61,12231.7,0.004546
2021,219,35.5,-5.5,85.23,12253.78,0.006956
2021,220,36.5,-24.5,0.0,11226.89,0.0
2021,221,36.5,-23.5,0.0,11312.11,0.0
2021,222,36.5,-22.5,0.0,11394.71,0.0
2021,223,36.5,-21.5,0.0,11473.08,0.0
2021,224,36.5,-20.5,0.0,11547.4,0.0
2021,225,36.5,-19.5,0.0,11620.45,0.0
2021,226,36.5,-18.5,1532.9,11688.82,0.131142
2021,227,36.5,-17.5,4920.84,11753.68,0.418664
2021,228,36.5,-16.5,6643.59,11815.02,0.5623
2021,229,36.5,-15.5,4046.96,11871.57,0.340895
2021,230,36.5,-14.5,2700.62,11926.88,0.226431
2021,231,36.5,-13.5,3540.45,11978.0,0.295579
2021,232,36.5,-12.5,4106.65,12024.93,0.341512
2021,233,36.5,-11.5,3594.77,12067.21,0.297896
2021,234,36.5,-10.5,738.01,12108.43,0.060951
2021,235,36.5,-9.5,2657.06,12144.56,0.218786
2021,236,36.5,-8.5,1216.91,12177.73,0.099929
2021,237,36.5,-7.5,1330.87,12206.42,0.109031
2021,238,36.5,-6.5,301.12,12230.84,0.02462
2021,239,36.5,-5.5,65.03,12254.21,0.005307
2021,240,37.5,-24.5,0.0,11226.69,0.0
2021,241,37.5,-23.5,0.0,11311.91,0.0
2021,242,37.5,-22.5,0.0,11394.51,0.0
2021,243,37.5,-21.5,0.0,11472.88,0.0
2021,244,37.5,-20.5,0.0,11547.4,0.0
2021,245,37.5,-19.5,0.0,11620.25,0.0
2021,246,37.5,-18.5,0.0,11688.61,0.0
2021,247,37.5,-17.5,2134.0,11753.47,0.181563
2021,248,37.5,-16.5,4604.18,11814.81,0.389695
2021,249,37.5,-15.5,2915.35,11871.57,0.245574
2021,250,37.5,-14.5,3494.04,11926.67,0.29296
2021,251,37.5,-13.5,2092.99,11977.79,0.17474
2021,252,37.5,-12.5,6104.87,12024.71,0.507693
2021,253,37.5,-11.5,4929.54,12068.26,0.408472
2021,254,37.5,-10.5,1119.39,12108.21,0.092448
2021,255,37.5,-9.5,2480.68,12144.35,0.204266
2021,256,37.5,-8.5,5398.22,12177.52,0.443294
2021,257,37.5,-7.5,3335.14,12206.21,0.273233
2021,258,37.5,-6.5,478.99,12231.92,0.039159
2021,259,37.5,-5.5,284.29,12254.0,0.0232
2021,260,38.5,-24.5,0.0,11226.69,0.0
2021,261,38.5,-23.5,0.0,11311.91,0.0
2021,262,38.5,-22.5,0.0,11394.51,0.0
2021,263,38.5,-21.5,0.0,11472.88,0.0
2021,264,38.5,-20.5,0.0,11547.6,0.0
2021,265,38.5,-19.5,0.0,11620.25,0.0
2021,266,38.5,-18.5,0.0,11688.61,0.0
2021,267,38.5,-17.5,320.15,11753.47,0.027239
2021,268,38.5,-16.5,7472.7,11814.82,0.632486
2021,269,38.5,-15.5,5478.44,11871.78,0.461467
2021,270,38.5,-14.5,4732.74,11926.67,0.396819
2021,271,38.5,-13.5,3091.67,11977.8,0.258117
2021,272,38.5,-12.5,4024.75,12024.71,0.334707
2021,273,38.5,-11.5,4096.79,12067.42,0.339492
2021,274,38.5,-10.5,1533.13,12108.21,0.126619
2021,275,38.5,-9.5,4074.79,12144.35,0.33553
2021,276,38.5,-8.5,3011.64,12177.52,0.247311
2021,277,38.5,-7.5,1611.42,12206.21,0.132016
2021,278,38.5,-6.5,548.26,12231.05,0.044825
2021,279,38.5,-5.5,414.83,12254.0,0.033852
2021,280,39.5,-24.5,0.0,11226.69,0.0
2021,281,39.5,-23.5,0.0,11311.91,0.0
2021,282,39.5,-22.5,0.0,11394.51,0.0
2021,283,39.5,-21.5,0.0,11472.88,0.0
2021,284,39.5,-20.5,0.0,11548.4,0.0
2021,285,39.5,-19.5,0.0,11620.25,0.0
2021,286,39.5,-18.5,0.0,11688.61,0.0
2021,287,39.5,-17.5,0.0,11753.47,0.0
2021,288,39.5,-16.5,2065.76,11814.81,0.174845
2021,289,39.5,-15.5,2711.53,11872.62,0.228385
2021,290,39.5,-14.5,3045.14,11926.67,0.255322
2021,291,39.5,-13.5,2593.95,11977.8,0.216563
2021,292,39.5,-12.5,1542.4,12024.71,0.128269
2021,293,39.5,-11.5,2819.31,12068.26,0.233614
2021,294,39.5,-10.5,589.23,12108.21,0.048664
2021,295,39.5,-9.5,482.66,12144.35,0.039744
2021,296,39.5,-8.5,240.7,12177.52,0.019766
2021,297,39.5,-7.5,111.58,12206.21,0.009141
2021,298,39.5,-6.5,18.67,12231.92,0.001527
2021,299,39.5,-5.5,0.99,12254.0,8.1e-05
2022,0,25.5,-24.5,0.23,11226.69,2e-05
2022,1,25.5,-23.5,2034.7,11311.91,0.179872
2022,2,25.5,-22.5,1820.93,11394.51,0.159807
2022,3,25.5,-21.5,146.34,11472.88,0.012755
2022,4,25.5,-20.5,1843.85,11548.4,0.159663
2022,5,25.5,-19.5,484.85,11620.25,0.041725
2022,6,25.5,-18.5,4104.26,11688.61,0.351133
2022,7,25.5,-17.5,2095.7,11753.47,0.178304
2022,8,25.5,-16.5,4608.3,11814.81,0.390044
2022,9,25.5,-15.5,7448.45,11872.62,0.627363
2022,10,25.5,-14.5,7537.04,11926.67,0.631948
2022,11,25.5,-13.5,3896.13,11977.79,0.325279
2022,12,25.5,-12.5,3163.26,12024.71,0.263063
2022,13,25.5,-11.5,3035.34,12068.26,0.251514
2022,14,25.5,-10.5,3997.05,12108.21,0.33011
2022,15,25.5,-9.5,4485.0,12144.35,0.369307
2022,16,25.5,-8.5,6566.8,12177.52,0.539256
2022,17,25.5,-7.5,5741.04,12206.21,0.470338
2022,18,25.5,-6.5,5494.85,12231.92,0.449223
2022,19,25.5,-5.5,6279.33,12254.0,0.512431
2022,20,26.5,-24.5,462.44,11226.49,0.041192
2022,21,26.5,-23.5,1131.95,11311.71,0.100069
2022,22,26.5,-22.5,210.06,11394.31,0.018435
2022,23,26.5,-21.5,1171.5,11472.68,0.102112
2022,24,26.5,-20.5,267.45,11547.4,0.023161
2022,25,26.5,-19.5,246.84,11620.05,0.021243
2022,26,26.5,-18.5,767.4,11688.41,0.065655
2022,27,26.5,-17.5,1010.64,11753.27,0.085988
2022,28,26.5,-16.5,744.71,11814.61,0.063033
2022,29,26.5,-15.5,2809.82,11871.57,0.236685
2022,30,26.5,-14.5,6410.0,11926.46,0.53746
2022,31,26.5,-13.5,5038.1,11977.59,0.420627
2022,32,26.5,-12.5,2785.06,12024.5,0.231616
2022,33,26.5,-11.5,3908.22,12068.05,0.323849
2022,34,26.5,-10.5,4640.26,12108.0,0.383239
2022,35,26.5,-9.5,4077.01,12144.14,0.335719
2022,36,26.5,-8.5,3284.36,12177.3,0.269711
2022,37,26.5,-7.5,5430.94,12206.0,0.44494
2022,38,26.5,-6.5,7124.28,12231.7,0.582444
2022,39,26.5,-5.5,5531.98,12253.78,0.451451
2022,40,27.5,-24.5,153.94,11226.89,0.013712
2022,41,27.5,-23.5,139.41,11312.11,0.012324
2022,42,27.5,-22.5,71.07,11394.71,0.006237
2022,43,27.5,-21.5,44.54,11473.08,0.003882
2022,44,27.5,-20.5,106.74,11547.4,0.009243
2022,45,27.5,-19.5,810.6,11620.45,0.069756
2022,46,27.5,-18.5,1198.08,11688.82,0.102498
2022,47,27.5,-17.5,1053.94,11753.68,0.089669
2022,48,27.5,-16.5,893.75,11815.02,0.075645
2022,49,27.5,-15.5,1380.25,11871.57,0.116265
2022,50,27.5,-14.5,2311.94,11926.88,0.193843
2022,51,27.5,-13.5,5111.99,11978.0,0.426782
2022,52,27.5,-12.5,3001.55,12024.93,0.249611
2022,53,27.5,-11.5,4561.21,12067.21,0.377984
2022,54,27.5,-10.5,6255.22,12108.43,0.516601
2022,55,27.5,-9.5,4487.9,12144.56,0.36954
2022,56,27.5,-8.5,2872.13,12177.73,0.235851
2022,57,27.5,-7.5,6900.24,12206.42,0.565296
2022,58,27.5,-6.5,7138.91,12230.84,0.583681
2022,59,27.5,-5.5,2822.23,12254.21,0.230307
2022,60,28.5,-24.5,317.77,11226.5,0.028305
2022,61,28.5,-23.5,179.5,11311.71,0.015868
2022,62,28.5,-22.5,10.32,11394.31,0.000906
2022,63,28.5,-21.5,0.0,11472.68,0.0
2022,64,28.5,-20.5,945.56,11547.6,0.081884
2022,65,28.5,-19.5,306.34,11620.05,0.026363
2022,66,28.5,-18.5,74.78,11688.41,0.006398
2022,67,28.5,-17.5,795.66,11753.27,0.067697
2022,68,28.5,-16.5,1252.7,11814.61,0.10603
2022,69,28.5,-15.5,1954.16,11871.78,0.164606
2022,70,28.5,-14.5,2478.3,11926.46,0.207798
2022,71,28.5,-13.5,2842.15,11977.59,0.237289
2022,72,28.5,-12.5,3532.3,12024.5,0.293758
2022,73,28.5,-11.5,5871.8,12068.05,0.486558
2022,74,28.5,-10.5,6928.26,12108.0,0.572205
2022,75,28.5,-9.5,3034.22,12144.13,0.24985
2022,76,28.5,-8.5,3197.92,12177.3,0.262613
2022,77,28.5,-7.5,3809.92,12206.0,0.312135
2022,78,28.5,-6.5,2096.46,12231.7,0.171396
2022,79,28.5,-5.5,2104.95,12253.79,0.17178
2022,80,29.5,-24.5,696.81,11226.69,0.062067
2022,81,29.5,-23.5,399.05,11311.91,0.035277
2022,82,29.5,-22.5,76.07,11394.51,0.006676
2022,83,29.5,-21.5,61.71,11472.88,0.005378
2022,84,29.5,-20.5,339.89,11547.4,0.029435
2022,85,29.5,-19.5,820.66,11620.25,0.070623
2022,86,29.5,-18.5,462.2,11688.61,0.039543
2022,87,29.5,-17.5,951.31,11753.47,0.080939
2022,88,29.5,-16.5,3808.88,11814.81,0.322382
2022,89,29.5,-15.5,3450.61,11871.57,0.290662
2022,90,29.5,-14.5,4225.31,11926.67,0.354274
2022,91,29.5,-13.5,2544.68,11977.8,0.212449
2022,92,29.5,-12.5,4901.99,12024.71,0.40766
2022,93,29.5,-11.5,5069.44,12067.2,0.420101
2022,94,29.5,-10.5,7799.81,12108.21,0.644175
2022,95,29.5,-9.5,7305.74,12144.35,0.601575
2022,96,29.5,-8.5,4068.83,12177.52,0.334126
2022,97,29.5,-7.5,2615.48,12206.21,0.214275
2022,98,29.5,-6.5,1123.56,12230.84,0.091862
2022,99,29.5,-5.5,414.23,12254.0,0.033804
2022,100,30.5,-24.5,504.01,11226.69,0.044894
2022,101,30.5,-23.5,86.14,11311.91,0.007615
2022,102,30.5,-22.5,28.09,11394.51,0.002466
2022,103,30.5,-21.5,285.31,11472.88,0.024868
2022,104,30.5,-20.5,159.17,11547.6,0.013784
2022,105,30.5,-19.5,764.75,11620.25,0.065812
2022,106,30.5,-18.5,1791.22,11688.61,0.153245
2022,107,30.5,-17.5,2706.36,11753.47,0.23026
2022,108,30.5,-16.5,2366.58,11814.82,0.200306
2022,109,30.5,-15.5,3242.85,11871.78,0.273157
2022,110,30.5,-14.5,4036.8,11926.68,0.338468
2022,111,30.5,-13.5,4216.57,11977.8,0.352032
2022,112,30.5,-12.5,4363.47,12024.71,0.362875
2022,113,30.5,-11.5,5212.53,12068.26,0.43192
2022,114,30.5,-10.5,5211.85,12108.21,0.430439
2022,115,30.5,-9.5,5501.66,12144.35,0.453022
2022,116,30.5,-8.5,4177.3,12177.52,0.343034
2022,117,30.5,-7.5,2454.89,12206.21,0.201118
2022,118,30.5,-6.5,1414.08,12231.92,0.115606
2022,119,30.5,-5.5,1246.08,12254.0,0.101688
2022,120,31.5,-24.5,472.31,11226.69,0.042071
2022,121,31.5,-23.5,1268.84,11311.91,0.112169
2022,122,31.5,-22.5,1212.49,11394.51,0.10641
2022,123,31.5,-21.5,378.6,11472.88,0.033
2022,124,31.5,-20.5,38.34,11547.6,0.00332
2022,125,31.5,-19.5,207.3,11620.25,0.017839
2022,126,31.5,-18.5,886.33,11688.61,0.075828
2022,127,31.5,-17.5,1429.76,11753.47,0.121646
2022,128,31.5,-16.5,1785.83,11814.81,0.151151
2022,129,31.5,-15.5,2042.8,11871.78,0.172072
2022,130,31.5,-14.5,1011.49,11926.67,0.084809
2022,131,31.5,-13.5,4060.98,11977.79,0.339043
2022,132,31.5,-12.5,4690.57,12024.71,0.390077
2022,133,31.5,-11.5,4736.13,12067.42,0.392473
2022,134,31.5,-10.5,4542.49,12108.21,0.375157
2022,135,31.5,-9.5,2473.98,12144.35,0.203715
2022,136,31.5,-8.5,608.92,12177.52,0.050003
2022,137,31.5,-7.5,1665.32,12206.21,0.136432
2022,138,31.5,-6.5,3583.23,12231.05,0.292962
2022,139,31.5,-5.5,3742.34,12254.0,0.305398
2022,140,32.5,-24.5,308.05,11226.69,0.027439
2022,141,32.5,-23.5,318.66,11311.91,0.02817
2022,142,32.5,-22.5,3156.75,11394.51,0.277041
2022,143,32.5,-21.5,1981.98,11472.88,0.172754
2022,144,32.5,-20.5,485.56,11548.4,0.042046
2022,145,32.5,-19.5,137.77,11620.25,0.011856
2022,146,32.5,-18.5,333.21,11688.61,0.028507
2022,147,32.5,-17.5,112.43,11753.47,0.009566
2022,148,32.5,-16.5,895.18,11814.82,0.075768
2022,149,32.5,-15.5,2028.62,11872.62,0.170865
2022,150,32.5,-14.5,2120.88,11926.67,0.177826
2022,151,32.5,-13.5,557.97,11977.79,0.046583
2022,152,32.5,-12.5,2442.92,12024.71,0.203158
2022,153,32.5,-11.5,4192.85,12068.26,0.347428
2022,154,32.5,-10.5,3149.19,12108.21,0.260088
2022,155,32.5,-9.5,2493.51,12144.35,0.205323
2022,156,32.5,-8.5,55.61,12177.52,0.004566
2022,157,32.5,-7.5,4133.86,12206.21,0.338669
2022,158,32.5,-6.5,3811.7,12231.92,0.311619
2022,159,32.5,-5.5,1473.95,12254.0,0.120283
2022,160,33.5,-24.5,157.6,11226.69,0.014038
2022,161,33.5,-23.5,252.93,11311.91,0.02236
2022,162,33.5,-22.5,1232.6,11394.51,0.108175
2022,163,33.5,-21.5,1084.52,11472.88,0.094529
2022,164,33.5,-20.5,2481.34,11547.6,0.214879
2022,165,33.5,-19.5,2832.33,11620.25,0.243741
2022,166,33.5,-18.5,5947.07,11688.61,0.508792
2022,167,33.5,-17.5,4454.28,11753.47,0.378976
2022,168,33.5,-16.5,378.19,11814.82,0.03201
2022,169,33.5,-15.5,4058.93,11871.78,0.341897
2022,170,33.5,-14.5,1772.5,11926.67,0.148616
2022,171,33.5,-13.5,276.16,11977.8,0.023056
2022,172,33.5,-12.5,602.51,12024.71,0.050106
2022,173,33.5,-11.5,893.73,12068.26,0.074056
2022,174,33.5,-10.5,2727.09,12108.21,0.225226
2022,175,33.5,-9.5,778.0,12144.35,0.064063
2022,176,33.5,-8.5,326.47,12177.52,0.026809
2022,177,33.5,-7.5,1683.64,12206.21,0.137933
2022,178,33.5,-6.5,1777.2,12231.92,0.145292
2022,179,33.5,-5.5,6.92,12254.0,0.000565
2022,180,34.5,-24.5,259.82,11226.69,0.023143
2022,181,34.5,-23.5,840.92,11311.91,0.074339
2022,182,34.5,-22.5,533.67,11394.51,0.046836
2022,183,34.5,-21.5,765.93,11472.88,0.06676
2022,184,34.5,-20.5,2518.78,11547.19,0.218129
2022,185,34.5,-19.5,2881.99,11620.25,0.248015
2022,186,34.5,-18.5,3395.98,11688.61,0.290537
2022,187,34.5,-17.5,3730.2,11753.47,0.31737
2022,188,34.5,-16.5,1372.95,11814.81,0.116206
2022,189,34.5,-15.5,2992.24,11871.36,0.252056
2022,190,34.5,-14.5,178.04,11926.67,0.014928
2022,191,34.5,-13.5,478.83,11977.79,0.039976
2022,192,34.5,-12.5,812.34,12024.71,0.067556
2022,193,34.5,-11.5,309.56,12066.99,0.025654
2022,194,34.5,-10.5,506.75,12108.21,0.041852
2022,195,34.5,-9.5,436.45,12144.35,0.035938
2022,196,34.5,-8.5,915.36,12177.52,0.075168
2022,197,34.5,-7.5,4136.86,12206.21,0.338915
2022,198,34.5,-6.5,2086.4,12230.62,0.170588
2022,199,34.5,-5.5,50.17,12254.0,0.004094
2022,200,35.5,-24.5,32.13,11226.5,0.002862
2022,201,35.5,-23.5,113.36,11311.71,0.010022
2022,202,35.5,-22.5,215.64,11394.31,0.018925
2022,203,35.5,-21.5,75.28,11472.68,0.006562
2022,204,35.5,-20.5,2.41,11547.6,0.000209
2022,205,35.5,-19.5,698.68,11620.05,0.060127
2022,206,35.5,-18.5,1370.14,11688.41,0.117222
2022,207,35.5,-17.5,3844.17,11753.27,0.327073
2022,208,35.5,-16.5,4728.71,11814.61,0.400243
2022,209,35.5,-15.5,369.66,11871.78,0.031138
2022,210,35.5,-14.5,1099.69,11926.46,0.092205
2022,211,35.5,-13.5,2726.31,11977.58,0.227618
2022,212,35.5,-12.5,3688.95,12024.5,0.306786
2022,213,35.5,-11.5,4659.71,12068.05,0.386119
2022,214,35.5,-10.5,1736.1,12108.0,0.143385
2022,215,35.5,-9.5,874.15,12144.14,0.071981
2022,216,35.5,-8.5,695.14,12177.3,0.057085
2022,217,35.5,-7.5,149.71,12206.0,0.012265
2022,218,35.5,-6.5,22.88,12231.7,0.00187
2022,219,35.5,-5.5,37.35,12253.78,0.003048
2022,220,36.5,-24.5,0.0,11226.89,0.0
2022,221,36.5,-23.5,0.0,11312.11,0.0
2022,222,36.5,-22.5,0.0,11394.71,0.0
2022,223,36.5,-21.5,0.0,11473.08,0.0
2022,224,36.5,-20.5,0.0,11547.4,0.0
2022,225,36.5,-19.5,0.0,11620.45,0.0
2022,226,36.5,-18.5,1353.28,11688.82,0.115776
2022,227,36.5,-17.5,4013.89,11753.68,0.341501
2022,228,36.5,-16.5,7902.39,11815.02,0.668843
2022,229,36.5,-15.5,4687.51,11871.57,0.394852
2022,230,36.5,-14.5,3741.49,11926.88,0.313702
2022,231,36.5,-13.5,6697.77,11978.0,0.559172
2022,232,36.5,-12.5,6198.94,12024.93,0.515508
2022,233,36.5,-11.5,3975.7,12067.21,0.329463
2022,234,36.5,-10.5,1932.76,12108.43,0.159621
2022,235,36.5,-9.5,850.39,12144.56,0.070022
2022,236,36.5,-8.5,1245.28,12177.73,0.102259
2022,237,36.5,-7.5,1175.06,12206.42,0.096266
2022,238,36.5,-6.5,186.15,12230.84,0.01522
2022,239,36.5,-5.5,7.17,12254.21,0.000585
2022,240,37.5,-24.5,0.0,11226.69,0.0
2022,241,37.5,-23.5,0.0,11311.91,0.0
2022,242,37.5,-22.5,0.0,11394.51,0.0
2022,243,37.5,-21.5,0.0,11472.88,0.0
2022,244,37.5,-20.5,0.0,11547.4,0.0
2022,245,37.5,-19.5,0.0,11620.25,0.0
2022,246,37.5,-18.5,0.0,11688.61,0.0
2022,247,37.5,-17.5,1694.2,11753.47,0.144144
2022,248,37.5,-16.5,5196.25,11814.81,0.439808
2022,249,37.5,-15.5,4289.96,11871.57,0.361364
2022,250,37.5,-14.5,3822.48,11926.67,0.320498
2022,251,37.5,-13.5,3899.86,11977.79,0.325591
2022,252,37.5,-12.5,6805.58,12024.71,0.565966
2022,253,37.5,-11.5,4561.13,12068.26,0.377944
2022,254,37.5,-10.5,1341.42,12108.21,0.110786
2022,255,37.5,-9.5,1700.08,12144.35,0.139989
2022,256,37.5,-8.5,4422.37,12177.52,0.363159
2022,257,37.5,-7.5,2675.94,12206.21,0.219228
2022,258,37.5,-6.5,603.49,12231.92,0.049338
2022,259,37.5,-5.5,123.37,12254.0,0.010068
2022,260,38.5,-24.5,0.0,11226.69,0.0
2022,261,38.5,-23.5,0.0,11311.91,0.0
2022,262,38.5,-22.5,0.0,11394.51,0.0
2022,263,38.5,-21.5,0.0,11472.88,0.0
2022,264,38.5,-20.5,0.0,11547.6,0.0
2022,265,38.5,-19.5,0.0,11620.25,0.0
2022,266,38.5,-18.5,0.0,11688.61,0.0
2022,267,38.5,-17.5,304.86,11753.47,0.025938
2022,268,38.5,-16.5,7688.85,11814.82,0.65078
2022,269,38.5,-15.5,7400.69,11871.78,0.623385
2022,270,38.5,-14.5,5617.36,11926.67,0.470991
2022,271,38.5,-13.5,4866.42,11977.8,0.406287
2022,272,38.5,-12.5,3955.16,12024.71,0.328919
2022,273,38.5,-11.5,3378.88,12067.42,0.280001
2022,274,38.5,-10.5,1891.07,12108.21,0.15618
2022,275,38.5,-9.5,3063.81,12144.35,0.252283
2022,276,38.5,-8.5,2667.43,12177.52,0.219046
2022,277,38.5,-7.5,1339.02,12206.21,0.1097
2022,278,38.5,-6.5,375.44,12231.05,0.030696
2022,279,38.5,-5.5,226.77,12254.0,0.018506
2022,280,39.5,-24.5,0.0,11226.69,0.0
2022,281,39.5,-23.5,0.0,11311.91,0.0
2022,282,39.5,-22.5,0.0,11394.51,0.0
2022,283,39.5,-21.5,0.0,11472.88,0.0
2022,284,39.5,-20.5,0.0,11548.4,0.0
2022,285,39.5,-19.5,0.0,11620.25,0.0
2022,286,39.5,-18.5,0.0,11688.61,0.0
2022,287,39.5,-17.5,0.0,11753.47,0.0
2022,288,39.5,-16.5,2316.07,11814.81,0.196031
2022,289,39.5,-15.5,4256.87,11872.62,0.358545
2022,290,39.5,-14.5,4449.45,11926.67,0.373068
2022,291,39.5,-13.5,3231.12,11977.8,0.269759
2022,292,39.5,-12.5,2275.77,12024.71,0.189258
2022,293,39.5,-11.5,2598.07,12068.26,0.215281
2022,294,39.5,-10.5,640.8,12108.21,0.052923
2022,295,39.5,-9.5,602.92,12144.35,0.049646
2022,296,39.5,-8.5,244.63,12177.52,0.020089
2022,297,39.5,-7.5,209.47,12206.21,0.017161
2022,298,39.5,-6.5,51.94,12231.92,0.004246
2022,299,39.5,-5.5,0.0,12254.0,0.0
2023,0,25.5,-24.5,82.12,11226.69,0.007315
2023,1,25.5,-23.5,547.86,11311.91,0.048432
2023,2,25.5,-22.5,2769.2,11394.51,0.243029
2023,3,25.5,-21.5,681.64,11472.88,0.059413
2023,4,25.5,-20.5,249.61,11548.4,0.021614
2023,5,25.5,-19.5,717.71,11620.25,0.061764
2023,6,25.5,-18.5,3959.37,11688.61,0.338738
2023,7,25.5,-17.5,2407.29,11753.47,0.204815
2023,8,25.5,-16.5,4782.42,11814.81,0.404782
2023,9,25.5,-15.5,6884.83,11872.62,0.579891
2023,10,25.5,-14.5,6685.28,11926.67,0.560532
2023,11,25.5,-13.5,2917.42,11977.79,0.243569
2023,12,25.5,-12.5,2343.35,12024.71,0.194878
2023,13,25.5,-11.5,2503.27,12068.26,0.207426
2023,14,25.5,-10.5,4212.98,12108.21,0.347944
2023,15,25.5,-9.5,4355.19,12144.35,0.358619
2023,16,25.5,-8.5,6617.81,12177.52,0.543445
2023,17,25.5,-7.5,5694.37,12206.21,0.466515
2023,18,25.5,-6.5,5599.66,12231.92,0.457791
2023,19,25.5,-5.5,6420.89,12254.0,0.523984
2023,20,26.5,-24.5,870.93,11226.49,0.077578
2023,21,26.5,-23.5,644.31,11311.71,0.05696
2023,22,26.5,-22.5,498.09,11394.31,0.043714
2023,23,26.5,-21.5,880.62,11472.68,0.076758
2023,24,26.5,-20.5,386.2,11547.4,0.033445
2023,25,26.5,-19.5,407.16,11620.05,0.035039
2023,26,26.5,-18.5,567.6,11688.41,0.048561
2023,27,26.5,-17.5,1239.57,11753.27,0.105466
2023,28,26.5,-16.5,845.98,11814.61,0.071604
2023,29,26.5,-15.5,2103.27,11871.57,0.177169
2023,30,26.5,-14.5,6289.37,11926.46,0.527345
2023,31,26.5,-13.5,4633.24,11977.59,0.386826
2023,32,26.5,-12.5,2094.08,12024.5,0.174151
2023,33,26.5,-11.5,2981.57,12068.05,0.247063
2023,34,26.5,-10.5,4421.03,12108.0,0.365133
2023,35,26.5,-9.5,4437.23,12144.14,0.365381
2023,36,26.5,-8.5,3293.54,12177.3,0.270465
2023,37,26.5,-7.5,5021.67,12206.0,0.41141
2023,38,26.5,-6.5,6283.05,12231.7,0.513669
2023,39,26.5,-5.5,5288.26,12253.78,0.431561
2023,40,27.5,-24.5,961.37,11226.89,0.085631
2023,41,27.5,-23.5,227.72,11312.11,0.020131
2023,42,27.5,-22.5,227.7,11394.71,0.019983
2023,43,27.5,-21.5,4.35,11473.08,0.000379
2023,44,27.5,-20.5,59.89,11547.4,0.005187
2023,45,27.5,-19.5,589.32,11620.45,0.050714
2023,46,27.5,-18.5,1114.0,11688.82,0.095305
2023,47,27.5,-17.5,603.65,11753.68,0.051358
2023,48,27.5,-16.5,766.29,11815.02,0.064857
2023,49,27.5,-15.5,1254.14,11871.57,0.105642
2023,50,27.5,-14.5,1865.26,11926.88,0.156391
2023,51,27.5,-13.5,4668.92,11978.0,0.389791
2023,52,27.5,-12.5,2364.24,12024.93,0.196612
2023,53,27.5,-11.5,3790.99,12067.21,0.314156
2023,54,27.5,-10.5,5978.07,12108.43,0.493711
2023,55,27.5,-9.5,4282.15,12144.56,0.352598
2023,56,27.5,-8.5,3072.79,12177.73,0.252328
2023,57,27.5,-7.5,5451.89,12206.42,0.446641
2023,58,27.5,-6.5,6367.22,12230.84,0.520587
2023,59,27.5,-5.5,2866.45,12254.21,0.233916
2023,60,28.5,-24.5,645.32,11226.5,0.057482
2023,61,28.5,-23.5,432.26,11311.71,0.038214
2023,62,28.5,-22.5,0.92,11394.31,8.1e-05
2023,63,28.5,-21.5,0.0,11472.68,0.0
2023,64,28.5,-20.5,462.31,11547.6,0.040035
2023,65,28.5,-19.5,448.94,11620.05,0.038635
2023,66,28.5,-18.5,27.26,11688.41,0.002332
2023,67,28.5,-17.5,391.84,11753.27,0.033339
2023,68,28.5,-16.5,926.52,11814.61,0.078421
2023,69,28.5,-15.5,1321.79,11871.78,0.111339
2023,70,28.5,-14.5,2061.0,11926.46,0.172809
2023,71,28.5,-13.5,2441.18,11977.59,0.203813
2023,72,28.5,-12.5,2793.97,12024.5,0.232357
2023,73,28.5,-11.5,5464.13,12068.05,0.452777
2023,74,28.5,-10.5,6585.5,12108.0,0.543897
2023,75,28.5,-9.5,2354.81,12144.13,0.193905
2023,76,28.5,-8.5,3257.69,12177.3,0.267521
2023,77,28.5,-7.5,3902.97,12206.0,0.319758
2023,78,28.5,-6.5,2167.52,12231.7,0.177205
2023,79,28.5,-5.5,1967.91,12253.79,0.160596
2023,80,29.5,-24.5,805.6,11226.69,0.071758
2023,81,29.5,-23.5,367.87,11311.91,0.032521
2023,82,29.5,-22.5,12.21,11394.51,0.001071
2023,83,29.5,-21.5,28.43,11472.88,0.002478
2023,84,29.5,-20.5,494.97,11547.4,0.042865
2023,85,29.5,-19.5,989.77,11620.25,0.085176
2023,86,29.5,-18.5,371.97,11688.61,0.031823
2023,87,29.5,-17.5,876.59,11753.47,0.074581
2023,88,29.5,-16.5,2658.26,11814.81,0.224994
2023,89,29.5,-15.5,1680.15,11871.57,0.141527
2023,90,29.5,-14.5,3254.47,11926.67,0.272873
2023,91,29.5,-13.5,2143.55,11977.8,0.17896
2023,92,29.5,-12.5,4532.06,12024.71,0.376896
2023,93,29.5,-11.5,4385.57,12067.2,0.363429
2023,94,29.5,-10.5,7371.45,12108.21,0.608797
2023,95,29.5,-9.5,7285.17,12144.35,0.599881
2023,96,29.5,-8.5,3607.02,12177.52,0.296203
2023,97,29.5,-7.5,2541.07,12206.21,0.208178
2023,98,29.5,-6.5,1172.42,12230.84,0.095857
2023,99,29.5,-5.5,338.5,12254.0,0.027624
2023,100,30.5,-24.5,587.14,11226.69,0.052298
2023,101,30.5,-23.5,293.32,11311.91,0.02593
2023,102,30.5,-22.5,95.31,11394.51,0.008365
2023,103,30.5,-21.5,82.51,11472.88,0.007191
2023,104,30.5,-20.5,37.03,11547.6,0.003207
2023,105,30.5,-19.5,901.26,11620.25,0.07756
2023,106,30.5,-18.5,1327.61,11688.61,0.113582
2023,107,30.5,-17.5,2080.67,11753.47,0.177026
2023,108,30.5,-16.5,2105.66,11814.82,0.178222
2023,109,30.5,-15.5,2678.32,11871.78,0.225604
2023,110,30.5,-14.5,3086.09,11926.68,0.258755
2023,111,30.5,-13.5,4090.19,11977.8,0.341481
2023,112,30.5,-12.5,4246.46,12024.71,0.353145
2023,113,30.5,-11.5,4452.52,12068.26,0.368945
2023,114,30.5,-10.5,4776.17,12108.21,0.394457
2023,115,30.5,-9.5,4814.09,12144.35,0.396406
2023,116,30.5,-8.5,3425.45,12177.52,0.281293
2023,117,30.5,-7.5,1633.81,12206.21,0.13385
2023,118,30.5,-6.5,1345.54,12231.92,0.110002
2023,119,30.5,-5.5,1198.5,12254.0,0.097805
2023,120,31.5,-24.5,1532.97,11226.69,0.136547
2023,121,31.5,-23.5,2014.49,11311.91,0.178086
2023,122,31.5,-22.5,769.6,11394.51,0.067542
2023,123,31.5,-21.5,85.12,11472.88,0.007419
2023,124,31.5,-20.5,44.34,11547.6,0.00384
2023,125,31.5,-19.5,278.08,11620.25,0.02393
2023,126,31.5,-18.5,1072.34,11688.61,0.091742
2023,127,31.5,-17.5,789.39,11753.47,0.067162
2023,128,31.5,-16.5,1197.06,11814.81,0.101318
2023,129,31.5,-15.5,1527.94,11871.78,0.128703
2023,130,31.5,-14.5,644.66,11926.67,0.054052
2023,131,31.5,-13.5,3356.64,11977.79,0.280239
2023,132,31.5,-12.5,3740.7,12024.71,0.311084
2023,133,31.5,-11.5,5252.08,12067.42,0.435228
2023,134,31.5,-10.5,4910.52,12108.21,0.405553
2023,135,31.5,-9.5,2217.22,12144.35,0.182572
2023,136,31.5,-8.5,676.56,12177.52,0.055558
2023,137,31.5,-7.5,1461.34,12206.21,0.119721
2023,138,31.5,-6.5,3402.24,12231.05,0.278164
2023,139,31.5,-5.5,3547.61,12254.0,0.289506
2023,140,32.5,-24.5,743.81,11226.69,0.066254
2023,141,32.5,-23.5,1309.44,11311.91,0.115757
2023,142,32.5,-22.5,1929.98,11394.51,0.169378
2023,143,32.5,-21.5,1469.13,11472.88,0.128053
2023,144,32.5,-20.5,361.01,11548.4,0.031261
2023,145,32.5,-19.5,162.12,11620.25,0.013951
2023,146,32.5,-18.5,314.76,11688.61,0.026929
2023,147,32.5,-17.5,77.5,11753.47,0.006594
2023,148,32.5,-16.5,955.37,11814.82,0.080862
2023,149,32.5,-15.5,1671.79,11872.62,0.14081
2023,150,32.5,-14.5,1202.92,11926.67,0.10086
2023,151,32.5,-13.5,379.38,11977.79,0.031673
2023,152,32.5,-12.5,1951.48,12024.71,0.162289
2023,153,32.5,-11.5,3097.18,12068.26,0.256638
2023,154,32.5,-10.5,2347.42,12108.21,0.19387
2023,155,32.5,-9.5,2439.6,12144.35,0.200884
2023,156,32.5,-8.5,91.3,12177.52,0.007497
2023,157,32.5,-7.5,3594.17,12206.21,0.294454
2023,158,32.5,-6.5,4003.12,12231.92,0.327268
2023,159,32.5,-5.5,1376.78,12254.0,0.112353
2023,160,33.5,-24.5,305.77,11226.69,0.027236
2023,161,33.5,-23.5,1157.67,11311.91,0.102341
2023,162,33.5,-22.5,693.03,11394.51,0.060821
2023,163,33.5,-21.5,843.39,11472.88,0.073512
2023,164,33.5,-20.5,2139.65,11547.6,0.18529
2023,165,33.5,-19.5,2326.49,11620.25,0.20021
2023,166,33.5,-18.5,4911.5,11688.61,0.420195
2023,167,33.5,-17.5,4378.54,11753.47,0.372532
2023,168,33.5,-16.5,582.33,11814.82,0.049288
2023,169,33.5,-15.5,3443.45,11871.78,0.290053
2023,170,33.5,-14.5,1066.48,11926.67,0.08942
2023,171,33.5,-13.5,67.69,11977.8,0.005651
2023,172,33.5,-12.5,497.93,12024.71,0.041409
2023,173,33.5,-11.5,674.93,12068.26,0.055926
2023,174,33.5,-10.5,2486.89,12108.21,0.205389
2023,175,33.5,-9.5,541.21,12144.35,0.044565
2023,176,33.5,-8.5,319.57,12177.52,0.026243
2023,177,33.5,-7.5,1514.87,12206.21,0.124106
2023,178,33.5,-6.5,1557.54,12231.92,0.127334
2023,179,33.5,-5.5,122.5,12254.0,0.009997
2023,180,34.5,-24.5,179.58,11226.69,0.015996
2023,181,34.5,-23.5,826.45,11311.91,0.07306
2023,182,34.5,-22.5,341.85,11394.51,0.030001
2023,183,34.5,-21.5,911.7,11472.88,0.079466
2023,184,34.5,-20.5,2392.3,11547.19,0.207176
2023,185,34.5,-19.5,2320.64,11620.25,0.199706
2023,186,34.5,-18.5,2655.59,11688.61,0.227195
2023,187,34.5,-17.5,2654.95,11753.47,0.225887
2023,188,34.5,-16.5,1383.0,11814.81,0.117056
2023,189,34.5,-15.5,1889.58,11871.36,0.159172
2023,190,34.5,-14.5,137.05,11926.67,0.011491
2023,191,34.5,-13.5,133.7,11977.79,0.011162
2023,192,34.5,-12.5,605.69,12024.71,0.050371
2023,193,34.5,-11.5,308.87,12066.99,0.025596
2023,194,34.5,-10.5,742.85,12108.21,0.061351
2023,195,34.5,-9.5,644.7,12144.35,0.053087
2023,196,34.5,-8.5,1003.56,12177.52,0.082411
2023,197,34.5,-7.5,5079.03,12206.21,0.416102
2023,198,34.5,-6.5,3536.77,12230.62,0.289174
2023,199,34.5,-5.5,156.25,12254.0,0.012751
2023,200,35.5,-24.5,6.79,11226.5,0.000605
2023,201,35.5,-23.5,75.72,11311.71,0.006694
2023,202,35.5,-22.5,125.06,11394.31,0.010975
2023,203,35.5,-21.5,75.85,11472.68,0.006611
2023,204,35.5,-20.5,2.09,11547.6,0.000181
2023,205,35.5,-19.5,895.24,11620.05,0.077043
2023,206,35.5,-18.5,1798.66,11688.41,0.153884
2023,207,35.5,-17.5,3188.31,11753.27,0.27127
2023,208,35.5,-16.5,3352.71,11814.61,0.283776
2023,209,35.5,-15.5,221.25,11871.78,0.018636
2023,210,35.5,-14.5,447.46,11926.46,0.037518
2023,211,35.5,-13.5,1149.35,11977.58,0.095959
2023,212,35.5,-12.5,2725.86,12024.5,0.226692
2023,213,35.5,-11.5,3885.23,12068.05,0.321943
2023,214,35.5,-10.5,1411.73,12108.0,0.116595
2023,215,35.5,-9.5,1049.29,12144.14,0.086403
2023,216,35.5,-8.5,380.12,12177.3,0.031216
2023,217,35.5,-7.5,151.93,12206.0,0.012447
2023,218,35.5,-6.5,2.96,12231.7,0.000242
2023,219,35.5,-5.5,54.55,12253.78,0.004452
2023,220,36.5,-24.5,0.0,11226.89,0.0
2023,221,36.5,-23.5,0.0,11312.11,0.0
2023,222,36.5,-22.5,0.0,11394.71,0.0
2023,223,36.5,-21.5,0.0,11473.08,0.0
2023,224,36.5,-20.5,0.0,11547.4,0.0
2023,225,36.5,-19.5,0.0,11620.45,0.0
2023,226,36.5,-18.5,1315.34,11688.82,0.112529
2023,227,36.5,-17.5,4162.13,11753.68,0.354113
2023,228,36.5,-16.5,7358.18,11815.02,0.622782
2023,229,36.5,-15.5,3775.06,11871.57,0.317991
2023,230,36.5,-14.5,3256.29,11926.88,0.273021
2023,231,36.5,-13.5,2745.93,11978.0,0.229248
2023,232,36.5,-12.5,2908.44,12024.93,0.241867
2023,233,36.5,-11.5,3078.28,12067.21,0.255095
2023,234,36.5,-10.5,1027.16,12108.43,0.08483
2023,235,36.5,-9.5,997.67,12144.56,0.082149
2023,236,36.5,-8.5,1240.75,12177.73,0.101887
2023,237,36.5,-7.5,622.25,12206.42,0.050977
2023,238,36.5,-6.5,51.45,12230.84,0.004207
2023,239,36.5,-5.5,8.16,12254.21,0.000666
2023,240,37.5,-24.5,0.0,11226.69,0.0
2023,241,37.5,-23.5,0.0,11311.91,0.0
2023,242,37.5,-22.5,0.0,11394.51,0.0
2023,243,37.5,-21.5,0.0,11472.88,0.0
2023,244,37.5,-20.5,0.0,11547.4,0.0
2023,245,37.5,-19.5,0.0,11620.25,0.0
2023,246,37.5,-18.5,0.0,11688.61,0.0
2023,247,37.5,-17.5,1725.16,11753.47,0.146779
2023,248,37.5,-16.5,4148.21,11814.81,0.351102
2023,249,37.5,-15.5,2976.79,11871.57,0.25075
2023,250,37.5,-14.5,4038.76,11926.67,0.338633
2023,251,37.5,-13.5,2729.16,11977.79,0.227852
2023,252,37.5,-12.5,4721.26,12024.71,0.39263
2023,253,37.5,-11.5,4471.82,12068.26,0.370544
2023,254,37.5,-10.5,1123.98,12108.21,0.092828
2023,255,37.5,-9.5,2153.21,12144.35,0.177302
2023,256,37.5,-8.5,3888.91,12177.52,0.319352
2023,257,37.5,-7.5,2002.06,12206.21,0.16402
2023,258,37.5,-6.5,200.21,12231.92,0.016368
2023,259,37.5,-5.5,126.52,12254.0,0.010325
2023,260,38.5,-24.5,0.0,11226.69,0.0
2023,261,38.5,-23.5,0.0,11311.91,0.0
2023,262,38.5,-22.5,0.0,11394.51,0.0
2023,263,38.5,-21.5,0.0,11472.88,0.0
2023,264,38.5,-20.5,0.0,11547.6,0.0
2023,265,38.5,-19.5,0.0,11620.25,0.0
2023,266,38.5,-18.5,0.0,11688.61,0.0
2023,267,38.5,-17.5,364.19,11753.47,0.030985
2023,268,38.5,-16.5,7325.97,11814.82,0.620066
2023,269,38.5,-15.5,6335.7,11871.78,0.533678
2023,270,38.5,-14.5,4853.89,11926.67,0.406978
2023,271,38.5,-13.5,4199.38,11977.8,0.350597
2023,272,38.5,-12.5,4309.29,12024.71,0.358369
2023,273,38.5,-11.5,4575.29,12067.42,0.379144
2023,274,38.5,-10.5,1373.67,12108.21,0.113449
2023,275,38.5,-9.5,2195.81,12144.35,0.180809
2023,276,38.5,-8.5,2355.31,12177.52,0.193414
2023,277,38.5,-7.5,868.75,12206.21,0.071173
2023,278,38.5,-6.5,334.49,12231.05,0.027348
2023,279,38.5,-5.5,91.55,12254.0,0.007471
2023,280,39.5,-24.5,0.0,11226.69,0.0
2023,281,39.5,-23.5,0.0,11311.91,0.0
2023,282,39.5,-22.5,0.0,11394.51,0.0
2023,283,39.5,-21.5,0.0,11472.88,0.0
2023,284,39.5,-20.5,0.0,11548.4,0.0
2023,285,39.5,-19.5,0.0,11620.25,0.0
2023,286,39.5,-18.5,0.0,11688.61,0.0
2023,287,39.5,-17.5,0.0,11753.47,0.0
2023,288,39.5,-16.5,2482.56,11814.81,0.210122
2023,289,39.5,-15.5,3823.37,11872.62,0.322033
2023,290,39.5,-14.5,4183.09,11926.67,0.350734
2023,291,39.5,-13.5,3692.27,11977.8,0.30826
2023,292,39.5,-12.5,2528.43,12024.71,0.210269
2023,293,39.5,-11.5,2472.7,12068.26,0.204893
2023,294,39.5,-10.5,500.81,12108.21,0.041361
2023,295,39.5,-9.5,355.91,12144.35,0.029307
2023,296,39.5,-8.5,167.97,12177.52,0.013793
2023,297,39.5,-7.5,66.58,12206.21,0.005455
2023,298,39.5,-6.5,31.67,12231.92,0.002589
2023,299,39.5,-5.5,0.25,12254.0,2e-05
2024,0,25.5,-24.5,27.15,11226.69,0.002418
2024,1,25.5,-23.5,1021.26,11311.91,0.090282
2024,2,25.5,-22.5,1200.17,11394.51,0.105329
2024,3,25.5,-21.5,4.16,11472.88,0.000363
2024,4,25.5,-20.5,328.03,11548.4,0.028405
2024,5,25.5,-19.5,404.42,11620.25,0.034803
2024,6,25.5,-18.5,295.92,11688.61,0.025317
2024,7,25.5,-17.5,989.08,11753.47,0.084152
2024,8,25.5,-16.5,5497.61,11814.81,0.465315
2024,9,25.5,-15.5,7866.81,11872.62,0.6626
2024,10,25.5,-14.5,7714.44,11926.67,0.646822
2024,11,25.5,-13.5,3606.39,11977.79,0.30109
2024,12,25.5,-12.5,2857.64,12024.71,0.237648
2024,13,25.5,-11.5,2859.92,12068.26,0.236978
2024,14,25.5,-10.5,3899.05,12108.21,0.322017
2024,15,25.5,-9.5,4041.88,12144.35,0.33282
2024,16,25.5,-8.5,6267.53,12177.52,0.514681
2024,17,25.5,-7.5,5618.2,12206.21,0.460274
2024,18,25.5,-6.5,5941.37,12231.92,0.485727
2024,19,25.5,-5.5,6472.19,12254.0,0.52817
2024,20,26.5,-24.5,66.61,11226.49,0.005933
2024,21,26.5,-23.5,32.54,11311.71,0.002877
2024,22,26.5,-22.5,43.62,11394.31,0.003828
2024,23,26.5,-21.5,99.05,11472.68,0.008634
2024,24,26.5,-20.5,6.07,11547.4,0.000526
2024,25,26.5,-19.5,8.9,11620.05,0.000766
2024,26,26.5,-18.5,41.48,11688.41,0.003549
2024,27,26.5,-17.5,66.91,11753.27,0.005693
2024,28,26.5,-16.5,355.04,11814.61,0.030051
2024,29,26.5,-15.5,2034.03,11871.57,0.171336
2024,30,26.5,-14.5,6444.26,11926.46,0.540333
2024,31,26.5,-13.5,5132.61,11977.59,0.428518
2024,32,26.5,-12.5,3591.69,12024.5,0.298697
2024,33,26.5,-11.5,3806.32,12068.05,0.315405
2024,34,26.5,-10.5,4613.02,12108.0,0.380989
2024,35,26.5,-9.5,3672.9,12144.14,0.302442
2024,36,26.5,-8.5,2861.94,12177.3,0.235022
2024,37,26.5,-7.5,4251.45,12206.0,0.348309
2024,38,26.5,-6.5,5786.29,12231.7,0.473057
2024,39,26.5,-5.5,5060.01,12253.78,0.412935
2024,40,27.5,-24.5,815.45,11226.89,0.072634
2024,41,27.5,-23.5,125.72,11312.11,0.011114
2024,42,27.5,-22.5,132.68,11394.71,0.011644
2024,43,27.5,-21.5,2.78,11473.08,0.000242
2024,44,27.5,-20.5,1.4,11547.4,0.000121
2024,45,27.5,-19.5,38.29,11620.45,0.003295
2024,46,27.5,-18.5,74.42,11688.82,0.006367
2024,47,27.5,-17.5,255.38,11753.68,0.021728
2024,48,27.5,-16.5,291.38,11815.02,0.024662
2024,49,27.5,-15.5,3136.98,11871.57,0.264243
2024,50,27.5,-14.5,2780.45,11926.88,0.233124
2024,51,27.5,-13.5,5439.05,11978.0,0.454086
2024,52,27.5,-12.5,3407.15,12024.93,0.283341
2024,53,27.5,-11.5,4788.92,12067.21,0.396854
2024,54,27.5,-10.5,5751.93,12108.43,0.475036
2024,55,27.5,-9.5,4289.89,12144.56,0.353235
2024,56,27.5,-8.5,3081.74,12177.73,0.253064
2024,57,27.5,-7.5,4997.16,12206.42,0.409388
2024,58,27.5,-6.5,5648.16,12230.84,0.461796
2024,59,27.5,-5.5,2554.35,12254.21,0.208447
2024,60,28.5,-24.5,889.26,11226.5,0.079211
2024,61,28.5,-23.5,236.24,11311.71,0.020885
2024,62,28.5,-22.5,3.22,11394.31,0.000283
2024,63,28.5,-21.5,0.0,11472.68,0.0
2024,64,28.5,-20.5,63.68,11547.6,0.005514
2024,65,28.5,-19.5,62.82,11620.05,0.005406
2024,66,28.5,-18.5,27.12,11688.41,0.00232
2024,67,28.5,-17.5,140.19,11753.27,0.011928
2024,68,28.5,-16.5,577.25,11814.61,0.048859
2024,69,28.5,-15.5,1343.2,11871.78,0.113142
2024,70,28.5,-14.5,1403.21,11926.46,0.117655
2024,71,28.5,-13.5,2298.77,11977.59,0.191923
2024,72,28.5,-12.5,3137.95,12024.5,0.260963
2024,73,28.5,-11.5,6072.46,12068.05,0.503185
2024,74,28.5,-10.5,6437.89,12108.0,0.531705
2024,75,28.5,-9.5,2354.54,12144.13,0.193883
2024,76,28.5,-8.5,2837.42,12177.3,0.233009
2024,77,28.5,-7.5,3561.15,12206.0,0.291754
2024,78,28.5,-6.5,2195.51,12231.7,0.179493
2024,79,28.5,-5.5,2158.43,12253.79,0.176144
2024,80,29.5,-24.5,840.52,11226.69,0.074868
2024,81,29.5,-23.5,135.04,11311.91,0.011937
2024,82,29.5,-22.5,2.53,11394.51,0.000222
2024,83,29.5,-21.5,62.03,11472.88,0.005406
2024,84,29.5,-20.5,90.67,11547.4,0.007852
2024,85,29.5,-19.5,419.64,11620.25,0.036113
2024,86,29.5,-18.5,41.32,11688.61,0.003535
2024,87,29.5,-17.5,469.04,11753.47,0.039907
2024,88,29.5,-16.5,2816.62,11814.81,0.238397
2024,89,29.5,-15.5,2589.06,11871.57,0.218089
2024,90,29.5,-14.5,2339.41,11926.67,0.19615
2024,91,29.5,-13.5,1995.03,11977.8,0.166561
2024,92,29.5,-12.5,5200.91,12024.71,0.432518
2024,93,29.5,-11.5,5320.17,12067.2,0.440879
2024,94,29.5,-10.5,7873.62,12108.21,0.650271
2024,95,29.5,-9.5,7266.91,12144.35,0.598378
2024,96,29.5,-8.5,3631.97,12177.52,0.298252
2024,97,29.5,-7.5,2917.39,12206.21,0.239009
2024,98,29.5,-6.5,965.74,12230.84,0.078959
2024,99,29.5,-5.5,300.36,12254.0,0.024511
2024,100,30.5,-24.5,1016.66,11226.69,0.090557
2024,101,30.5,-23.5,287.03,11311.91,0.025374
2024,102,30.5,-22.5,74.09,11394.51,0.006503
2024,103,30.5,-21.5,166.18,11472.88,0.014485
2024,104,30.5,-20.5,26.11,11547.6,0.002261
2024,105,30.5,-19.5,378.39,11620.25,0.032563
2024,106,30.5,-18.5,405.45,11688.61,0.034687
2024,107,30.5,-17.5,1959.3,11753.47,0.1667
2024,108,30.5,-16.5,1465.35,11814.82,0.124027
2024,109,30.5,-15.5,1773.92,11871.78,0.149424
2024,110,30.5,-14.5,2951.35,11926.68,0.247458
2024,111,30.5,-13.5,4576.64,11977.8,0.382094
2024,112,30.5,-12.5,5043.19,12024.71,0.419402
2024,113,30.5,-11.5,5493.09,12068.26,0.455168
2024,114,30.5,-10.5,5258.84,12108.21,0.43432
2024,115,30.5,-9.5,5506.39,12144.35,0.453412
2024,116,30.5,-8.5,4169.84,12177.52,0.342421
2024,117,30.5,-7.5,2074.87,12206.21,0.169984
2024,118,30.5,-6.5,1307.73,12231.92,0.106912
2024,119,30.5,-5.5,1086.56,12254.0,0.088669
2024,120,31.5,-24.5,1149.66,11226.69,0.102405
2024,121,31.5,-23.5,742.73,11311.91,0.065659
2024,122,31.5,-22.5,912.64,11394.51,0.080094
2024,123,31.5,-21.5,195.14,11472.88,0.017009
2024,124,31.5,-20.5,55.17,11547.6,0.004777
2024,125,31.5,-19.5,67.76,11620.25,0.005832
2024,126,31.5,-18.5,563.84,11688.61,0.048238
2024,127,31.5,-17.5,964.87,11753.47,0.082093
2024,128,31.5,-16.5,1080.52,11814.81,0.091455
2024,129,31.5,-15.5,1294.19,11871.78,0.109014
2024,130,31.5,-14.5,777.06,11926.67,0.065153
2024,131,31.5,-13.5,3926.44,11977.79,0.32781
2024,132,31.5,-12.5,3978.75,12024.71,0.330881
2024,133,31.5,-11.5,5603.77,12067.42,0.464372
2024,134,31.5,-10.5,5442.25,12108.21,0.449468
2024,135,31.5,-9.5,2304.0,12144.35,0.189718
2024,136,31.5,-8.5,759.47,12177.52,0.062367
2024,137,31.5,-7.5,1411.65,12206.21,0.11565
2024,138,31.5,-6.5,2746.97,12231.05,0.22459
2024,139,31.5,-5.5,2864.86,12254.0,0.233789
2024,140,32.5,-24.5,813.39,11226.69,0.072452
2024,141,32.5,-23.5,535.57,11311.91,0.047345
2024,142,32.5,-22.5,3134.19,11394.51,0.275061
2024,143,32.5,-21.5,1685.22,11472.88,0.146887
2024,144,32.5,-20.5,454.68,11548.4,0.039372
2024,145,32.5,-19.5,426.32,11620.25,0.036688
2024,146,32.5,-18.5,547.16,11688.61,0.046811
2024,147,32.5,-17.5,105.37,11753.47,0.008965
2024,148,32.5,-16.5,214.82,11814.82,0.018182
2024,149,32.5,-15.5,894.66,11872.62,0.075355
2024,150,32.5,-14.5,1690.72,11926.67,0.14176
2024,151,32.5,-13.5,874.73,11977.79,0.073029
2024,152,32.5,-12.5,2834.91,12024.71,0.235757
2024,153,32.5,-11.5,3129.82,12068.26,0.259343
2024,154,32.5,-10.5,2575.2,12108.21,0.212682
2024,155,32.5,-9.5,2627.13,12144.35,0.216325
2024,156,32.5,-8.5,74.03,12177.52,0.006079
2024,157,32.5,-7.5,4037.28,12206.21,0.330757
2024,158,32.5,-6.5,3254.39,12231.92,0.266057
2024,159,32.5,-5.5,1161.56,12254.0,0.09479
2024,160,33.5,-24.5,455.03,11226.69,0.040531
2024,161,33.5,-23.5,786.93,11311.91,0.069567
2024,162,33.5,-22.5,2389.65,11394.51,0.20972
2024,163,33.5,-21.5,1120.81,11472.88,0.097692
2024,164,33.5,-20.5,2105.99,11547.6,0.182375
2024,165,33.5,-19.5,2637.3,11620.25,0.226957
2024,166,33.5,-18.5,4477.82,11688.61,0.383093
2024,167,33.5,-17.5,4497.28,11753.47,0.382634
2024,168,33.5,-16.5,424.15,11814.82,0.0359
2024,169,33.5,-15.5,2441.11,11871.78,0.205623
2024,170,33.5,-14.5,1606.98,11926.67,0.134738
2024,171,33.5,-13.5,206.69,11977.8,0.017256
2024,172,33.5,-12.5,495.83,12024.71,0.041234
2024,173,33.5,-11.5,791.34,12068.26,0.065572
2024,174,33.5,-10.5,2427.87,12108.21,0.200515
2024,175,33.5,-9.5,538.15,12144.35,0.044313
2024,176,33.5,-8.5,296.48,12177.52,0.024346
2024,177,33.5,-7.5,1584.73,12206.21,0.12983
2024,178,33.5,-6.5,1170.33,12231.92,0.095679
2024,179,33.5,-5.5,27.43,12254.0,0.002239
2024,180,34.5,-24.5,413.82,11226.69,0.036861
2024,181,34.5,-23.5,913.69,11311.91,0.080772
2024,182,34.5,-22.5,405.3,11394.51,0.03557
2024,183,34.5,-21.5,1110.3,11472.88,0.096776
2024,184,34.5,-20.5,2451.6,11547.19,0.212312
2024,185,34.5,-19.5,2291.08,11620.25,0.197163
2024,186,34.5,-18.5,2783.37,11688.61,0.238127
2024,187,34.5,-17.5,2317.02,11753.47,0.197135
2024,188,34.5,-16.5,797.67,11814.81,0.067514
2024,189,34.5,-15.5,1530.18,11871.36,0.128896
2024,190,34.5,-14.5,261.59,11926.67,0.021933
2024,191,34.5,-13.5,246.68,11977.79,0.020595
2024,192,34.5,-12.5,593.67,12024.71,0.049371
2024,193,34.5,-11.5,143.38,12066.99,0.011882
2024,194,34.5,-10.5,342.55,12108.21,0.028291
2024,195,34.5,-9.5,460.09,12144.35,0.037885
2024,196,34.5,-8.5,1087.65,12177.52,0.089316
2024,197,34.5,-7.5,5912.92,12206.21,0.484419
2024,198,34.5,-6.5,2264.66,12230.62,0.185163
2024,199,34.5,-5.5,143.2,12254.0,0.011686
2024,200,35.5,-24.5,23.45,11226.5,0.002089
2024,201,35.5,-23.5,14.28,11311.71,0.001263
2024,202,35.5,-22.5,217.97,11394.31,0.01913
2024,203,35.5,-21.5,119.11,11472.68,0.010382
2024,204,35.5,-20.5,0.0,11547.6,0.0
2024,205,35.5,-19.5,886.7,11620.05,0.076307
2024,206,35.5,-18.5,2197.44,11688.41,0.188002
2024,207,35.5,-17.5,2698.03,11753.27,0.229555
2024,208,35.5,-16.5,2574.46,11814.61,0.217905
2024,209,35.5,-15.5,396.23,11871.78,0.033376
2024,210,35.5,-14.5,903.7,11926.46,0.075772
2024,211,35.5,-13.5,1572.28,11977.58,0.131269
2024,212,35.5,-12.5,2053.43,12024.5,0.17077
2024,213,35.5,-11.5,2888.2,12068.05,0.239326
2024,214,35.5,-10.5,1796.08,12108.0,0.148339
2024,215,35.5,-9.5,916.36,12144.14,0.075457
2024,216,35.5,-8.5,594.37,12177.3,0.04881
2024,217,35.5,-7.5,330.19,12206.0,0.027051
2024,218,35.5,-6.5,123.08,12231.7,0.010062
2024,219,35.5,-5.5,109.45,12253.78,0.008932
2024,220,36.5,-24.5,0.0,11226.89,0.0
2024,221,36.5,-23.5,0.0,11312.11,0.0
2024,222,36.5,-22.5,0.0,11394.71,0.0
2024,223,36.5,-21.5,0.0,11473.08,0.0
2024,224,36.5,-20.5,0.0,11547.4,0.0
2024,225,36.5,-19.5,0.0,11620.45,0.0
2024,226,36.5,-18.5,1625.98,11688.82,0.139105
2024,227,36.5,-17.5,3647.66,11753.68,0.310342
2024,228,36.5,-16.5,3999.82,11815.02,0.338537
2024,229,36.5,-15.5,3847.46,11871.57,0.32409
2024,230,36.5,-14.5,3447.08,11926.88,0.289018
2024,231,36.5,-13.5,4521.3,11978.0,0.377467
2024,232,36.5,-12.5,3481.02,12024.93,0.289484
2024,233,36.5,-11.5,3218.06,12067.21,0.266678
2024,234,36.5,-10.5,1111.29,12108.43,0.091778
2024,235,36.5,-9.5,406.2,12144.56,0.033447
2024,236,36.5,-8.5,582.11,12177.73,0.047801
2024,237,36.5,-7.5,839.86,12206.42,0.068805
2024,238,36.5,-6.5,355.14,12230.84,0.029036
2024,239,36.5,-5.5,121.64,12254.21,0.009927
2024,240,37.5,-24.5,0.0,11226.69,0.0
2024,241,37.5,-23.5,0.0,11311.91,0.0
2024,242,37.5,-22.5,0.0,11394.51,0.0
2024,243,37.5,-21.5,0.0,11472.88,0.0
2024,244,37.5,-20.5,0.0,11547.4,0.0
2024,245,37.5,-19.5,0.0,11620.25,0.0
2024,246,37.5,-18.5,0.0,11688.61,0.0
2024,247,37.5,-17.5,1560.7,11753.47,0.132786
2024,248,37.5,-16.5,4508.89,11814.81,0.38163
2024,249,37.5,-15.5,3932.72,11871.57,0.331272
2024,250,37.5,-14.5,3577.44,11926.67,0.299952
2024,251,37.5,-13.5,2945.79,11977.79,0.245938
2024,252,37.5,-12.5,5761.16,12024.71,0.47911
2024,253,37.5,-11.5,4639.55,12068.26,0.384443
2024,254,37.5,-10.5,685.1,12108.21,0.056581
2024,255,37.5,-9.5,655.61,12144.35,0.053985
2024,256,37.5,-8.5,3724.29,12177.52,0.305833
2024,257,37.5,-7.5,2444.14,12206.21,0.200237
2024,258,37.5,-6.5,461.71,12231.92,0.037747
2024,259,37.5,-5.5,328.75,12254.0,0.026828
2024,260,38.5,-24.5,0.0,11226.69,0.0
2024,261,38.5,-23.5,0.0,11311.91,0.0
2024,262,38.5,-22.5,0.0,11394.51,0.0
2024,263,38.5,-21.5,0.0,11472.88,0.0
2024,264,38.5,-20.5,0.0,11547.6,0.0
2024,265,38.5,-19.5,0.0,11620.25,0.0
2024,266,38.5,-18.5,0.0,11688.61,0.0
2024,267,38.5,-17.5,229.22,11753.47,0.019502
2024,268,38.5,-16.5,6843.11,11814.82,0.579198
2024,269,38.5,-15.5,6432.01,11871.78,0.54179
2024,270,38.5,-14.5,5434.04,11926.67,0.455621
2024,271,38.5,-13.5,3976.5,11977.8,0.331989
2024,272,38.5,-12.5,4322.66,12024.71,0.359481
2024,273,38.5,-11.5,4259.06,12067.42,0.352939
2024,274,38.5,-10.5,1286.63,12108.21,0.106261
2024,275,38.5,-9.5,1354.43,12144.35,0.111527
2024,276,38.5,-8.5,1982.68,12177.52,0.162815
2024,277,38.5,-7.5,1167.54,12206.21,0.095652
2024,278,38.5,-6.5,426.28,12231.05,0.034852
2024,279,38.5,-5.5,616.31,12254.0,0.050294
2024,280,39.5,-24.5,0.0,11226.69,0.0
2024,281,39.5,-23.5,0.0,11311.91,0.0
2024,282,39.5,-22.5,0.0,11394.51,0.0
2024,283,39.5,-21.5,0.0,11472.88,0.0
2024,284,39.5,-20.5,0.0,11548.4,0.0
2024,285,39.5,-19.5,0.0,11620.25,0.0
2024,286,39.5,-18.5,0.0,11688.61,0.0
2024,287,39.5,-17.5,0.0,11753.47,0.0
2024,288,39.5,-16.5,2458.44,11814.81,0.208081
2024,289,39.5,-15.5,4321.52,11872.62,0.36399
2024,290,39.5,-14.5,4234.01,11926.67,0.355004
2024,291,39.5,-13.5,3633.02,11977.8,0.303313
2024,292,39.5,-12.5,1869.77,12024.71,0.155494
2024,293,39.5,-11.5,2200.1,12068.26,0.182305
2024,294,39.5,-10.5,473.18,12108.21,0.039079
2024,295,39.5,-9.5,357.45,12144.35,0.029434
2024,296,39.5,-8.5,105.6,12177.52,0.008672
2024,297,39.5,-7.5,46.88,12206.21,0.003841
2024,298,39.5,-6.5,12.18,12231.92,0.000996
2024,299,39.5,-5.5,0.95,12254.0,7.7e-05
