city,country,lon,lat,year,month,date,AER_AI,CO,fire_count_250km,is_peak
Lusaka,Zambia,28.28,-15.42,2018,1,2018-01-01,,,61,False
Lusaka,Zambia,28.28,-15.42,2018,2,2018-02-01,,,0,False
Lusaka,Zambia,28.28,-15.42,2018,3,2018-03-01,,,4,False
Lusaka,Zambia,28.28,-15.42,2018,4,2018-04-01,,,23,False
Lusaka,Zambia,28.28,-15.42,2018,5,2018-05-01,,,228,False
Lusaka,Zambia,28.28,-15.42,2018,6,2018-06-01,-0.766066,,1891,False
Lusaka,Zambia,28.28,-15.42,2018,7,2018-07-01,-0.929573,-7271.312815,3073,True
Lusaka,Zambia,28.28,-15.42,2018,8,2018-08-01,-0.646671,-2392.050508,9056,True
Lusaka,Zambia,28.28,-15.42,2018,9,2018-09-01,-0.571587,44.820525,7345,True
Lusaka,Zambia,28.28,-15.42,2018,10,2018-10-01,-0.8442,37.675097,2135,True
Lusaka,Zambia,28.28,-15.42,2018,11,2018-11-01,-0.973698,35.870724,872,False
Lusaka,Zambia,28.28,-15.42,2018,12,2018-12-01,-1.128367,28.235192,65,False
Lusaka,Zambia,28.28,-15.42,2019,1,2019-01-01,-1.236253,26.222606,1,False
Lusaka,Zambia,28.28,-15.42,2019,2,2019-02-01,-1.354504,25.615782,30,False
Lusaka,Zambia,28.28,-15.42,2019,3,2019-03-01,-1.398821,23.786027,265,False
Lusaka,Zambia,28.28,-15.42,2019,4,2019-04-01,-1.288676,25.43469,218,False
Lusaka,Zambia,28.28,-15.42,2019,5,2019-05-01,-1.289434,25.454149,1835,False
Lusaka,Zambia,28.28,-15.42,2019,6,2019-06-01,-1.283074,25.52164,2865,False
Lusaka,Zambia,28.28,-15.42,2019,7,2019-07-01,-1.170816,29.255681,5376,True
Lusaka,Zambia,28.28,-15.42,2019,8,2019-08-01,-0.959087,37.402625,5175,True
Lusaka,Zambia,28.28,-15.42,2019,9,2019-09-01,-0.794663,47.49237,4712,True
Lusaka,Zambia,28.28,-15.42,2019,10,2019-10-01,-1.082004,46.046552,1574,True
Lusaka,Zambia,28.28,-15.42,2019,11,2019-11-01,-1.317394,39.442952,425,False
Lusaka,Zambia,28.28,-15.42,2019,12,2019-12-01,-1.466347,26.33507,53,False
Lusaka,Zambia,28.28,-15.42,2020,1,2020-01-01,-1.532969,28.079147,0,False
Lusaka,Zambia,28.28,-15.42,2020,2,2020-02-01,-1.482871,31.93266,2,False
Lusaka,Zambia,28.28,-15.42,2020,3,2020-03-01,-1.60797,28.850274,7,False
Lusaka,Zambia,28.28,-15.42,2020,4,2020-04-01,-1.683419,27.038848,132,False
Lusaka,Zambia,28.28,-15.42,2020,5,2020-05-01,-1.604436,-9706.0236,888,False
Lusaka,Zambia,28.28,-15.42,2020,6,2020-06-01,-1.516277,28.692423,1668,False
Lusaka,Zambia,28.28,-15.42,2020,7,2020-07-01,-0.694255,29.603638,3988,True
Lusaka,Zambia,28.28,-15.42,2020,8,2020-08-01,-1.200346,41.679812,5315,True
Lusaka,Zambia,28.28,-15.42,2020,9,2020-09-01,-1.038228,51.54585,4159,True
Lusaka,Zambia,28.28,-15.42,2020,10,2020-10-01,-1.286955,51.776437,2112,True
Lusaka,Zambia,28.28,-15.42,2020,11,2020-11-01,-1.614223,42.776358,572,False
Lusaka,Zambia,28.28,-15.42,2020,12,2020-12-01,-1.669668,30.950699,0,False
Lusaka,Zambia,28.28,-15.42,2021,1,2021-01-01,-1.638423,27.837146,0,False
Lusaka,Zambia,28.28,-15.42,2021,2,2021-02-01,-1.726521,26.813491,0,False
Lusaka,Zambia,28.28,-15.42,2021,3,2021-03-01,-1.872023,28.664642,3,False
Lusaka,Zambia,28.28,-15.42,2021,4,2021-04-01,-1.863891,24.449247,35,False
Lusaka,Zambia,28.28,-15.42,2021,5,2021-05-01,-1.933539,24.671762,259,False
Lusaka,Zambia,28.28,-15.42,2021,6,2021-06-01,-1.938299,27.599831,1306,False
Lusaka,Zambia,28.28,-15.42,2021,7,2021-07-01,-0.387171,28.51855,3260,True
Lusaka,Zambia,28.28,-15.42,2021,8,2021-08-01,-0.04751,37.508832,5669,True
Lusaka,Zambia,28.28,-15.42,2021,9,2021-09-01,-0.026441,45.750541,5479,True
Lusaka,Zambia,28.28,-15.42,2021,10,2021-10-01,-0.22655,48.425722,2527,True
Lusaka,Zambia,28.28,-15.42,2021,11,2021-11-01,-0.474601,43.52141,1176,False
Lusaka,Zambia,28.28,-15.42,2021,12,2021-12-01,-0.624016,31.172238,254,False
Lusaka,Zambia,28.28,-15.42,2022,1,2022-01-01,-0.969471,27.230936,2,False
Lusaka,Zambia,28.28,-15.42,2022,2,2022-02-01,-0.844993,23.715507,1,False
Lusaka,Zambia,28.28,-15.42,2022,3,2022-03-01,-0.829418,25.341051,10,False
Lusaka,Zambia,28.28,-15.42,2022,4,2022-04-01,-0.686251,24.338398,5,False
Lusaka,Zambia,28.28,-15.42,2022,5,2022-05-01,-0.297546,24.259679,182,False
Lusaka,Zambia,28.28,-15.42,2022,6,2022-06-01,-0.36654,25.22231,1212,False
Lusaka,Zambia,28.28,-15.42,2022,7,2022-07-01,-0.295418,27.333997,3072,True
Lusaka,Zambia,28.28,-15.42,2022,8,2022-08-01,-0.058486,35.780943,7096,True
Lusaka,Zambia,28.28,-15.42,2022,9,2022-09-01,0.027806,46.657652,5638,True
Lusaka,Zambia,28.28,-15.42,2022,10,2022-10-01,0.108147,56.226529,2959,True
Lusaka,Zambia,28.28,-15.42,2022,11,2022-11-01,-0.704719,40.227194,222,False
Lusaka,Zambia,28.28,-15.42,2022,12,2022-12-01,-0.696476,26.918984,5,False
Lusaka,Zambia,28.28,-15.42,2023,1,2023-01-01,-0.786,29.172322,0,False
Lusaka,Zambia,28.28,-15.42,2023,2,2023-02-01,-0.833079,25.104107,0,False
Lusaka,Zambia,28.28,-15.42,2023,3,2023-03-01,-0.739484,26.366846,6,False
Lusaka,Zambia,28.28,-15.42,2023,4,2023-04-01,-0.604824,24.33833,79,False
Lusaka,Zambia,28.28,-15.42,2023,5,2023-05-01,-0.352678,-2409.116567,1015,False
Lusaka,Zambia,28.28,-15.42,2023,6,2023-06-01,-0.199567,28.718224,1995,False
Lusaka,Zambia,28.28,-15.42,2023,7,2023-07-01,-0.219888,28.539932,3097,True
Lusaka,Zambia,28.28,-15.42,2023,8,2023-08-01,-0.031161,35.93588,4763,True
Lusaka,Zambia,28.28,-15.42,2023,9,2023-09-01,0.246516,50.026865,3453,True
Lusaka,Zambia,28.28,-15.42,2023,10,2023-10-01,-0.213549,48.630995,1330,True
Lusaka,Zambia,28.28,-15.42,2023,11,2023-11-01,-0.484238,39.921422,458,False
Lusaka,Zambia,28.28,-15.42,2023,12,2023-12-01,-0.68518,32.654355,124,False
Lusaka,Zambia,28.28,-15.42,2024,1,2024-01-01,-0.827988,27.341759,0,False
Lusaka,Zambia,28.28,-15.42,2024,2,2024-02-01,-0.619691,25.862824,161,False
Lusaka,Zambia,28.28,-15.42,2024,3,2024-03-01,-0.700116,24.643601,190,False
Lusaka,Zambia,28.28,-15.42,2024,4,2024-04-01,-0.556351,24.732681,43,False
Lusaka,Zambia,28.28,-15.42,2024,5,2024-05-01,-0.324145,27.068678,986,False
Lusaka,Zambia,28.28,-15.42,2024,6,2024-06-01,-0.172853,31.037063,1630,False
Lusaka,Zambia,28.28,-15.42,2024,7,2024-07-01,-0.034442,36.338743,3787,True
Lusaka,Zambia,28.28,-15.42,2024,8,2024-08-01,0.034504,40.401968,2972,True
Lusaka,Zambia,28.28,-15.42,2024,9,2024-09-01,0.160767,50.803037,2085,True
Lusaka,Zambia,28.28,-15.42,2024,10,2024-10-01,-0.26522,55.425976,1266,True
Lusaka,Zambia,28.28,-15.42,2024,11,2024-11-01,-0.766045,41.033034,37,False
Lusaka,Zambia,28.28,-15.42,2024,12,2024-12-01,-0.61213,31.58953,239,False
Ndola,Zambia,28.64,-12.97,2018,1,2018-01-01,,,22,False
Ndola,Zambia,28.64,-12.97,2018,2,2018-02-01,,,2,False
Ndola,Zambia,28.64,-12.97,2018,3,2018-03-01,,,11,False
Ndola,Zambia,28.64,-12.97,2018,4,2018-04-01,,,112,False
Ndola,Zambia,28.64,-12.97,2018,5,2018-05-01,,,297,False
Ndola,Zambia,28.64,-12.97,2018,6,2018-06-01,-0.760739,,1990,False
Ndola,Zambia,28.64,-12.97,2018,7,2018-07-01,-0.891777,28.936203,4904,True
Ndola,Zambia,28.64,-12.97,2018,8,2018-08-01,-0.640345,40.610682,14949,True
Ndola,Zambia,28.64,-12.97,2018,9,2018-09-01,-0.645517,45.853697,9779,True
Ndola,Zambia,28.64,-12.97,2018,10,2018-10-01,-0.999612,41.80273,3152,True
Ndola,Zambia,28.64,-12.97,2018,11,2018-11-01,-1.09358,37.575739,971,False
Ndola,Zambia,28.64,-12.97,2018,12,2018-12-01,-1.163269,29.715086,22,False
Ndola,Zambia,28.64,-12.97,2019,1,2019-01-01,-1.239894,27.776672,0,False
Ndola,Zambia,28.64,-12.97,2019,2,2019-02-01,-1.314179,27.245199,12,False
Ndola,Zambia,28.64,-12.97,2019,3,2019-03-01,-1.418287,24.980655,20,False
Ndola,Zambia,28.64,-12.97,2019,4,2019-04-01,-1.393344,24.791918,63,False
Ndola,Zambia,28.64,-12.97,2019,5,2019-05-01,-1.353722,25.979227,461,False
Ndola,Zambia,28.64,-12.97,2019,6,2019-06-01,-1.363147,25.843086,2331,False
Ndola,Zambia,28.64,-12.97,2019,7,2019-07-01,-1.233711,30.830524,7868,True
Ndola,Zambia,28.64,-12.97,2019,8,2019-08-01,-0.969025,39.959549,14185,True
Ndola,Zambia,28.64,-12.97,2019,9,2019-09-01,-0.925141,50.952812,7595,True
Ndola,Zambia,28.64,-12.97,2019,10,2019-10-01,-1.26748,45.044226,2928,True
Ndola,Zambia,28.64,-12.97,2019,11,2019-11-01,-1.387545,38.629637,1108,False
Ndola,Zambia,28.64,-12.97,2019,12,2019-12-01,-1.543529,25.92755,25,False
Ndola,Zambia,28.64,-12.97,2020,1,2020-01-01,-1.547777,29.967719,0,False
Ndola,Zambia,28.64,-12.97,2020,2,2020-02-01,-1.486408,33.127109,3,False
Ndola,Zambia,28.64,-12.97,2020,3,2020-03-01,-1.63974,28.548436,0,False
Ndola,Zambia,28.64,-12.97,2020,4,2020-04-01,-1.74116,27.056289,75,False
Ndola,Zambia,28.64,-12.97,2020,5,2020-05-01,-1.672585,-4892.662647,530,False
Ndola,Zambia,28.64,-12.97,2020,6,2020-06-01,-1.545491,30.055478,2140,False
Ndola,Zambia,28.64,-12.97,2020,7,2020-07-01,-1.469192,31.171506,5703,True
Ndola,Zambia,28.64,-12.97,2020,8,2020-08-01,-1.232629,44.278619,12206,True
Ndola,Zambia,28.64,-12.97,2020,9,2020-09-01,-1.143474,50.85633,10278,True
Ndola,Zambia,28.64,-12.97,2020,10,2020-10-01,-1.471026,49.05929,4011,True
Ndola,Zambia,28.64,-12.97,2020,11,2020-11-01,-1.759944,40.162104,792,False
Ndola,Zambia,28.64,-12.97,2020,12,2020-12-01,-1.684198,29.974266,2,False
Ndola,Zambia,28.64,-12.97,2021,1,2021-01-01,-1.634859,29.908246,6,False
Ndola,Zambia,28.64,-12.97,2021,2,2021-02-01,-1.755871,28.963501,9,False
Ndola,Zambia,28.64,-12.97,2021,3,2021-03-01,-1.786919,30.047999,8,False
Ndola,Zambia,28.64,-12.97,2021,4,2021-04-01,-1.855878,24.883379,17,False
Ndola,Zambia,28.64,-12.97,2021,5,2021-05-01,-1.952019,24.650829,201,False
Ndola,Zambia,28.64,-12.97,2021,6,2021-06-01,-1.94329,28.196261,1694,False
Ndola,Zambia,28.64,-12.97,2021,7,2021-07-01,-0.365667,29.40343,5103,True
Ndola,Zambia,28.64,-12.97,2021,8,2021-08-01,-0.022826,41.70569,11866,True
Ndola,Zambia,28.64,-12.97,2021,9,2021-09-01,-0.089773,47.083441,10042,True
Ndola,Zambia,28.64,-12.97,2021,10,2021-10-01,-0.410708,48.949326,3425,True
Ndola,Zambia,28.64,-12.97,2021,11,2021-11-01,-0.612891,42.356827,999,False
Ndola,Zambia,28.64,-12.97,2021,12,2021-12-01,-0.715156,29.845426,461,False
Ndola,Zambia,28.64,-12.97,2022,1,2022-01-01,-1.020382,27.706187,0,False
Ndola,Zambia,28.64,-12.97,2022,2,2022-02-01,-0.926365,26.786255,0,False
Ndola,Zambia,28.64,-12.97,2022,3,2022-03-01,-0.909931,24.760225,1,False
Ndola,Zambia,28.64,-12.97,2022,4,2022-04-01,-0.703897,24.1189,16,False
Ndola,Zambia,28.64,-12.97,2022,5,2022-05-01,-0.285099,24.898041,110,False
Ndola,Zambia,28.64,-12.97,2022,6,2022-06-01,-0.314626,26.246938,944,False
Ndola,Zambia,28.64,-12.97,2022,7,2022-07-01,-0.198657,29.563002,3565,True
Ndola,Zambia,28.64,-12.97,2022,8,2022-08-01,-0.037148,37.971574,11932,True
Ndola,Zambia,28.64,-12.97,2022,9,2022-09-01,0.021613,49.24501,8961,True
Ndola,Zambia,28.64,-12.97,2022,10,2022-10-01,-0.044982,53.834187,3145,True
Ndola,Zambia,28.64,-12.97,2022,11,2022-11-01,-0.788827,41.90455,581,False
Ndola,Zambia,28.64,-12.97,2022,12,2022-12-01,-0.772278,27.375509,2,False
Ndola,Zambia,28.64,-12.97,2023,1,2023-01-01,-0.810791,30.857788,0,False
Ndola,Zambia,28.64,-12.97,2023,2,2023-02-01,-0.836111,26.309482,7,False
Ndola,Zambia,28.64,-12.97,2023,3,2023-03-01,-0.824634,26.962722,1,False
Ndola,Zambia,28.64,-12.97,2023,4,2023-04-01,-0.663363,24.411693,50,False
Ndola,Zambia,28.64,-12.97,2023,5,2023-05-01,-0.407362,25.486253,397,False
Ndola,Zambia,28.64,-12.97,2023,6,2023-06-01,-0.227431,28.775472,1248,False
Ndola,Zambia,28.64,-12.97,2023,7,2023-07-01,-0.217761,29.92157,3810,True
Ndola,Zambia,28.64,-12.97,2023,8,2023-08-01,-0.061614,39.597976,8638,True
Ndola,Zambia,28.64,-12.97,2023,9,2023-09-01,0.129919,52.099064,5677,True
Ndola,Zambia,28.64,-12.97,2023,10,2023-10-01,-0.346919,48.786033,1613,True
Ndola,Zambia,28.64,-12.97,2023,11,2023-11-01,-0.708101,39.518005,303,False
Ndola,Zambia,28.64,-12.97,2023,12,2023-12-01,-0.818095,31.431088,32,False
Ndola,Zambia,28.64,-12.97,2024,1,2024-01-01,-0.852369,29.69079,1,False
Ndola,Zambia,28.64,-12.97,2024,2,2024-02-01,-0.798677,26.559957,17,False
Ndola,Zambia,28.64,-12.97,2024,3,2024-03-01,-0.836066,24.315776,18,False
Ndola,Zambia,28.64,-12.97,2024,4,2024-04-01,-0.694717,23.936983,22,False
Ndola,Zambia,28.64,-12.97,2024,5,2024-05-01,-0.437422,27.723374,662,False
Ndola,Zambia,28.64,-12.97,2024,6,2024-06-01,-0.263316,31.188365,1840,False
Ndola,Zambia,28.64,-12.97,2024,7,2024-07-01,-0.092696,37.66721,6173,True
Ndola,Zambia,28.64,-12.97,2024,8,2024-08-01,-0.06378,41.797654,6771,True
Ndola,Zambia,28.64,-12.97,2024,9,2024-09-01,-0.00606,51.171907,3345,True
Ndola,Zambia,28.64,-12.97,2024,10,2024-10-01,-0.469991,55.626595,2761,True
Ndola,Zambia,28.64,-12.97,2024,11,2024-11-01,-0.867784,40.769835,162,False
Ndola,Zambia,28.64,-12.97,2024,12,2024-12-01,-0.743626,30.436876,190,False
Kitwe,Zambia,28.21,-12.82,2018,1,2018-01-01,,,54,False
Kitwe,Zambia,28.21,-12.82,2018,2,2018-02-01,,,16,False
Kitwe,Zambia,28.21,-12.82,2018,3,2018-03-01,,,25,False
Kitwe,Zambia,28.21,-12.82,2018,4,2018-04-01,,,147,False
Kitwe,Zambia,28.21,-12.82,2018,5,2018-05-01,,,425,False
Kitwe,Zambia,28.21,-12.82,2018,6,2018-06-01,-0.760963,,2635,False
Kitwe,Zambia,28.21,-12.82,2018,7,2018-07-01,-0.89437,29.211982,5577,True
Kitwe,Zambia,28.21,-12.82,2018,8,2018-08-01,-0.598576,41.63927,15915,True
Kitwe,Zambia,28.21,-12.82,2018,9,2018-09-01,-0.64269,46.321477,9029,True
Kitwe,Zambia,28.21,-12.82,2018,10,2018-10-01,-1.020922,42.087156,3166,True
Kitwe,Zambia,28.21,-12.82,2018,11,2018-11-01,-1.119924,37.287037,801,False
Kitwe,Zambia,28.21,-12.82,2018,12,2018-12-01,-1.177466,29.765317,21,False
Kitwe,Zambia,28.21,-12.82,2019,1,2019-01-01,-1.23495,27.913202,0,False
Kitwe,Zambia,28.21,-12.82,2019,2,2019-02-01,-1.308083,27.438574,27,False
Kitwe,Zambia,28.21,-12.82,2019,3,2019-03-01,-1.419166,25.127968,82,False
Kitwe,Zambia,28.21,-12.82,2019,4,2019-04-01,-1.399577,24.828384,113,False
Kitwe,Zambia,28.21,-12.82,2019,5,2019-05-01,-1.359907,26.113228,601,False
Kitwe,Zambia,28.21,-12.82,2019,6,2019-06-01,-1.3641,26.036306,2823,False
Kitwe,Zambia,28.21,-12.82,2019,7,2019-07-01,-1.22391,31.363842,8629,True
Kitwe,Zambia,28.21,-12.82,2019,8,2019-08-01,-0.942725,40.886003,15052,True
Kitwe,Zambia,28.21,-12.82,2019,9,2019-09-01,-0.92937,51.310767,7675,True
Kitwe,Zambia,28.21,-12.82,2019,10,2019-10-01,-1.293783,44.950396,2828,True
Kitwe,Zambia,28.21,-12.82,2019,11,2019-11-01,-1.39555,38.528047,906,False
Kitwe,Zambia,28.21,-12.82,2019,12,2019-12-01,-1.546928,25.894264,59,False
Kitwe,Zambia,28.21,-12.82,2020,1,2020-01-01,-1.54422,30.166341,20,False
Kitwe,Zambia,28.21,-12.82,2020,2,2020-02-01,-1.484856,33.545236,35,False
Kitwe,Zambia,28.21,-12.82,2020,3,2020-03-01,-1.63444,28.711304,30,False
Kitwe,Zambia,28.21,-12.82,2020,4,2020-04-01,-1.742724,27.111195,154,False
Kitwe,Zambia,28.21,-12.82,2020,5,2020-05-01,-1.676825,-2567.287789,675,False
Kitwe,Zambia,28.21,-12.82,2020,6,2020-06-01,-1.547968,30.307653,2629,False
Kitwe,Zambia,28.21,-12.82,2020,7,2020-07-01,-1.278449,31.691431,6549,True
Kitwe,Zambia,28.21,-12.82,2020,8,2020-08-01,-1.191593,45.350068,12651,True
Kitwe,Zambia,28.21,-12.82,2020,9,2020-09-01,-1.140173,51.409774,10292,True
Kitwe,Zambia,28.21,-12.82,2020,10,2020-10-01,-1.488852,49.086515,3746,True
Kitwe,Zambia,28.21,-12.82,2020,11,2020-11-01,-1.779353,40.068024,681,False
Kitwe,Zambia,28.21,-12.82,2020,12,2020-12-01,-1.683012,30.050202,8,False
Kitwe,Zambia,28.21,-12.82,2021,1,2021-01-01,-1.62404,30.10229,15,False
Kitwe,Zambia,28.21,-12.82,2021,2,2021-02-01,-1.741329,29.327932,33,False
Kitwe,Zambia,28.21,-12.82,2021,3,2021-03-01,-1.789534,30.092323,21,False
Kitwe,Zambia,28.21,-12.82,2021,4,2021-04-01,-1.86008,24.898857,57,False
Kitwe,Zambia,28.21,-12.82,2021,5,2021-05-01,-1.954255,24.661065,315,False
Kitwe,Zambia,28.21,-12.82,2021,6,2021-06-01,-1.949446,28.477942,2159,False
Kitwe,Zambia,28.21,-12.82,2021,7,2021-07-01,-0.347781,29.797809,5870,True
Kitwe,Zambia,28.21,-12.82,2021,8,2021-08-01,0.008467,42.577826,12659,True
Kitwe,Zambia,28.21,-12.82,2021,9,2021-09-01,-0.077801,47.570112,9901,True
Kitwe,Zambia,28.21,-12.82,2021,10,2021-10-01,-0.446069,49.145087,3168,True
Kitwe,Zambia,28.21,-12.82,2021,11,2021-11-01,-0.642159,42.33267,675,False
Kitwe,Zambia,28.21,-12.82,2021,12,2021-12-01,-0.742158,29.833617,373,False
Kitwe,Zambia,28.21,-12.82,2022,1,2022-01-01,-1.02625,27.845678,11,False
Kitwe,Zambia,28.21,-12.82,2022,2,2022-02-01,-0.935591,27.027457,6,False
Kitwe,Zambia,28.21,-12.82,2022,3,2022-03-01,-0.917299,24.920987,15,False
Kitwe,Zambia,28.21,-12.82,2022,4,2022-04-01,-0.725,24.072074,70,False
Kitwe,Zambia,28.21,-12.82,2022,5,2022-05-01,-0.294132,24.963296,200,False
Kitwe,Zambia,28.21,-12.82,2022,6,2022-06-01,-0.286002,26.52601,1215,False
Kitwe,Zambia,28.21,-12.82,2022,7,2022-07-01,-0.178924,30.003763,3990,True
Kitwe,Zambia,28.21,-12.82,2022,8,2022-08-01,-0.003069,38.938422,12578,True
Kitwe,Zambia,28.21,-12.82,2022,9,2022-09-01,0.030388,50.145309,9105,True
Kitwe,Zambia,28.21,-12.82,2022,10,2022-10-01,-0.07115,53.921599,2886,True
Kitwe,Zambia,28.21,-12.82,2022,11,2022-11-01,-0.807757,41.796499,464,False
Kitwe,Zambia,28.21,-12.82,2022,12,2022-12-01,-0.778033,27.360252,2,False
Kitwe,Zambia,28.21,-12.82,2023,1,2023-01-01,-0.807924,30.956527,0,False
Kitwe,Zambia,28.21,-12.82,2023,2,2023-02-01,-0.843417,26.366077,12,False
Kitwe,Zambia,28.21,-12.82,2023,3,2023-03-01,-0.831707,27.014204,9,False
Kitwe,Zambia,28.21,-12.82,2023,4,2023-04-01,-0.666006,24.40859,91,False
Kitwe,Zambia,28.21,-12.82,2023,5,2023-05-01,-0.410838,25.546297,556,False
Kitwe,Zambia,28.21,-12.82,2023,6,2023-06-01,-0.224821,29.085439,1546,False
Kitwe,Zambia,28.21,-12.82,2023,7,2023-07-01,-0.192596,30.486229,4261,True
Kitwe,Zambia,28.21,-12.82,2023,8,2023-08-01,-0.019892,40.540947,9262,True
Kitwe,Zambia,28.21,-12.82,2023,9,2023-09-01,0.136507,52.646797,5536,True
Kitwe,Zambia,28.21,-12.82,2023,10,2023-10-01,-0.369251,48.632078,1454,True
Kitwe,Zambia,28.21,-12.82,2023,11,2023-11-01,-0.726994,39.423666,252,False
Kitwe,Zambia,28.21,-12.82,2023,12,2023-12-01,-0.834978,31.359726,43,False
Kitwe,Zambia,28.21,-12.82,2024,1,2024-01-01,-0.86829,29.925042,2,False
Kitwe,Zambia,28.21,-12.82,2024,2,2024-02-01,-0.810912,26.692218,30,False
Kitwe,Zambia,28.21,-12.82,2024,3,2024-03-01,-0.842045,24.297567,30,False
Kitwe,Zambia,28.21,-12.82,2024,4,2024-04-01,-0.701578,23.869347,40,False
Kitwe,Zambia,28.21,-12.82,2024,5,2024-05-01,-0.437246,27.825633,860,False
Kitwe,Zambia,28.21,-12.82,2024,6,2024-06-01,-0.247998,31.602017,2281,False
Kitwe,Zambia,28.21,-12.82,2024,7,2024-07-01,-0.067041,38.363551,6683,True
Kitwe,Zambia,28.21,-12.82,2024,8,2024-08-01,-0.039992,42.300488,7247,True
Kitwe,Zambia,28.21,-12.82,2024,9,2024-09-01,-0.01134,51.193673,3429,True
Kitwe,Zambia,28.21,-12.82,2024,10,2024-10-01,-0.490278,55.541283,2684,True
Kitwe,Zambia,28.21,-12.82,2024,11,2024-11-01,-0.890463,40.683698,134,False
Kitwe,Zambia,28.21,-12.82,2024,12,2024-12-01,-0.774359,30.392275,212,False
Dar es Salaam,Tanzania,39.29,-6.79,2018,1,2018-01-01,,,52,False
Dar es Salaam,Tanzania,39.29,-6.79,2018,2,2018-02-01,,,74,False
Dar es Salaam,Tanzania,39.29,-6.79,2018,3,2018-03-01,,,20,False
Dar es Salaam,Tanzania,39.29,-6.79,2018,4,2018-04-01,,,1,False
Dar es Salaam,Tanzania,39.29,-6.79,2018,5,2018-05-01,,,0,False
Dar es Salaam,Tanzania,39.29,-6.79,2018,6,2018-06-01,-1.243739,,53,False
Dar es Salaam,Tanzania,39.29,-6.79,2018,7,2018-07-01,-0.949027,-65656.403492,814,True
Dar es Salaam,Tanzania,39.29,-6.79,2018,8,2018-08-01,-0.936664,-2481.248707,686,True
Dar es Salaam,Tanzania,39.29,-6.79,2018,9,2018-09-01,-1.054358,31.876395,540,True
Dar es Salaam,Tanzania,39.29,-6.79,2018,10,2018-10-01,-0.960678,-10049.71462,236,True
Dar es Salaam,Tanzania,39.29,-6.79,2018,11,2018-11-01,-1.021545,-20073.937822,264,False
Dar es Salaam,Tanzania,39.29,-6.79,2018,12,2018-12-01,-1.05503,27.574447,40,False
Dar es Salaam,Tanzania,39.29,-6.79,2019,1,2019-01-01,-1.113194,28.208919,35,False
Dar es Salaam,Tanzania,39.29,-6.79,2019,2,2019-02-01,-1.085377,29.836309,50,False
Dar es Salaam,Tanzania,39.29,-6.79,2019,3,2019-03-01,-1.089347,27.985343,92,False
Dar es Salaam,Tanzania,39.29,-6.79,2019,4,2019-04-01,-1.236732,25.050329,9,False
Dar es Salaam,Tanzania,39.29,-6.79,2019,5,2019-05-01,-1.230129,23.457265,0,False
Dar es Salaam,Tanzania,39.29,-6.79,2019,6,2019-06-01,-1.224829,28.835732,108,False
Dar es Salaam,Tanzania,39.29,-6.79,2019,7,2019-07-01,-1.356868,27.379259,840,True
Dar es Salaam,Tanzania,39.29,-6.79,2019,8,2019-08-01,-1.319129,27.489212,585,True
Dar es Salaam,Tanzania,39.29,-6.79,2019,9,2019-09-01,-1.196898,33.300834,429,True
Dar es Salaam,Tanzania,39.29,-6.79,2019,10,2019-10-01,-1.346779,32.934336,16,True
Dar es Salaam,Tanzania,39.29,-6.79,2019,11,2019-11-01,-1.350603,30.793174,2,False
Dar es Salaam,Tanzania,39.29,-6.79,2019,12,2019-12-01,-1.346261,27.222451,0,False
Dar es Salaam,Tanzania,39.29,-6.79,2020,1,2020-01-01,-1.384539,32.511738,5,False
Dar es Salaam,Tanzania,39.29,-6.79,2020,2,2020-02-01,-1.443789,30.861548,18,False
Dar es Salaam,Tanzania,39.29,-6.79,2020,3,2020-03-01,-1.387767,30.058426,8,False
Dar es Salaam,Tanzania,39.29,-6.79,2020,4,2020-04-01,-1.41143,-12567.191198,2,False
Dar es Salaam,Tanzania,39.29,-6.79,2020,5,2020-05-01,-1.542247,25.974937,7,False
Dar es Salaam,Tanzania,39.29,-6.79,2020,6,2020-06-01,-1.540657,27.661362,261,False
Dar es Salaam,Tanzania,39.29,-6.79,2020,7,2020-07-01,-1.543607,28.313,854,True
Dar es Salaam,Tanzania,39.29,-6.79,2020,8,2020-08-01,-1.511827,29.437081,839,True
Dar es Salaam,Tanzania,39.29,-6.79,2020,9,2020-09-01,-1.50094,31.034817,957,True
Dar es Salaam,Tanzania,39.29,-6.79,2020,10,2020-10-01,-1.567511,33.836388,625,True
Dar es Salaam,Tanzania,39.29,-6.79,2020,11,2020-11-01,-1.569838,32.04721,36,False
Dar es Salaam,Tanzania,39.29,-6.79,2020,12,2020-12-01,-1.663156,28.201844,76,False
Dar es Salaam,Tanzania,39.29,-6.79,2021,1,2021-01-01,-1.671328,29.385111,41,False
Dar es Salaam,Tanzania,39.29,-6.79,2021,2,2021-02-01,-1.5554,32.363799,18,False
Dar es Salaam,Tanzania,39.29,-6.79,2021,3,2021-03-01,-1.669446,30.397956,112,False
Dar es Salaam,Tanzania,39.29,-6.79,2021,4,2021-04-01,-1.685469,-22757.563907,1,False
Dar es Salaam,Tanzania,39.29,-6.79,2021,5,2021-05-01,-1.805957,25.093708,17,False
Dar es Salaam,Tanzania,39.29,-6.79,2021,6,2021-06-01,-1.777045,28.213545,285,False
Dar es Salaam,Tanzania,39.29,-6.79,2021,7,2021-07-01,-0.590185,27.555883,713,True
Dar es Salaam,Tanzania,39.29,-6.79,2021,8,2021-08-01,-0.498693,31.260321,745,True
Dar es Salaam,Tanzania,39.29,-6.79,2021,9,2021-09-01,-0.331194,31.771666,575,True
Dar es Salaam,Tanzania,39.29,-6.79,2021,10,2021-10-01,-0.211901,34.220651,352,True
Dar es Salaam,Tanzania,39.29,-6.79,2021,11,2021-11-01,-0.251616,32.286919,378,False
Dar es Salaam,Tanzania,39.29,-6.79,2021,12,2021-12-01,-0.44906,27.65744,33,False
Dar es Salaam,Tanzania,39.29,-6.79,2022,1,2022-01-01,-0.315214,31.38873,33,False
Dar es Salaam,Tanzania,39.29,-6.79,2022,2,2022-02-01,-0.380742,31.991562,8,False
Dar es Salaam,Tanzania,39.29,-6.79,2022,3,2022-03-01,-0.310308,28.583174,30,False
Dar es Salaam,Tanzania,39.29,-6.79,2022,4,2022-04-01,-0.507675,-7495.86277,16,False
Dar es Salaam,Tanzania,39.29,-6.79,2022,5,2022-05-01,-0.516145,24.907545,7,False
Dar es Salaam,Tanzania,39.29,-6.79,2022,6,2022-06-01,-0.496476,25.559568,221,False
Dar es Salaam,Tanzania,39.29,-6.79,2022,7,2022-07-01,-0.473813,25.372615,258,True
Dar es Salaam,Tanzania,39.29,-6.79,2022,8,2022-08-01,-0.450312,27.373187,493,True
Dar es Salaam,Tanzania,39.29,-6.79,2022,9,2022-09-01,-0.467276,30.293868,481,True
Dar es Salaam,Tanzania,39.29,-6.79,2022,10,2022-10-01,-0.351842,36.031311,265,True
Dar es Salaam,Tanzania,39.29,-6.79,2022,11,2022-11-01,-0.337342,34.416229,261,False
Dar es Salaam,Tanzania,39.29,-6.79,2022,12,2022-12-01,-0.39284,29.225527,53,False
Dar es Salaam,Tanzania,39.29,-6.79,2023,1,2023-01-01,-0.467739,27.430534,10,False
Dar es Salaam,Tanzania,39.29,-6.79,2023,2,2023-02-01,-0.349928,29.148791,39,False
Dar es Salaam,Tanzania,39.29,-6.79,2023,3,2023-03-01,-0.461346,31.967445,97,False
Dar es Salaam,Tanzania,39.29,-6.79,2023,4,2023-04-01,-0.620032,-22602.278006,11,False
Dar es Salaam,Tanzania,39.29,-6.79,2023,5,2023-05-01,-0.597786,25.766111,0,False
Dar es Salaam,Tanzania,39.29,-6.79,2023,6,2023-06-01,-0.503885,26.110865,38,False
Dar es Salaam,Tanzania,39.29,-6.79,2023,7,2023-07-01,-0.634952,25.063023,335,True
Dar es Salaam,Tanzania,39.29,-6.79,2023,8,2023-08-01,-0.463644,30.280282,325,True
Dar es Salaam,Tanzania,39.29,-6.79,2023,9,2023-09-01,-0.278385,31.606965,267,True
Dar es Salaam,Tanzania,39.29,-6.79,2023,10,2023-10-01,-0.414609,33.585842,243,True
Dar es Salaam,Tanzania,39.29,-6.79,2023,11,2023-11-01,-0.529995,31.420477,9,False
Dar es Salaam,Tanzania,39.29,-6.79,2023,12,2023-12-01,-0.453813,31.14381,18,False
Dar es Salaam,Tanzania,39.29,-6.79,2024,1,2024-01-01,-0.541042,36.975842,0,False
Dar es Salaam,Tanzania,39.29,-6.79,2024,2,2024-02-01,-0.484623,32.264943,17,False
Dar es Salaam,Tanzania,39.29,-6.79,2024,3,2024-03-01,-0.521476,27.260944,5,False
Dar es Salaam,Tanzania,39.29,-6.79,2024,4,2024-04-01,-0.674276,-94139.19484,0,False
Dar es Salaam,Tanzania,39.29,-6.79,2024,5,2024-05-01,-0.558182,26.473774,4,False
Dar es Salaam,Tanzania,39.29,-6.79,2024,6,2024-06-01,-0.526122,29.394742,152,False
Dar es Salaam,Tanzania,39.29,-6.79,2024,7,2024-07-01,-0.510228,28.939371,471,True
Dar es Salaam,Tanzania,39.29,-6.79,2024,8,2024-08-01,-0.528902,32.502119,523,True
Dar es Salaam,Tanzania,39.29,-6.79,2024,9,2024-09-01,-0.54301,36.519797,657,True
Dar es Salaam,Tanzania,39.29,-6.79,2024,10,2024-10-01,-0.388651,43.135813,275,True
Dar es Salaam,Tanzania,39.29,-6.79,2024,11,2024-11-01,-0.4155,33.578405,136,False
Dar es Salaam,Tanzania,39.29,-6.79,2024,12,2024-12-01,-0.596743,30.024468,25,False
Mwanza,Tanzania,32.9,-2.52,2018,1,2018-01-01,,,0,False
Mwanza,Tanzania,32.9,-2.52,2018,2,2018-02-01,,,145,False
Mwanza,Tanzania,32.9,-2.52,2018,3,2018-03-01,,,0,False
Mwanza,Tanzania,32.9,-2.52,2018,4,2018-04-01,,,0,False
Mwanza,Tanzania,32.9,-2.52,2018,5,2018-05-01,,,8,False
Mwanza,Tanzania,32.9,-2.52,2018,6,2018-06-01,-1.130337,,373,False
Mwanza,Tanzania,32.9,-2.52,2018,7,2018-07-01,-0.878893,,2091,True
Mwanza,Tanzania,32.9,-2.52,2018,8,2018-08-01,-0.856638,-407325.076319,1027,True
Mwanza,Tanzania,32.9,-2.52,2018,9,2018-09-01,-0.885625,-7535.437356,557,True
Mwanza,Tanzania,32.9,-2.52,2018,10,2018-10-01,-1.062331,-2490.786399,198,True
Mwanza,Tanzania,32.9,-2.52,2018,11,2018-11-01,-1.115918,-17741.323509,60,False
Mwanza,Tanzania,32.9,-2.52,2018,12,2018-12-01,-1.129161,27.999274,8,False
Mwanza,Tanzania,32.9,-2.52,2019,1,2019-01-01,-1.144268,29.622124,8,False
Mwanza,Tanzania,32.9,-2.52,2019,2,2019-02-01,-1.092437,30.808355,18,False
Mwanza,Tanzania,32.9,-2.52,2019,3,2019-03-01,-1.060306,29.02062,82,False
Mwanza,Tanzania,32.9,-2.52,2019,4,2019-04-01,-1.294432,26.880998,99,False
Mwanza,Tanzania,32.9,-2.52,2019,5,2019-05-01,-1.376706,-22770.151881,54,False
Mwanza,Tanzania,32.9,-2.52,2019,6,2019-06-01,-1.200939,-5013.416671,1113,False
Mwanza,Tanzania,32.9,-2.52,2019,7,2019-07-01,-1.200731,32.416344,2312,True
Mwanza,Tanzania,32.9,-2.52,2019,8,2019-08-01,-1.208351,30.530483,948,True
Mwanza,Tanzania,32.9,-2.52,2019,9,2019-09-01,-1.204453,33.770122,280,True
Mwanza,Tanzania,32.9,-2.52,2019,10,2019-10-01,-1.313862,29.995793,32,True
Mwanza,Tanzania,32.9,-2.52,2019,11,2019-11-01,-1.432331,29.166439,17,False
Mwanza,Tanzania,32.9,-2.52,2019,12,2019-12-01,-1.45296,29.195174,0,False
Mwanza,Tanzania,32.9,-2.52,2020,1,2020-01-01,-1.369022,35.552585,0,False
Mwanza,Tanzania,32.9,-2.52,2020,2,2020-02-01,-1.558576,31.367852,12,False
Mwanza,Tanzania,32.9,-2.52,2020,3,2020-03-01,-1.526388,32.682165,3,False
Mwanza,Tanzania,32.9,-2.52,2020,4,2020-04-01,-1.623586,28.080174,3,False
Mwanza,Tanzania,32.9,-2.52,2020,5,2020-05-01,-1.696203,25.576028,37,False
Mwanza,Tanzania,32.9,-2.52,2020,6,2020-06-01,-1.583558,-12590.555864,1427,False
Mwanza,Tanzania,32.9,-2.52,2020,7,2020-07-01,-1.517294,34.019218,3259,True
Mwanza,Tanzania,32.9,-2.52,2020,8,2020-08-01,-1.472601,34.713826,1393,True
Mwanza,Tanzania,32.9,-2.52,2020,9,2020-09-01,-1.520303,34.784534,731,True
Mwanza,Tanzania,32.9,-2.52,2020,10,2020-10-01,-1.578647,34.117546,284,True
Mwanza,Tanzania,32.9,-2.52,2020,11,2020-11-01,-1.68335,30.029235,55,False
Mwanza,Tanzania,32.9,-2.52,2020,12,2020-12-01,-1.704201,29.780064,9,False
Mwanza,Tanzania,32.9,-2.52,2021,1,2021-01-01,-1.642773,31.669053,4,False
Mwanza,Tanzania,32.9,-2.52,2021,2,2021-02-01,-1.427413,39.704552,8,False
Mwanza,Tanzania,32.9,-2.52,2021,3,2021-03-01,-1.720779,30.947928,241,False
Mwanza,Tanzania,32.9,-2.52,2021,4,2021-04-01,-1.895089,-5015.094835,9,False
Mwanza,Tanzania,32.9,-2.52,2021,5,2021-05-01,-1.953215,-5033.638236,37,False
Mwanza,Tanzania,32.9,-2.52,2021,6,2021-06-01,-1.763321,-71176.769915,1728,False
Mwanza,Tanzania,32.9,-2.52,2021,7,2021-07-01,-0.423805,-5023.220179,3073,True
Mwanza,Tanzania,32.9,-2.52,2021,8,2021-08-01,-0.447142,33.844272,1725,True
Mwanza,Tanzania,32.9,-2.52,2021,9,2021-09-01,-0.568107,32.967945,328,True
Mwanza,Tanzania,32.9,-2.52,2021,10,2021-10-01,-0.55701,32.038785,159,True
Mwanza,Tanzania,32.9,-2.52,2021,11,2021-11-01,-0.625577,31.587348,148,False
Mwanza,Tanzania,32.9,-2.52,2021,12,2021-12-01,-0.785639,29.422332,33,False
Mwanza,Tanzania,32.9,-2.52,2022,1,2022-01-01,-0.636562,-5020.460129,47,False
Mwanza,Tanzania,32.9,-2.52,2022,2,2022-02-01,-0.515146,37.55806,0,False
Mwanza,Tanzania,32.9,-2.52,2022,3,2022-03-01,-0.50333,28.598743,6,False
Mwanza,Tanzania,32.9,-2.52,2022,4,2022-04-01,-0.58702,24.557945,12,False
Mwanza,Tanzania,32.9,-2.52,2022,5,2022-05-01,-0.602637,25.28719,15,False
Mwanza,Tanzania,32.9,-2.52,2022,6,2022-06-01,-0.406201,-25287.59943,687,False
Mwanza,Tanzania,32.9,-2.52,2022,7,2022-07-01,-0.167363,-81919.34474,2602,True
Mwanza,Tanzania,32.9,-2.52,2022,8,2022-08-01,-0.389998,31.48041,1011,True
Mwanza,Tanzania,32.9,-2.52,2022,9,2022-09-01,-0.463913,31.268657,299,True
Mwanza,Tanzania,32.9,-2.52,2022,10,2022-10-01,-0.429192,34.51348,83,True
Mwanza,Tanzania,32.9,-2.52,2022,11,2022-11-01,-0.594294,34.163651,22,False
Mwanza,Tanzania,32.9,-2.52,2022,12,2022-12-01,-0.706762,-5024.502117,0,False
Mwanza,Tanzania,32.9,-2.52,2023,1,2023-01-01,-0.559585,28.203049,15,False
Mwanza,Tanzania,32.9,-2.52,2023,2,2023-02-01,-0.390308,31.877783,3,False
Mwanza,Tanzania,32.9,-2.52,2023,3,2023-03-01,-0.654519,31.360841,6,False
Mwanza,Tanzania,32.9,-2.52,2023,4,2023-04-01,-0.768237,-2502.667179,0,False
Mwanza,Tanzania,32.9,-2.52,2023,5,2023-05-01,-0.600368,25.71004,37,False
Mwanza,Tanzania,32.9,-2.52,2023,6,2023-06-01,-0.532291,-22800.012177,352,False
Mwanza,Tanzania,32.9,-2.52,2023,7,2023-07-01,-0.318592,-55688.215044,2135,True
Mwanza,Tanzania,32.9,-2.52,2023,8,2023-08-01,-0.372094,32.234018,970,True
Mwanza,Tanzania,32.9,-2.52,2023,9,2023-09-01,-0.523642,32.496106,32,True
Mwanza,Tanzania,32.9,-2.52,2023,10,2023-10-01,-0.524833,29.438459,43,True
Mwanza,Tanzania,32.9,-2.52,2023,11,2023-11-01,-0.771421,28.90567,0,False
Mwanza,Tanzania,32.9,-2.52,2023,12,2023-12-01,-0.773413,30.722612,3,False
Mwanza,Tanzania,32.9,-2.52,2024,1,2024-01-01,-0.637587,41.561605,1,False
Mwanza,Tanzania,32.9,-2.52,2024,2,2024-02-01,-0.646682,32.266442,4,False
Mwanza,Tanzania,32.9,-2.52,2024,3,2024-03-01,-0.647796,28.607695,90,False
Mwanza,Tanzania,32.9,-2.52,2024,4,2024-04-01,-0.76083,23.891292,0,False
Mwanza,Tanzania,32.9,-2.52,2024,5,2024-05-01,-0.683167,-2493.379545,20,False
Mwanza,Tanzania,32.9,-2.52,2024,6,2024-06-01,-0.391252,-318359.582164,1836,False
Mwanza,Tanzania,32.9,-2.52,2024,7,2024-07-01,-0.378786,-32862.214864,1559,True
Mwanza,Tanzania,32.9,-2.52,2024,8,2024-08-01,-0.364333,-5003.593121,984,True
Mwanza,Tanzania,32.9,-2.52,2024,9,2024-09-01,-0.489365,36.579751,539,True
Mwanza,Tanzania,32.9,-2.52,2024,10,2024-10-01,-0.655309,36.855129,81,True
Mwanza,Tanzania,32.9,-2.52,2024,11,2024-11-01,-0.74547,31.82413,17,False
Mwanza,Tanzania,32.9,-2.52,2024,12,2024-12-01,-0.84508,31.165576,0,False
Arusha,Tanzania,36.68,-3.39,2018,1,2018-01-01,,,19,False
Arusha,Tanzania,36.68,-3.39,2018,2,2018-02-01,,,35,False
Arusha,Tanzania,36.68,-3.39,2018,3,2018-03-01,,,1,False
Arusha,Tanzania,36.68,-3.39,2018,4,2018-04-01,,,6,False
Arusha,Tanzania,36.68,-3.39,2018,5,2018-05-01,,,3,False
Arusha,Tanzania,36.68,-3.39,2018,6,2018-06-01,-1.102906,,48,False
Arusha,Tanzania,36.68,-3.39,2018,7,2018-07-01,-0.702452,-12619.251654,354,True
Arusha,Tanzania,36.68,-3.39,2018,8,2018-08-01,-0.769022,26.797675,169,True
Arusha,Tanzania,36.68,-3.39,2018,9,2018-09-01,-0.863021,28.062504,227,True
Arusha,Tanzania,36.68,-3.39,2018,10,2018-10-01,-0.86529,28.00752,134,True
Arusha,Tanzania,36.68,-3.39,2018,11,2018-11-01,-0.991891,27.162917,136,False
Arusha,Tanzania,36.68,-3.39,2018,12,2018-12-01,-1.147026,25.380877,35,False
Arusha,Tanzania,36.68,-3.39,2019,1,2019-01-01,-1.166099,26.262164,25,False
Arusha,Tanzania,36.68,-3.39,2019,2,2019-02-01,-1.030443,27.770539,28,False
Arusha,Tanzania,36.68,-3.39,2019,3,2019-03-01,-1.019249,26.234063,106,False
Arusha,Tanzania,36.68,-3.39,2019,4,2019-04-01,-1.225754,24.715871,94,False
Arusha,Tanzania,36.68,-3.39,2019,5,2019-05-01,-1.174832,22.210224,22,False
Arusha,Tanzania,36.68,-3.39,2019,6,2019-06-01,-1.029228,27.649465,101,False
Arusha,Tanzania,36.68,-3.39,2019,7,2019-07-01,-1.166722,27.183433,296,True
Arusha,Tanzania,36.68,-3.39,2019,8,2019-08-01,-1.096439,25.213144,159,True
Arusha,Tanzania,36.68,-3.39,2019,9,2019-09-01,-1.075,30.180132,180,True
Arusha,Tanzania,36.68,-3.39,2019,10,2019-10-01,-1.277777,28.737985,34,True
Arusha,Tanzania,36.68,-3.39,2019,11,2019-11-01,-1.435452,27.622548,66,False
Arusha,Tanzania,36.68,-3.39,2019,12,2019-12-01,-1.510992,26.067283,14,False
Arusha,Tanzania,36.68,-3.39,2020,1,2020-01-01,-1.499087,29.513083,11,False
Arusha,Tanzania,36.68,-3.39,2020,2,2020-02-01,-1.568042,28.277373,21,False
Arusha,Tanzania,36.68,-3.39,2020,3,2020-03-01,-1.539373,29.075256,8,False
Arusha,Tanzania,36.68,-3.39,2020,4,2020-04-01,-1.576755,26.103849,1,False
Arusha,Tanzania,36.68,-3.39,2020,5,2020-05-01,-1.539858,23.491959,18,False
Arusha,Tanzania,36.68,-3.39,2020,6,2020-06-01,-1.434886,26.74027,449,False
Arusha,Tanzania,36.68,-3.39,2020,7,2020-07-01,-1.371259,28.397006,1451,True
Arusha,Tanzania,36.68,-3.39,2020,8,2020-08-01,-1.384757,28.674088,797,True
Arusha,Tanzania,36.68,-3.39,2020,9,2020-09-01,-1.378794,28.544489,863,True
Arusha,Tanzania,36.68,-3.39,2020,10,2020-10-01,-1.473324,30.667371,1103,True
Arusha,Tanzania,36.68,-3.39,2020,11,2020-11-01,-1.586468,28.249444,144,False
Arusha,Tanzania,36.68,-3.39,2020,12,2020-12-01,-1.691204,27.012639,36,False
Arusha,Tanzania,36.68,-3.39,2021,1,2021-01-01,-1.707391,27.802964,4,False
Arusha,Tanzania,36.68,-3.39,2021,2,2021-02-01,-1.635839,31.453143,16,False
Arusha,Tanzania,36.68,-3.39,2021,3,2021-03-01,-1.690756,28.100977,124,False
Arusha,Tanzania,36.68,-3.39,2021,4,2021-04-01,-1.821069,22.959513,42,False
Arusha,Tanzania,36.68,-3.39,2021,5,2021-05-01,-1.66966,23.311907,11,False
Arusha,Tanzania,36.68,-3.39,2021,6,2021-06-01,-1.46354,26.68463,370,False
Arusha,Tanzania,36.68,-3.39,2021,7,2021-07-01,-0.532258,27.530746,1016,True
Arusha,Tanzania,36.68,-3.39,2021,8,2021-08-01,-0.42738,28.799986,740,True
Arusha,Tanzania,36.68,-3.39,2021,9,2021-09-01,-0.449182,28.982304,186,True
Arusha,Tanzania,36.68,-3.39,2021,10,2021-10-01,-0.320078,29.394866,551,True
Arusha,Tanzania,36.68,-3.39,2021,11,2021-11-01,-0.439983,28.825313,153,False
Arusha,Tanzania,36.68,-3.39,2021,12,2021-12-01,-0.75295,27.044016,56,False
Arusha,Tanzania,36.68,-3.39,2022,1,2022-01-01,-0.419114,28.298654,52,False
Arusha,Tanzania,36.68,-3.39,2022,2,2022-02-01,-0.620624,28.028717,7,False
Arusha,Tanzania,36.68,-3.39,2022,3,2022-03-01,-0.342216,26.096989,40,False
Arusha,Tanzania,36.68,-3.39,2022,4,2022-04-01,-0.572988,22.189831,19,False
Arusha,Tanzania,36.68,-3.39,2022,5,2022-05-01,-0.503277,23.18547,40,False
Arusha,Tanzania,36.68,-3.39,2022,6,2022-06-01,-0.445822,23.866307,105,False
Arusha,Tanzania,36.68,-3.39,2022,7,2022-07-01,-0.300369,24.913469,483,True
Arusha,Tanzania,36.68,-3.39,2022,8,2022-08-01,-0.33772,26.011316,189,True
Arusha,Tanzania,36.68,-3.39,2022,9,2022-09-01,-0.353492,26.615406,83,True
Arusha,Tanzania,36.68,-3.39,2022,10,2022-10-01,-0.193789,31.125339,170,True
Arusha,Tanzania,36.68,-3.39,2022,11,2022-11-01,-0.494229,32.116233,77,False
Arusha,Tanzania,36.68,-3.39,2022,12,2022-12-01,-0.644241,27.042913,8,False
Arusha,Tanzania,36.68,-3.39,2023,1,2023-01-01,-0.460819,25.071697,6,False
Arusha,Tanzania,36.68,-3.39,2023,2,2023-02-01,-0.252345,26.568351,33,False
Arusha,Tanzania,36.68,-3.39,2023,3,2023-03-01,-0.500787,28.924373,21,False
Arusha,Tanzania,36.68,-3.39,2023,4,2023-04-01,-0.699872,22.093402,9,False
Arusha,Tanzania,36.68,-3.39,2023,5,2023-05-01,-0.579493,23.828837,15,False
Arusha,Tanzania,36.68,-3.39,2023,6,2023-06-01,-0.404154,24.587462,60,False
Arusha,Tanzania,36.68,-3.39,2023,7,2023-07-01,-0.419127,23.717352,653,True
Arusha,Tanzania,36.68,-3.39,2023,8,2023-08-01,-0.345095,26.754995,191,True
Arusha,Tanzania,36.68,-3.39,2023,9,2023-09-01,-0.314095,28.226741,54,True
Arusha,Tanzania,36.68,-3.39,2023,10,2023-10-01,-0.363647,28.244698,93,True
Arusha,Tanzania,36.68,-3.39,2023,11,2023-11-01,-0.761423,27.735809,2,False
Arusha,Tanzania,36.68,-3.39,2023,12,2023-12-01,-0.683814,28.078482,11,False
Arusha,Tanzania,36.68,-3.39,2024,1,2024-01-01,-0.754465,33.45304,0,False
Arusha,Tanzania,36.68,-3.39,2024,2,2024-02-01,-0.5997,28.826437,20,False
Arusha,Tanzania,36.68,-3.39,2024,3,2024-03-01,-0.628013,26.481313,43,False
Arusha,Tanzania,36.68,-3.39,2024,4,2024-04-01,-0.764082,21.659301,3,False
Arusha,Tanzania,36.68,-3.39,2024,5,2024-05-01,-0.664897,24.172769,44,False
Arusha,Tanzania,36.68,-3.39,2024,6,2024-06-01,-0.476627,27.458895,484,False
Arusha,Tanzania,36.68,-3.39,2024,7,2024-07-01,-0.465113,28.92079,842,True
Arusha,Tanzania,36.68,-3.39,2024,8,2024-08-01,-0.398301,32.424616,953,True
Arusha,Tanzania,36.68,-3.39,2024,9,2024-09-01,-0.450207,31.929358,760,True
Arusha,Tanzania,36.68,-3.39,2024,10,2024-10-01,-0.524627,35.457378,193,True
Arusha,Tanzania,36.68,-3.39,2024,11,2024-11-01,-0.650463,29.928448,87,False
Arusha,Tanzania,36.68,-3.39,2024,12,2024-12-01,-0.846656,28.144159,0,False
Lilongwe,Malawi,33.78,-13.97,2018,1,2018-01-01,,,9,False
Lilongwe,Malawi,33.78,-13.97,2018,2,2018-02-01,,,5,False
Lilongwe,Malawi,33.78,-13.97,2018,3,2018-03-01,,,5,False
Lilongwe,Malawi,33.78,-13.97,2018,4,2018-04-01,,,4,False
Lilongwe,Malawi,33.78,-13.97,2018,5,2018-05-01,,,102,False
Lilongwe,Malawi,33.78,-13.97,2018,6,2018-06-01,-1.156796,,856,False
Lilongwe,Malawi,33.78,-13.97,2018,7,2018-07-01,-0.944555,-54337.333505,1739,True
Lilongwe,Malawi,33.78,-13.97,2018,8,2018-08-01,-0.833417,-199116.798786,4527,True
Lilongwe,Malawi,33.78,-13.97,2018,9,2018-09-01,-0.774005,-1840.163279,3179,True
Lilongwe,Malawi,33.78,-13.97,2018,10,2018-10-01,-0.941727,39.894431,1316,True
Lilongwe,Malawi,33.78,-13.97,2018,11,2018-11-01,-0.936421,37.254409,385,False
Lilongwe,Malawi,33.78,-13.97,2018,12,2018-12-01,-1.086889,29.194816,0,False
Lilongwe,Malawi,33.78,-13.97,2019,1,2019-01-01,-1.134647,26.742827,5,False
Lilongwe,Malawi,33.78,-13.97,2019,2,2019-02-01,-1.268245,26.227317,1,False
Lilongwe,Malawi,33.78,-13.97,2019,3,2019-03-01,-1.276274,24.256061,9,False
Lilongwe,Malawi,33.78,-13.97,2019,4,2019-04-01,-1.388878,24.766379,25,False
Lilongwe,Malawi,33.78,-13.97,2019,5,2019-05-01,-1.364852,25.349568,295,False
Lilongwe,Malawi,33.78,-13.97,2019,6,2019-06-01,-1.344954,24.793148,1104,False
Lilongwe,Malawi,33.78,-13.97,2019,7,2019-07-01,-1.321907,-2421.676277,2321,True
Lilongwe,Malawi,33.78,-13.97,2019,8,2019-08-01,-1.142407,34.808962,3176,True
Lilongwe,Malawi,33.78,-13.97,2019,9,2019-09-01,-0.964062,47.788917,2928,True
Lilongwe,Malawi,33.78,-13.97,2019,10,2019-10-01,-1.167371,43.702211,1786,True
Lilongwe,Malawi,33.78,-13.97,2019,11,2019-11-01,-1.346801,38.570783,153,False
Lilongwe,Malawi,33.78,-13.97,2019,12,2019-12-01,-1.46891,26.019449,9,False
Lilongwe,Malawi,33.78,-13.97,2020,1,2020-01-01,-1.427642,29.254727,2,False
Lilongwe,Malawi,33.78,-13.97,2020,2,2020-02-01,-1.471793,29.422437,3,False
Lilongwe,Malawi,33.78,-13.97,2020,3,2020-03-01,-1.645965,27.594964,7,False
Lilongwe,Malawi,33.78,-13.97,2020,4,2020-04-01,-1.665644,27.151961,58,False
Lilongwe,Malawi,33.78,-13.97,2020,5,2020-05-01,-1.62919,-24547.859532,498,False
Lilongwe,Malawi,33.78,-13.97,2020,6,2020-06-01,-1.551244,-22056.535735,875,False
Lilongwe,Malawi,33.78,-13.97,2020,7,2020-07-01,-1.522533,28.535615,1707,True
Lilongwe,Malawi,33.78,-13.97,2020,8,2020-08-01,-1.358043,37.49512,3110,True
Lilongwe,Malawi,33.78,-13.97,2020,9,2020-09-01,-1.226363,45.844777,3245,True
Lilongwe,Malawi,33.78,-13.97,2020,10,2020-10-01,-1.388892,49.544491,1217,True
Lilongwe,Malawi,33.78,-13.97,2020,11,2020-11-01,-1.58616,39.037752,542,False
Lilongwe,Malawi,33.78,-13.97,2020,12,2020-12-01,-1.614125,28.677448,10,False
Lilongwe,Malawi,33.78,-13.97,2021,1,2021-01-01,-1.660804,27.111607,0,False
Lilongwe,Malawi,33.78,-13.97,2021,2,2021-02-01,-1.775893,-4870.225659,0,False
Lilongwe,Malawi,33.78,-13.97,2021,3,2021-03-01,-1.728856,28.788834,5,False
Lilongwe,Malawi,33.78,-13.97,2021,4,2021-04-01,-1.836622,24.733393,3,False
Lilongwe,Malawi,33.78,-13.97,2021,5,2021-05-01,-1.925807,24.769696,97,False
Lilongwe,Malawi,33.78,-13.97,2021,6,2021-06-01,-1.841023,26.857867,576,False
Lilongwe,Malawi,33.78,-13.97,2021,7,2021-07-01,-0.523747,26.793438,1080,True
Lilongwe,Malawi,33.78,-13.97,2021,8,2021-08-01,-0.277243,35.600565,3296,True
Lilongwe,Malawi,33.78,-13.97,2021,9,2021-09-01,-0.309069,43.342577,3264,True
Lilongwe,Malawi,33.78,-13.97,2021,10,2021-10-01,-0.214803,46.952644,1838,True
Lilongwe,Malawi,33.78,-13.97,2021,11,2021-11-01,-0.410653,40.230391,816,False
Lilongwe,Malawi,33.78,-13.97,2021,12,2021-12-01,-0.601892,28.965251,138,False
Lilongwe,Malawi,33.78,-13.97,2022,1,2022-01-01,-0.838868,25.751286,0,False
Lilongwe,Malawi,33.78,-13.97,2022,2,2022-02-01,-0.85886,25.060035,2,False
Lilongwe,Malawi,33.78,-13.97,2022,3,2022-03-01,-0.815568,23.825016,3,False
Lilongwe,Malawi,33.78,-13.97,2022,4,2022-04-01,-0.598331,24.589917,0,False
Lilongwe,Malawi,33.78,-13.97,2022,5,2022-05-01,-0.367247,24.514317,12,False
Lilongwe,Malawi,33.78,-13.97,2022,6,2022-06-01,-0.562163,24.653252,147,False
Lilongwe,Malawi,33.78,-13.97,2022,7,2022-07-01,-0.435525,26.135086,658,True
Lilongwe,Malawi,33.78,-13.97,2022,8,2022-08-01,-0.337217,32.46938,1949,True
Lilongwe,Malawi,33.78,-13.97,2022,9,2022-09-01,-0.279848,41.439719,2567,True
Lilongwe,Malawi,33.78,-13.97,2022,10,2022-10-01,-0.064015,50.803181,1945,True
Lilongwe,Malawi,33.78,-13.97,2022,11,2022-11-01,-0.566133,39.92898,559,False
Lilongwe,Malawi,33.78,-13.97,2022,12,2022-12-01,-0.706573,27.904685,53,False
Lilongwe,Malawi,33.78,-13.97,2023,1,2023-01-01,-0.782742,27.044106,115,False
Lilongwe,Malawi,33.78,-13.97,2023,2,2023-02-01,-0.756665,26.412288,132,False
Lilongwe,Malawi,33.78,-13.97,2023,3,2023-03-01,-0.780946,27.129488,189,False
Lilongwe,Malawi,33.78,-13.97,2023,4,2023-04-01,-0.686124,24.326104,236,False
Lilongwe,Malawi,33.78,-13.97,2023,5,2023-05-01,-0.488314,-2425.474646,193,False
Lilongwe,Malawi,33.78,-13.97,2023,6,2023-06-01,-0.356453,-2420.465783,421,False
Lilongwe,Malawi,33.78,-13.97,2023,7,2023-07-01,-0.473411,26.686891,1002,True
Lilongwe,Malawi,33.78,-13.97,2023,8,2023-08-01,-0.33274,34.326614,1711,True
Lilongwe,Malawi,33.78,-13.97,2023,9,2023-09-01,-0.119088,45.384748,2545,True
Lilongwe,Malawi,33.78,-13.97,2023,10,2023-10-01,-0.289727,44.883287,981,True
Lilongwe,Malawi,33.78,-13.97,2023,11,2023-11-01,-0.624391,39.546074,98,False
Lilongwe,Malawi,33.78,-13.97,2023,12,2023-12-01,-0.635687,31.754028,19,False
Lilongwe,Malawi,33.78,-13.97,2024,1,2024-01-01,-0.717856,27.861918,1,False
Lilongwe,Malawi,33.78,-13.97,2024,2,2024-02-01,-0.727843,26.433715,6,False
Lilongwe,Malawi,33.78,-13.97,2024,3,2024-03-01,-0.831602,24.214287,6,False
Lilongwe,Malawi,33.78,-13.97,2024,4,2024-04-01,-0.648604,-14661.798798,4,False
Lilongwe,Malawi,33.78,-13.97,2024,5,2024-05-01,-0.470428,-2418.958425,146,False
Lilongwe,Malawi,33.78,-13.97,2024,6,2024-06-01,-0.450106,28.641843,462,False
Lilongwe,Malawi,33.78,-13.97,2024,7,2024-07-01,-0.189605,-26884.957527,1605,True
Lilongwe,Malawi,33.78,-13.97,2024,8,2024-08-01,-0.233592,-2408.657519,1170,True
Lilongwe,Malawi,33.78,-13.97,2024,9,2024-09-01,-0.154507,50.116317,1541,True
Lilongwe,Malawi,33.78,-13.97,2024,10,2024-10-01,-0.469792,56.355612,695,True
Lilongwe,Malawi,33.78,-13.97,2024,11,2024-11-01,-0.70985,40.755363,56,False
Lilongwe,Malawi,33.78,-13.97,2024,12,2024-12-01,-0.666881,30.582259,26,False
Blantyre,Malawi,35.0,-15.79,2018,1,2018-01-01,,,14,False
Blantyre,Malawi,35.0,-15.79,2018,2,2018-02-01,,,5,False
Blantyre,Malawi,35.0,-15.79,2018,3,2018-03-01,,,11,False
Blantyre,Malawi,35.0,-15.79,2018,4,2018-04-01,,,15,False
Blantyre,Malawi,35.0,-15.79,2018,5,2018-05-01,,,68,False
Blantyre,Malawi,35.0,-15.79,2018,6,2018-06-01,-1.149916,,563,False
Blantyre,Malawi,35.0,-15.79,2018,7,2018-07-01,-0.966257,-7511.496951,765,True
Blantyre,Malawi,35.0,-15.79,2018,8,2018-08-01,-0.781176,-2392.652614,4170,True
Blantyre,Malawi,35.0,-15.79,2018,9,2018-09-01,-0.572034,44.056894,7035,True
Blantyre,Malawi,35.0,-15.79,2018,10,2018-10-01,-0.934075,37.443856,1224,True
Blantyre,Malawi,35.0,-15.79,2018,11,2018-11-01,-0.902174,35.419632,204,False
Blantyre,Malawi,35.0,-15.79,2018,12,2018-12-01,-1.127701,28.567418,16,False
Blantyre,Malawi,35.0,-15.79,2019,1,2019-01-01,-1.155401,25.811544,6,False
Blantyre,Malawi,35.0,-15.79,2019,2,2019-02-01,-1.260348,25.578679,1,False
Blantyre,Malawi,35.0,-15.79,2019,3,2019-03-01,-1.217595,23.623564,13,False
Blantyre,Malawi,35.0,-15.79,2019,4,2019-04-01,-1.356494,24.928468,27,False
Blantyre,Malawi,35.0,-15.79,2019,5,2019-05-01,-1.34774,24.792525,173,False
Blantyre,Malawi,35.0,-15.79,2019,6,2019-06-01,-1.341688,24.238605,423,False
Blantyre,Malawi,35.0,-15.79,2019,7,2019-07-01,-1.343198,26.679102,1331,True
Blantyre,Malawi,35.0,-15.79,2019,8,2019-08-01,-1.13884,34.026113,3470,True
Blantyre,Malawi,35.0,-15.79,2019,9,2019-09-01,-0.873369,48.314921,5044,True
Blantyre,Malawi,35.0,-15.79,2019,10,2019-10-01,-1.042613,45.53531,3141,True
Blantyre,Malawi,35.0,-15.79,2019,11,2019-11-01,-1.329147,39.998384,293,False
Blantyre,Malawi,35.0,-15.79,2019,12,2019-12-01,-1.461266,26.502596,22,False
Blantyre,Malawi,35.0,-15.79,2020,1,2020-01-01,-1.411907,28.415282,2,False
Blantyre,Malawi,35.0,-15.79,2020,2,2020-02-01,-1.51342,28.677107,3,False
Blantyre,Malawi,35.0,-15.79,2020,3,2020-03-01,-1.662267,27.920086,13,False
Blantyre,Malawi,35.0,-15.79,2020,4,2020-04-01,-1.652641,27.282603,63,False
Blantyre,Malawi,35.0,-15.79,2020,5,2020-05-01,-1.581838,-7254.037805,606,False
Blantyre,Malawi,35.0,-15.79,2020,6,2020-06-01,-1.51652,27.992295,705,False
Blantyre,Malawi,35.0,-15.79,2020,7,2020-07-01,-1.503968,28.175523,1697,True
Blantyre,Malawi,35.0,-15.79,2020,8,2020-08-01,-1.303911,37.981694,3253,True
Blantyre,Malawi,35.0,-15.79,2020,9,2020-09-01,-1.103007,48.599043,4998,True
Blantyre,Malawi,35.0,-15.79,2020,10,2020-10-01,-1.248065,51.124015,1533,True
Blantyre,Malawi,35.0,-15.79,2020,11,2020-11-01,-1.553049,40.535089,434,False
Blantyre,Malawi,35.0,-15.79,2020,12,2020-12-01,-1.634904,28.941037,46,False
Blantyre,Malawi,35.0,-15.79,2021,1,2021-01-01,-1.670996,26.250182,8,False
Blantyre,Malawi,35.0,-15.79,2021,2,2021-02-01,-1.786164,25.349792,0,False
Blantyre,Malawi,35.0,-15.79,2021,3,2021-03-01,-1.793513,27.668214,7,False
Blantyre,Malawi,35.0,-15.79,2021,4,2021-04-01,-1.835354,24.639267,4,False
Blantyre,Malawi,35.0,-15.79,2021,5,2021-05-01,-1.888321,24.695298,130,False
Blantyre,Malawi,35.0,-15.79,2021,6,2021-06-01,-1.829564,26.458126,285,False
Blantyre,Malawi,35.0,-15.79,2021,7,2021-07-01,-0.587308,26.56852,729,True
Blantyre,Malawi,35.0,-15.79,2021,8,2021-08-01,-0.252571,35.117113,3317,True
Blantyre,Malawi,35.0,-15.79,2021,9,2021-09-01,-0.183068,45.140579,5161,True
Blantyre,Malawi,35.0,-15.79,2021,10,2021-10-01,-0.149263,47.416084,3756,True
Blantyre,Malawi,35.0,-15.79,2021,11,2021-11-01,-0.3562,40.931214,510,False
Blantyre,Malawi,35.0,-15.79,2021,12,2021-12-01,-0.590597,30.503712,86,False
Blantyre,Malawi,35.0,-15.79,2022,1,2022-01-01,-0.780023,24.766846,8,False
Blantyre,Malawi,35.0,-15.79,2022,2,2022-02-01,-0.751849,23.068164,7,False
Blantyre,Malawi,35.0,-15.79,2022,3,2022-03-01,-0.740182,24.125669,5,False
Blantyre,Malawi,35.0,-15.79,2022,4,2022-04-01,-0.541162,25.009963,2,False
Blantyre,Malawi,35.0,-15.79,2022,5,2022-05-01,-0.384784,24.653957,15,False
Blantyre,Malawi,35.0,-15.79,2022,6,2022-06-01,-0.638887,24.10252,99,False
Blantyre,Malawi,35.0,-15.79,2022,7,2022-07-01,-0.415652,25.000064,309,True
Blantyre,Malawi,35.0,-15.79,2022,8,2022-08-01,-0.289765,32.502239,1842,True
Blantyre,Malawi,35.0,-15.79,2022,9,2022-09-01,-0.271319,42.399649,4149,True
Blantyre,Malawi,35.0,-15.79,2022,10,2022-10-01,0.026685,54.347706,2529,True
Blantyre,Malawi,35.0,-15.79,2022,11,2022-11-01,-0.557301,39.531167,349,False
Blantyre,Malawi,35.0,-15.79,2022,12,2022-12-01,-0.658053,27.498973,53,False
Blantyre,Malawi,35.0,-15.79,2023,1,2023-01-01,-0.78941,25.500005,115,False
Blantyre,Malawi,35.0,-15.79,2023,2,2023-02-01,-0.719158,25.907992,132,False
Blantyre,Malawi,35.0,-15.79,2023,3,2023-03-01,-0.724135,27.014642,180,False
Blantyre,Malawi,35.0,-15.79,2023,4,2023-04-01,-0.621882,24.495229,238,False
Blantyre,Malawi,35.0,-15.79,2023,5,2023-05-01,-0.464919,25.749395,180,False
Blantyre,Malawi,35.0,-15.79,2023,6,2023-06-01,-0.327027,26.840036,280,False
Blantyre,Malawi,35.0,-15.79,2023,7,2023-07-01,-0.474922,26.468253,636,True
Blantyre,Malawi,35.0,-15.79,2023,8,2023-08-01,-0.281467,34.506399,1878,True
Blantyre,Malawi,35.0,-15.79,2023,9,2023-09-01,0.026146,47.896543,4321,True
Blantyre,Malawi,35.0,-15.79,2023,10,2023-10-01,-0.220874,45.460085,1315,True
Blantyre,Malawi,35.0,-15.79,2023,11,2023-11-01,-0.575775,39.999514,117,False
Blantyre,Malawi,35.0,-15.79,2023,12,2023-12-01,-0.577207,32.229425,40,False
Blantyre,Malawi,35.0,-15.79,2024,1,2024-01-01,-0.700353,26.468589,10,False
Blantyre,Malawi,35.0,-15.79,2024,2,2024-02-01,-0.710784,25.432257,10,False
Blantyre,Malawi,35.0,-15.79,2024,3,2024-03-01,-0.776119,24.278833,6,False
Blantyre,Malawi,35.0,-15.79,2024,4,2024-04-01,-0.608883,24.771305,9,False
Blantyre,Malawi,35.0,-15.79,2024,5,2024-05-01,-0.494103,-2398.903319,76,False
Blantyre,Malawi,35.0,-15.79,2024,6,2024-06-01,-0.511593,28.496458,280,False
Blantyre,Malawi,35.0,-15.79,2024,7,2024-07-01,-0.177443,33.842749,1966,True
Blantyre,Malawi,35.0,-15.79,2024,8,2024-08-01,-0.173964,38.544043,1236,True
Blantyre,Malawi,35.0,-15.79,2024,9,2024-09-01,-0.071139,51.651258,2148,True
Blantyre,Malawi,35.0,-15.79,2024,10,2024-10-01,-0.436513,57.879837,468,True
Blantyre,Malawi,35.0,-15.79,2024,11,2024-11-01,-0.653338,41.160557,9,False
Blantyre,Malawi,35.0,-15.79,2024,12,2024-12-01,-0.596355,31.357157,23,False
Maputo,Mozambique,32.59,-25.96,2018,1,2018-01-01,,,567,False
Maputo,Mozambique,32.59,-25.96,2018,2,2018-02-01,,,233,False
Maputo,Mozambique,32.59,-25.96,2018,3,2018-03-01,,,541,False
Maputo,Mozambique,32.59,-25.96,2018,4,2018-04-01,,,377,False
Maputo,Mozambique,32.59,-25.96,2018,5,2018-05-01,,,911,False
Maputo,Mozambique,32.59,-25.96,2018,6,2018-06-01,-0.729113,,784,False
Maputo,Mozambique,32.59,-25.96,2018,7,2018-07-01,-1.094231,23.874106,1186,True
Maputo,Mozambique,32.59,-25.96,2018,8,2018-08-01,-0.448945,-2231.606614,962,True
Maputo,Mozambique,32.59,-25.96,2018,9,2018-09-01,-0.38164,-15861.098011,1568,True
Maputo,Mozambique,32.59,-25.96,2018,10,2018-10-01,-0.904926,27.514301,991,True
Maputo,Mozambique,32.59,-25.96,2018,11,2018-11-01,-0.96769,-6794.641342,634,False
Maputo,Mozambique,32.59,-25.96,2018,12,2018-12-01,-1.083763,24.314907,360,False
Maputo,Mozambique,32.59,-25.96,2019,1,2019-01-01,-1.127077,22.408018,419,False
Maputo,Mozambique,32.59,-25.96,2019,2,2019-02-01,-1.245803,22.335333,276,False
Maputo,Mozambique,32.59,-25.96,2019,3,2019-03-01,-1.292119,23.03025,339,False
Maputo,Mozambique,32.59,-25.96,2019,4,2019-04-01,-1.359044,22.22655,198,False
Maputo,Mozambique,32.59,-25.96,2019,5,2019-05-01,-1.48974,23.594282,905,False
Maputo,Mozambique,32.59,-25.96,2019,6,2019-06-01,-1.352598,24.222852,1164,False
Maputo,Mozambique,32.59,-25.96,2019,7,2019-07-01,-1.247431,-2239.269443,3590,True
Maputo,Mozambique,32.59,-25.96,2019,8,2019-08-01,-1.038003,33.006286,1142,True
Maputo,Mozambique,32.59,-25.96,2019,9,2019-09-01,-1.034093,35.428088,1173,True
Maputo,Mozambique,32.59,-25.96,2019,10,2019-10-01,-1.115195,37.875392,1070,True
Maputo,Mozambique,32.59,-25.96,2019,11,2019-11-01,-1.205759,29.746434,590,False
Maputo,Mozambique,32.59,-25.96,2019,12,2019-12-01,-1.359224,26.205822,183,False
Maputo,Mozambique,32.59,-25.96,2020,1,2020-01-01,-1.475709,24.985115,311,False
Maputo,Mozambique,32.59,-25.96,2020,2,2020-02-01,-1.377836,26.387196,465,False
Maputo,Mozambique,32.59,-25.96,2020,3,2020-03-01,-1.591446,24.600494,500,False
Maputo,Mozambique,32.59,-25.96,2020,4,2020-04-01,-1.56119,24.161961,351,False
Maputo,Mozambique,32.59,-25.96,2020,5,2020-05-01,-1.644475,23.946517,889,False
Maputo,Mozambique,32.59,-25.96,2020,6,2020-06-01,-1.558918,26.019317,1008,False
Maputo,Mozambique,32.59,-25.96,2020,7,2020-07-01,-1.511099,26.284018,1458,True
Maputo,Mozambique,32.59,-25.96,2020,8,2020-08-01,-1.324934,33.176056,1733,True
Maputo,Mozambique,32.59,-25.96,2020,9,2020-09-01,-1.194893,40.278435,923,True
Maputo,Mozambique,32.59,-25.96,2020,10,2020-10-01,-1.348754,41.314909,893,True
Maputo,Mozambique,32.59,-25.96,2020,11,2020-11-01,-1.536923,33.06355,805,False
Maputo,Mozambique,32.59,-25.96,2020,12,2020-12-01,-1.578821,26.676059,221,False
Maputo,Mozambique,32.59,-25.96,2021,1,2021-01-01,-1.615792,23.625342,148,False
Maputo,Mozambique,32.59,-25.96,2021,2,2021-02-01,-1.636845,23.856489,77,False
Maputo,Mozambique,32.59,-25.96,2021,3,2021-03-01,-1.843483,23.689014,469,False
Maputo,Mozambique,32.59,-25.96,2021,4,2021-04-01,-1.905153,-4514.277717,1017,False
Maputo,Mozambique,32.59,-25.96,2021,5,2021-05-01,-2.00406,23.03109,1210,False
Maputo,Mozambique,32.59,-25.96,2021,6,2021-06-01,-1.911857,23.725465,935,False
Maputo,Mozambique,32.59,-25.96,2021,7,2021-07-01,-0.341967,24.45857,1457,True
Maputo,Mozambique,32.59,-25.96,2021,8,2021-08-01,0.04548,34.634483,1390,True
Maputo,Mozambique,32.59,-25.96,2021,9,2021-09-01,-0.098122,36.12436,1529,True
Maputo,Mozambique,32.59,-25.96,2021,10,2021-10-01,-0.200901,34.166822,1241,True
Maputo,Mozambique,32.59,-25.96,2021,11,2021-11-01,-0.346097,30.998101,757,False
Maputo,Mozambique,32.59,-25.96,2021,12,2021-12-01,-0.630491,27.655193,147,False
Maputo,Mozambique,32.59,-25.96,2022,1,2022-01-01,-0.625161,22.338244,359,False
Maputo,Mozambique,32.59,-25.96,2022,2,2022-02-01,-0.449331,22.374853,295,False
Maputo,Mozambique,32.59,-25.96,2022,3,2022-03-01,-0.538401,24.674332,343,False
Maputo,Mozambique,32.59,-25.96,2022,4,2022-04-01,-0.540254,21.877601,273,False
Maputo,Mozambique,32.59,-25.96,2022,5,2022-05-01,-0.42771,22.014282,254,False
Maputo,Mozambique,32.59,-25.96,2022,6,2022-06-01,-0.277101,22.840672,415,False
Maputo,Mozambique,32.59,-25.96,2022,7,2022-07-01,-0.31793,25.458067,856,True
Maputo,Mozambique,32.59,-25.96,2022,8,2022-08-01,-0.178215,-34027.437934,1187,True
Maputo,Mozambique,32.59,-25.96,2022,9,2022-09-01,-0.03556,39.447314,1425,True
Maputo,Mozambique,32.59,-25.96,2022,10,2022-10-01,-0.037299,46.380142,331,True
Maputo,Mozambique,32.59,-25.96,2022,11,2022-11-01,-0.586368,28.928862,862,False
Maputo,Mozambique,32.59,-25.96,2022,12,2022-12-01,-0.528899,25.175234,78,False
Maputo,Mozambique,32.59,-25.96,2023,1,2023-01-01,-0.446612,22.513045,275,False
Maputo,Mozambique,32.59,-25.96,2023,2,2023-02-01,-0.606583,23.728685,88,False
Maputo,Mozambique,32.59,-25.96,2023,3,2023-03-01,-0.546,23.942269,326,False
Maputo,Mozambique,32.59,-25.96,2023,4,2023-04-01,-0.534356,-11316.622624,669,False
Maputo,Mozambique,32.59,-25.96,2023,5,2023-05-01,-0.535085,23.438983,460,False
Maputo,Mozambique,32.59,-25.96,2023,6,2023-06-01,-0.18735,25.944581,1166,False
Maputo,Mozambique,32.59,-25.96,2023,7,2023-07-01,-0.315581,25.366396,1221,True
Maputo,Mozambique,32.59,-25.96,2023,8,2023-08-01,-0.078733,29.085317,1439,True
Maputo,Mozambique,32.59,-25.96,2023,9,2023-09-01,0.108944,-2235.559903,1621,True
Maputo,Mozambique,32.59,-25.96,2023,10,2023-10-01,-0.248577,34.265944,519,True
Maputo,Mozambique,32.59,-25.96,2023,11,2023-11-01,-0.497246,37.343995,756,False
Maputo,Mozambique,32.59,-25.96,2023,12,2023-12-01,-0.523875,28.450465,173,False
Maputo,Mozambique,32.59,-25.96,2024,1,2024-01-01,-0.608602,22.372124,28,False
Maputo,Mozambique,32.59,-25.96,2024,2,2024-02-01,-0.604693,23.857233,256,False
Maputo,Mozambique,32.59,-25.96,2024,3,2024-03-01,-0.664583,22.992064,283,False
Maputo,Mozambique,32.59,-25.96,2024,4,2024-04-01,-0.677509,22.649791,214,False
Maputo,Mozambique,32.59,-25.96,2024,5,2024-05-01,-0.462462,25.507723,539,False
Maputo,Mozambique,32.59,-25.96,2024,6,2024-06-01,-0.376115,26.131443,399,False
Maputo,Mozambique,32.59,-25.96,2024,7,2024-07-01,-0.159277,29.458082,3749,True
Maputo,Mozambique,32.59,-25.96,2024,8,2024-08-01,0.085581,-6770.172683,1851,True
Maputo,Mozambique,32.59,-25.96,2024,9,2024-09-01,0.098037,51.361655,886,True
Maputo,Mozambique,32.59,-25.96,2024,10,2024-10-01,-0.417579,44.676334,990,True
Maputo,Mozambique,32.59,-25.96,2024,11,2024-11-01,-0.526,32.460993,654,False
Maputo,Mozambique,32.59,-25.96,2024,12,2024-12-01,-0.526203,30.306019,217,False
Beira,Mozambique,34.84,-19.84,2018,1,2018-01-01,,,45,False
Beira,Mozambique,34.84,-19.84,2018,2,2018-02-01,,,0,False
Beira,Mozambique,34.84,-19.84,2018,3,2018-03-01,,,0,False
Beira,Mozambique,34.84,-19.84,2018,4,2018-04-01,,,2,False
Beira,Mozambique,34.84,-19.84,2018,5,2018-05-01,,,15,False
Beira,Mozambique,34.84,-19.84,2018,6,2018-06-01,-1.187932,,66,False
Beira,Mozambique,34.84,-19.84,2018,7,2018-07-01,-1.096562,24.258033,105,True
Beira,Mozambique,34.84,-19.84,2018,8,2018-08-01,-0.795564,-16624.782515,2684,True
Beira,Mozambique,34.84,-19.84,2018,9,2018-09-01,-0.644486,-290512.974612,4830,True
Beira,Mozambique,34.84,-19.84,2018,10,2018-10-01,-0.965177,33.118497,1182,True
Beira,Mozambique,34.84,-19.84,2018,11,2018-11-01,-0.873111,-8932.840069,822,False
Beira,Mozambique,34.84,-19.84,2018,12,2018-12-01,-1.078395,26.267633,78,False
Beira,Mozambique,34.84,-19.84,2019,1,2019-01-01,-1.139362,24.056787,2,False
Beira,Mozambique,34.84,-19.84,2019,2,2019-02-01,-1.241356,23.9954,9,False
Beira,Mozambique,34.84,-19.84,2019,3,2019-03-01,-1.19063,22.839353,4,False
Beira,Mozambique,34.84,-19.84,2019,4,2019-04-01,-1.409356,24.715831,4,False
Beira,Mozambique,34.84,-19.84,2019,5,2019-05-01,-1.447555,23.40997,19,False
Beira,Mozambique,34.84,-19.84,2019,6,2019-06-01,-1.398509,24.169774,59,False
Beira,Mozambique,34.84,-19.84,2019,7,2019-07-01,-1.409583,26.662426,647,True
Beira,Mozambique,34.84,-19.84,2019,8,2019-08-01,-1.211703,32.69944,1718,True
Beira,Mozambique,34.84,-19.84,2019,9,2019-09-01,-0.987088,41.541759,2943,True
Beira,Mozambique,34.84,-19.84,2019,10,2019-10-01,-0.854107,45.312468,3524,True
Beira,Mozambique,34.84,-19.84,2019,11,2019-11-01,-1.258153,37.477639,960,False
Beira,Mozambique,34.84,-19.84,2019,12,2019-12-01,-1.39561,26.549745,188,False
Beira,Mozambique,34.84,-19.84,2020,1,2020-01-01,-1.43958,26.623833,55,False
Beira,Mozambique,34.84,-19.84,2020,2,2020-02-01,-1.451647,28.149381,3,False
Beira,Mozambique,34.84,-19.84,2020,3,2020-03-01,-1.633612,27.796378,15,False
Beira,Mozambique,34.84,-19.84,2020,4,2020-04-01,-1.608223,26.281903,6,False
Beira,Mozambique,34.84,-19.84,2020,5,2020-05-01,-1.659079,25.674658,65,False
Beira,Mozambique,34.84,-19.84,2020,6,2020-06-01,-1.592586,27.110048,173,False
Beira,Mozambique,34.84,-19.84,2020,7,2020-07-01,-1.648531,27.209907,1149,True
Beira,Mozambique,34.84,-19.84,2020,8,2020-08-01,-1.246709,38.739909,1750,True
Beira,Mozambique,34.84,-19.84,2020,9,2020-09-01,-1.053959,46.851747,2383,True
Beira,Mozambique,34.84,-19.84,2020,10,2020-10-01,-1.245385,48.005419,1028,True
Beira,Mozambique,34.84,-19.84,2020,11,2020-11-01,-1.523737,39.622815,1078,False
Beira,Mozambique,34.84,-19.84,2020,12,2020-12-01,-1.495508,28.685398,32,False
Beira,Mozambique,34.84,-19.84,2021,1,2021-01-01,-1.597648,24.881178,1,False
Beira,Mozambique,34.84,-19.84,2021,2,2021-02-01,-1.723093,24.307896,0,False
Beira,Mozambique,34.84,-19.84,2021,3,2021-03-01,-1.864507,26.516041,4,False
Beira,Mozambique,34.84,-19.84,2021,4,2021-04-01,-1.916942,22.975598,2,False
Beira,Mozambique,34.84,-19.84,2021,5,2021-05-01,-2.021103,24.253883,18,False
Beira,Mozambique,34.84,-19.84,2021,6,2021-06-01,-1.986272,25.37254,49,False
Beira,Mozambique,34.84,-19.84,2021,7,2021-07-01,-0.519125,26.570204,256,True
Beira,Mozambique,34.84,-19.84,2021,8,2021-08-01,-0.188651,35.622089,1040,True
Beira,Mozambique,34.84,-19.84,2021,9,2021-09-01,-0.011254,42.937213,2754,True
Beira,Mozambique,34.84,-19.84,2021,10,2021-10-01,-0.00758,44.179704,1855,True
Beira,Mozambique,34.84,-19.84,2021,11,2021-11-01,-0.194035,39.287822,850,False
Beira,Mozambique,34.84,-19.84,2021,12,2021-12-01,-0.417566,31.779883,922,False
Beira,Mozambique,34.84,-19.84,2022,1,2022-01-01,-0.579952,23.887671,37,False
Beira,Mozambique,34.84,-19.84,2022,2,2022-02-01,-0.481231,22.15814,29,False
Beira,Mozambique,34.84,-19.84,2022,3,2022-03-01,-0.564277,25.300924,38,False
Beira,Mozambique,34.84,-19.84,2022,4,2022-04-01,-0.523681,24.661377,5,False
Beira,Mozambique,34.84,-19.84,2022,5,2022-05-01,-0.456153,24.497315,4,False
Beira,Mozambique,34.84,-19.84,2022,6,2022-06-01,-0.57711,23.531107,9,False
Beira,Mozambique,34.84,-19.84,2022,7,2022-07-01,-0.42829,24.695302,28,True
Beira,Mozambique,34.84,-19.84,2022,8,2022-08-01,-0.255862,32.10855,892,True
Beira,Mozambique,34.84,-19.84,2022,9,2022-09-01,-0.091446,41.466662,2304,True
Beira,Mozambique,34.84,-19.84,2022,10,2022-10-01,-0.102837,47.397751,1090,True
Beira,Mozambique,34.84,-19.84,2022,11,2022-11-01,-0.437826,34.601117,298,False
Beira,Mozambique,34.84,-19.84,2022,12,2022-12-01,-0.462438,26.059518,26,False
Beira,Mozambique,34.84,-19.84,2023,1,2023-01-01,-0.578917,23.232782,38,False
Beira,Mozambique,34.84,-19.84,2023,2,2023-02-01,-0.602251,25.493128,18,False
Beira,Mozambique,34.84,-19.84,2023,3,2023-03-01,-0.619192,26.319216,0,False
Beira,Mozambique,34.84,-19.84,2023,4,2023-04-01,-0.580106,23.516538,7,False
Beira,Mozambique,34.84,-19.84,2023,5,2023-05-01,-0.562933,25.126662,14,False
Beira,Mozambique,34.84,-19.84,2023,6,2023-06-01,-0.31519,27.147611,193,False
Beira,Mozambique,34.84,-19.84,2023,7,2023-07-01,-0.484497,25.964768,122,True
Beira,Mozambique,34.84,-19.84,2023,8,2023-08-01,-0.193575,32.158116,1113,True
Beira,Mozambique,34.84,-19.84,2023,9,2023-09-01,0.139052,44.563284,2022,True
Beira,Mozambique,34.84,-19.84,2023,10,2023-10-01,-0.061299,41.949971,747,True
Beira,Mozambique,34.84,-19.84,2023,11,2023-11-01,-0.389779,37.843895,297,False
Beira,Mozambique,34.84,-19.84,2023,12,2023-12-01,-0.453208,31.48105,153,False
Beira,Mozambique,34.84,-19.84,2024,1,2024-01-01,-0.56436,25.578592,25,False
Beira,Mozambique,34.84,-19.84,2024,2,2024-02-01,-0.565425,24.645702,11,False
Beira,Mozambique,34.84,-19.84,2024,3,2024-03-01,-0.610256,24.236558,9,False
Beira,Mozambique,34.84,-19.84,2024,4,2024-04-01,-0.560537,24.809682,7,False
Beira,Mozambique,34.84,-19.84,2024,5,2024-05-01,-0.511024,25.776058,17,False
Beira,Mozambique,34.84,-19.84,2024,6,2024-06-01,-0.487911,27.980958,171,False
Beira,Mozambique,34.84,-19.84,2024,7,2024-07-01,-0.208088,33.670993,638,True
Beira,Mozambique,34.84,-19.84,2024,8,2024-08-01,-0.022977,38.664319,958,True
Beira,Mozambique,34.84,-19.84,2024,9,2024-09-01,0.051524,51.909291,1315,True
Beira,Mozambique,34.84,-19.84,2024,10,2024-10-01,-0.25755,53.464104,615,True
Beira,Mozambique,34.84,-19.84,2024,11,2024-11-01,-0.443617,38.044989,164,False
Beira,Mozambique,34.84,-19.84,2024,12,2024-12-01,-0.398885,31.291961,320,False
Nampula,Mozambique,39.26,-15.12,2018,1,2018-01-01,,,0,False
Nampula,Mozambique,39.26,-15.12,2018,2,2018-02-01,,,11,False
Nampula,Mozambique,39.26,-15.12,2018,3,2018-03-01,,,1,False
Nampula,Mozambique,39.26,-15.12,2018,4,2018-04-01,,,0,False
Nampula,Mozambique,39.26,-15.12,2018,5,2018-05-01,,,16,False
Nampula,Mozambique,39.26,-15.12,2018,6,2018-06-01,-1.276543,,68,False
Nampula,Mozambique,39.26,-15.12,2018,7,2018-07-01,-1.026852,-37424.031171,499,True
Nampula,Mozambique,39.26,-15.12,2018,8,2018-08-01,-0.926535,-732.200838,3052,True
Nampula,Mozambique,39.26,-15.12,2018,9,2018-09-01,-0.85834,-32606.305424,5464,True
Nampula,Mozambique,39.26,-15.12,2018,10,2018-10-01,-0.945304,-19455.414563,1867,True
Nampula,Mozambique,39.26,-15.12,2018,11,2018-11-01,-0.940429,-192315.166588,655,False
Nampula,Mozambique,39.26,-15.12,2018,12,2018-12-01,-1.083872,27.42354,64,False
Nampula,Mozambique,39.26,-15.12,2019,1,2019-01-01,-1.179072,24.828117,6,False
Nampula,Mozambique,39.26,-15.12,2019,2,2019-02-01,-1.241313,24.962244,13,False
Nampula,Mozambique,39.26,-15.12,2019,3,2019-03-01,-1.262906,-65928.81122,6,False
Nampula,Mozambique,39.26,-15.12,2019,4,2019-04-01,-1.326866,24.961182,4,False
Nampula,Mozambique,39.26,-15.12,2019,5,2019-05-01,-1.311028,25.03098,11,False
Nampula,Mozambique,39.26,-15.12,2019,6,2019-06-01,-1.382909,23.928759,40,False
Nampula,Mozambique,39.26,-15.12,2019,7,2019-07-01,-1.434242,25.582758,328,True
Nampula,Mozambique,39.26,-15.12,2019,8,2019-08-01,-1.25994,31.022119,3444,True
Nampula,Mozambique,39.26,-15.12,2019,9,2019-09-01,-1.050307,42.256389,4295,True
Nampula,Mozambique,39.26,-15.12,2019,10,2019-10-01,-1.226365,40.869474,2400,True
Nampula,Mozambique,39.26,-15.12,2019,11,2019-11-01,-1.289193,37.824248,411,False
Nampula,Mozambique,39.26,-15.12,2019,12,2019-12-01,-1.368577,26.667046,52,False
Nampula,Mozambique,39.26,-15.12,2020,1,2020-01-01,-1.394727,29.370403,0,False
Nampula,Mozambique,39.26,-15.12,2020,2,2020-02-01,-1.495603,27.720638,2,False
Nampula,Mozambique,39.26,-15.12,2020,3,2020-03-01,-1.551333,27.352426,0,False
Nampula,Mozambique,39.26,-15.12,2020,4,2020-04-01,-1.599078,27.321671,10,False
Nampula,Mozambique,39.26,-15.12,2020,5,2020-05-01,-1.585617,27.774352,117,False
Nampula,Mozambique,39.26,-15.12,2020,6,2020-06-01,-1.577794,26.734476,412,False
Nampula,Mozambique,39.26,-15.12,2020,7,2020-07-01,-1.583618,27.068666,1963,True
Nampula,Mozambique,39.26,-15.12,2020,8,2020-08-01,-1.427078,32.363869,4204,True
Nampula,Mozambique,39.26,-15.12,2020,9,2020-09-01,-1.422818,38.850924,4378,True
Nampula,Mozambique,39.26,-15.12,2020,10,2020-10-01,-1.37304,45.315623,1419,True
Nampula,Mozambique,39.26,-15.12,2020,11,2020-11-01,-1.534669,38.086068,408,False
Nampula,Mozambique,39.26,-15.12,2020,12,2020-12-01,-1.616776,28.303293,92,False
Nampula,Mozambique,39.26,-15.12,2021,1,2021-01-01,-1.696625,24.767358,87,False
Nampula,Mozambique,39.26,-15.12,2021,2,2021-02-01,-1.704284,25.931961,11,False
Nampula,Mozambique,39.26,-15.12,2021,3,2021-03-01,-1.769758,-2407.555174,9,False
Nampula,Mozambique,39.26,-15.12,2021,4,2021-04-01,-1.796244,24.684652,0,False
Nampula,Mozambique,39.26,-15.12,2021,5,2021-05-01,-1.854088,24.668982,4,False
Nampula,Mozambique,39.26,-15.12,2021,6,2021-06-01,-1.915116,26.175576,16,False
Nampula,Mozambique,39.26,-15.12,2021,7,2021-07-01,-0.569183,25.53065,86,True
Nampula,Mozambique,39.26,-15.12,2021,8,2021-08-01,-0.378898,32.071778,1342,True
Nampula,Mozambique,39.26,-15.12,2021,9,2021-09-01,-0.23297,39.256119,4322,True
Nampula,Mozambique,39.26,-15.12,2021,10,2021-10-01,-0.211265,41.197685,3244,True
Nampula,Mozambique,39.26,-15.12,2021,11,2021-11-01,-0.261219,37.507784,1676,False
Nampula,Mozambique,39.26,-15.12,2021,12,2021-12-01,-0.379243,29.075253,408,False
Nampula,Mozambique,39.26,-15.12,2022,1,2022-01-01,-0.622879,25.927539,10,False
Nampula,Mozambique,39.26,-15.12,2022,2,2022-02-01,-0.540571,24.068222,0,False
Nampula,Mozambique,39.26,-15.12,2022,3,2022-03-01,-0.662414,-2408.925053,0,False
Nampula,Mozambique,39.26,-15.12,2022,4,2022-04-01,-0.479791,24.728493,0,False
Nampula,Mozambique,39.26,-15.12,2022,5,2022-05-01,-0.42035,24.278341,0,False
Nampula,Mozambique,39.26,-15.12,2022,6,2022-06-01,-0.524716,24.522799,28,False
Nampula,Mozambique,39.26,-15.12,2022,7,2022-07-01,-0.388857,24.083447,218,True
Nampula,Mozambique,39.26,-15.12,2022,8,2022-08-01,-0.431578,29.607571,1342,True
Nampula,Mozambique,39.26,-15.12,2022,9,2022-09-01,-0.442274,37.135495,3821,True
Nampula,Mozambique,39.26,-15.12,2022,10,2022-10-01,-0.146366,44.954562,2562,True
Nampula,Mozambique,39.26,-15.12,2022,11,2022-11-01,-0.323162,35.37931,1126,False
Nampula,Mozambique,39.26,-15.12,2022,12,2022-12-01,-0.600975,27.939681,25,False
Nampula,Mozambique,39.26,-15.12,2023,1,2023-01-01,-0.70686,24.97989,10,False
Nampula,Mozambique,39.26,-15.12,2023,2,2023-02-01,-0.630942,26.372233,1,False
Nampula,Mozambique,39.26,-15.12,2023,3,2023-03-01,-0.716349,28.096817,0,False
Nampula,Mozambique,39.26,-15.12,2023,4,2023-04-01,-0.602438,24.371902,0,False
Nampula,Mozambique,39.26,-15.12,2023,5,2023-05-01,-0.429833,25.572953,7,False
Nampula,Mozambique,39.26,-15.12,2023,6,2023-06-01,-0.412733,25.401831,12,False
Nampula,Mozambique,39.26,-15.12,2023,7,2023-07-01,-0.548396,25.289927,299,True
Nampula,Mozambique,39.26,-15.12,2023,8,2023-08-01,-0.426122,31.42574,1387,True
Nampula,Mozambique,39.26,-15.12,2023,9,2023-09-01,-0.236018,37.578651,3123,True
Nampula,Mozambique,39.26,-15.12,2023,10,2023-10-01,-0.22922,39.670347,1781,True
Nampula,Mozambique,39.26,-15.12,2023,11,2023-11-01,-0.46544,38.955785,300,False
Nampula,Mozambique,39.26,-15.12,2023,12,2023-12-01,-0.508302,31.572921,43,False
Nampula,Mozambique,39.26,-15.12,2024,1,2024-01-01,-0.684067,26.529182,0,False
Nampula,Mozambique,39.26,-15.12,2024,2,2024-02-01,-0.700597,-2418.370107,1,False
Nampula,Mozambique,39.26,-15.12,2024,3,2024-03-01,-0.663366,24.487271,0,False
Nampula,Mozambique,39.26,-15.12,2024,4,2024-04-01,-0.560686,24.578141,0,False
Nampula,Mozambique,39.26,-15.12,2024,5,2024-05-01,-0.567544,26.658885,29,False
Nampula,Mozambique,39.26,-15.12,2024,6,2024-06-01,-0.606781,27.14557,95,False
Nampula,Mozambique,39.26,-15.12,2024,7,2024-07-01,-0.383987,-2417.047864,973,True
Nampula,Mozambique,39.26,-15.12,2024,8,2024-08-01,-0.269814,34.606452,1881,True
Nampula,Mozambique,39.26,-15.12,2024,9,2024-09-01,-0.251315,46.993758,2550,True
Nampula,Mozambique,39.26,-15.12,2024,10,2024-10-01,-0.425775,53.714345,1285,True
Nampula,Mozambique,39.26,-15.12,2024,11,2024-11-01,-0.471004,40.858298,119,False
Nampula,Mozambique,39.26,-15.12,2024,12,2024-12-01,-0.564212,31.685152,26,False
Harare,Zimbabwe,31.05,-17.83,2018,1,2018-01-01,,,21,False
Harare,Zimbabwe,31.05,-17.83,2018,2,2018-02-01,,,2,False
Harare,Zimbabwe,31.05,-17.83,2018,3,2018-03-01,,,2,False
Harare,Zimbabwe,31.05,-17.83,2018,4,2018-04-01,,,7,False
Harare,Zimbabwe,31.05,-17.83,2018,5,2018-05-01,,,51,False
Harare,Zimbabwe,31.05,-17.83,2018,6,2018-06-01,-0.812083,,288,False
Harare,Zimbabwe,31.05,-17.83,2018,7,2018-07-01,-0.944756,23.274965,425,True
Harare,Zimbabwe,31.05,-17.83,2018,8,2018-08-01,-0.712714,35.525807,3537,True
Harare,Zimbabwe,31.05,-17.83,2018,9,2018-09-01,-0.576104,41.453352,6233,True
Harare,Zimbabwe,31.05,-17.83,2018,10,2018-10-01,-0.808722,33.185815,2577,True
Harare,Zimbabwe,31.05,-17.83,2018,11,2018-11-01,-0.910719,32.09195,1182,False
Harare,Zimbabwe,31.05,-17.83,2018,12,2018-12-01,-1.094726,25.990585,29,False
Harare,Zimbabwe,31.05,-17.83,2019,1,2019-01-01,-1.166592,24.010087,4,False
Harare,Zimbabwe,31.05,-17.83,2019,2,2019-02-01,-1.231155,23.542359,7,False
Harare,Zimbabwe,31.05,-17.83,2019,3,2019-03-01,-1.276501,22.333538,18,False
Harare,Zimbabwe,31.05,-17.83,2019,4,2019-04-01,-1.256429,24.23474,19,False
Harare,Zimbabwe,31.05,-17.83,2019,5,2019-05-01,-1.27249,23.12321,267,False
Harare,Zimbabwe,31.05,-17.83,2019,6,2019-06-01,-1.230246,23.479117,775,False
Harare,Zimbabwe,31.05,-17.83,2019,7,2019-07-01,-1.16159,26.234211,2206,True
Harare,Zimbabwe,31.05,-17.83,2019,8,2019-08-01,-1.024269,32.302802,2743,True
Harare,Zimbabwe,31.05,-17.83,2019,9,2019-09-01,-0.862205,40.819675,4859,True
Harare,Zimbabwe,31.05,-17.83,2019,10,2019-10-01,-0.998375,42.833875,2885,True
Harare,Zimbabwe,31.05,-17.83,2019,11,2019-11-01,-1.23783,37.393757,597,False
Harare,Zimbabwe,31.05,-17.83,2019,12,2019-12-01,-1.392123,25.471241,39,False
Harare,Zimbabwe,31.05,-17.83,2020,1,2020-01-01,-1.455831,26.350037,6,False
Harare,Zimbabwe,31.05,-17.83,2020,2,2020-02-01,-1.452285,28.659903,0,False
Harare,Zimbabwe,31.05,-17.83,2020,3,2020-03-01,-1.530053,27.452638,9,False
Harare,Zimbabwe,31.05,-17.83,2020,4,2020-04-01,-1.58001,25.354094,1,False
Harare,Zimbabwe,31.05,-17.83,2020,5,2020-05-01,-1.512224,25.084509,200,False
Harare,Zimbabwe,31.05,-17.83,2020,6,2020-06-01,-1.485301,26.289102,211,False
Harare,Zimbabwe,31.05,-17.83,2020,7,2020-07-01,-1.426706,26.36869,805,True
Harare,Zimbabwe,31.05,-17.83,2020,8,2020-08-01,-1.235092,36.821442,1753,True
Harare,Zimbabwe,31.05,-17.83,2020,9,2020-09-01,-1.035099,46.040521,2770,True
Harare,Zimbabwe,31.05,-17.83,2020,10,2020-10-01,-1.235409,48.04548,1860,True
Harare,Zimbabwe,31.05,-17.83,2020,11,2020-11-01,-1.54433,40.618038,824,False
Harare,Zimbabwe,31.05,-17.83,2020,12,2020-12-01,-1.57488,28.566891,9,False
Harare,Zimbabwe,31.05,-17.83,2021,1,2021-01-01,-1.622819,24.870669,6,False
Harare,Zimbabwe,31.05,-17.83,2021,2,2021-02-01,-1.759094,23.785906,0,False
Harare,Zimbabwe,31.05,-17.83,2021,3,2021-03-01,-1.843503,26.626042,17,False
Harare,Zimbabwe,31.05,-17.83,2021,4,2021-04-01,-1.8453,22.536083,73,False
Harare,Zimbabwe,31.05,-17.83,2021,5,2021-05-01,-1.900502,23.562142,211,False
Harare,Zimbabwe,31.05,-17.83,2021,6,2021-06-01,-1.876079,25.108396,373,False
Harare,Zimbabwe,31.05,-17.83,2021,7,2021-07-01,-0.381074,25.976737,1280,True
Harare,Zimbabwe,31.05,-17.83,2021,8,2021-08-01,-0.098949,32.812884,2964,True
Harare,Zimbabwe,31.05,-17.83,2021,9,2021-09-01,-0.089215,41.316259,3672,True
Harare,Zimbabwe,31.05,-17.83,2021,10,2021-10-01,-0.243022,43.6957,3235,True
Harare,Zimbabwe,31.05,-17.83,2021,11,2021-11-01,-0.421343,39.681786,1484,False
Harare,Zimbabwe,31.05,-17.83,2021,12,2021-12-01,-0.658052,29.813192,223,False
Harare,Zimbabwe,31.05,-17.83,2022,1,2022-01-01,-0.934812,24.364786,4,False
Harare,Zimbabwe,31.05,-17.83,2022,2,2022-02-01,-0.752407,21.289933,14,False
Harare,Zimbabwe,31.05,-17.83,2022,3,2022-03-01,-0.767801,24.198528,22,False
Harare,Zimbabwe,31.05,-17.83,2022,4,2022-04-01,-0.66097,23.341751,6,False
Harare,Zimbabwe,31.05,-17.83,2022,5,2022-05-01,-0.391086,22.893279,24,False
Harare,Zimbabwe,31.05,-17.83,2022,6,2022-06-01,-0.399538,22.510294,71,False
Harare,Zimbabwe,31.05,-17.83,2022,7,2022-07-01,-0.393449,23.727367,324,True
Harare,Zimbabwe,31.05,-17.83,2022,8,2022-08-01,-0.102057,30.981021,2479,True
Harare,Zimbabwe,31.05,-17.83,2022,9,2022-09-01,-0.009978,41.092953,4270,True
Harare,Zimbabwe,31.05,-17.83,2022,10,2022-10-01,-0.008842,49.989686,2880,True
Harare,Zimbabwe,31.05,-17.83,2022,11,2022-11-01,-0.635648,35.771224,146,False
Harare,Zimbabwe,31.05,-17.83,2022,12,2022-12-01,-0.627684,25.222274,0,False
Harare,Zimbabwe,31.05,-17.83,2023,1,2023-01-01,-0.736224,24.330015,1,False
Harare,Zimbabwe,31.05,-17.83,2023,2,2023-02-01,-0.791628,23.556774,1,False
Harare,Zimbabwe,31.05,-17.83,2023,3,2023-03-01,-0.6945,25.023353,15,False
Harare,Zimbabwe,31.05,-17.83,2023,4,2023-04-01,-0.570265,22.760305,52,False
Harare,Zimbabwe,31.05,-17.83,2023,5,2023-05-01,-0.410614,24.083174,250,False
Harare,Zimbabwe,31.05,-17.83,2023,6,2023-06-01,-0.197707,26.003403,753,False
Harare,Zimbabwe,31.05,-17.83,2023,7,2023-07-01,-0.282864,25.481358,1398,True
Harare,Zimbabwe,31.05,-17.83,2023,8,2023-08-01,-0.046863,32.317915,3510,True
Harare,Zimbabwe,31.05,-17.83,2023,9,2023-09-01,0.164435,44.539981,3552,True
Harare,Zimbabwe,31.05,-17.83,2023,10,2023-10-01,-0.175939,42.28922,1349,True
Harare,Zimbabwe,31.05,-17.83,2023,11,2023-11-01,-0.423003,37.295642,486,False
Harare,Zimbabwe,31.05,-17.83,2023,12,2023-12-01,-0.540196,30.849506,117,False
Harare,Zimbabwe,31.05,-17.83,2024,1,2024-01-01,-0.731616,25.068545,0,False
Harare,Zimbabwe,31.05,-17.83,2024,2,2024-02-01,-0.517212,24.298871,8,False
Harare,Zimbabwe,31.05,-17.83,2024,3,2024-03-01,-0.674314,23.180604,21,False
Harare,Zimbabwe,31.05,-17.83,2024,4,2024-04-01,-0.485883,23.855365,18,False
Harare,Zimbabwe,31.05,-17.83,2024,5,2024-05-01,-0.213871,25.045817,226,False
Harare,Zimbabwe,31.05,-17.83,2024,6,2024-06-01,-0.255301,27.938771,224,False
Harare,Zimbabwe,31.05,-17.83,2024,7,2024-07-01,-0.060039,31.895372,1687,True
Harare,Zimbabwe,31.05,-17.83,2024,8,2024-08-01,0.046137,36.941704,1847,True
Harare,Zimbabwe,31.05,-17.83,2024,9,2024-09-01,0.190818,49.507864,2312,True
Harare,Zimbabwe,31.05,-17.83,2024,10,2024-10-01,-0.243833,51.880944,1120,True
Harare,Zimbabwe,31.05,-17.83,2024,11,2024-11-01,-0.651881,37.194923,109,False
Harare,Zimbabwe,31.05,-17.83,2024,12,2024-12-01,-0.524982,29.954177,95,False
Bulawayo,Zimbabwe,28.58,-20.15,2018,1,2018-01-01,,,56,False
Bulawayo,Zimbabwe,28.58,-20.15,2018,2,2018-02-01,,,0,False
Bulawayo,Zimbabwe,28.58,-20.15,2018,3,2018-03-01,,,0,False
Bulawayo,Zimbabwe,28.58,-20.15,2018,4,2018-04-01,,,30,False
Bulawayo,Zimbabwe,28.58,-20.15,2018,5,2018-05-01,,,14,False
Bulawayo,Zimbabwe,28.58,-20.15,2018,6,2018-06-01,-0.878166,,178,False
Bulawayo,Zimbabwe,28.58,-20.15,2018,7,2018-07-01,-0.926936,22.800632,183,True
Bulawayo,Zimbabwe,28.58,-20.15,2018,8,2018-08-01,-0.549526,36.218559,1043,True
Bulawayo,Zimbabwe,28.58,-20.15,2018,9,2018-09-01,-0.477096,38.134307,1909,True
Bulawayo,Zimbabwe,28.58,-20.15,2018,10,2018-10-01,-0.767686,30.936018,1077,True
Bulawayo,Zimbabwe,28.58,-20.15,2018,11,2018-11-01,-0.893589,28.481734,519,False
Bulawayo,Zimbabwe,28.58,-20.15,2018,12,2018-12-01,-1.064097,24.903788,36,False
Bulawayo,Zimbabwe,28.58,-20.15,2019,1,2019-01-01,-1.174125,23.556873,6,False
Bulawayo,Zimbabwe,28.58,-20.15,2019,2,2019-02-01,-1.221662,23.60661,5,False
Bulawayo,Zimbabwe,28.58,-20.15,2019,3,2019-03-01,-1.295117,22.678864,3,False
Bulawayo,Zimbabwe,28.58,-20.15,2019,4,2019-04-01,-1.213202,23.657095,30,False
Bulawayo,Zimbabwe,28.58,-20.15,2019,5,2019-05-01,-1.214098,22.530139,62,False
Bulawayo,Zimbabwe,28.58,-20.15,2019,6,2019-06-01,-1.205626,23.371023,34,False
Bulawayo,Zimbabwe,28.58,-20.15,2019,7,2019-07-01,-1.098821,24.893944,196,True
Bulawayo,Zimbabwe,28.58,-20.15,2019,8,2019-08-01,-0.999314,31.163926,410,True
Bulawayo,Zimbabwe,28.58,-20.15,2019,9,2019-09-01,-0.86875,36.596501,943,True
Bulawayo,Zimbabwe,28.58,-20.15,2019,10,2019-10-01,-1.02137,39.257739,1089,True
Bulawayo,Zimbabwe,28.58,-20.15,2019,11,2019-11-01,-1.211885,34.836283,140,False
Bulawayo,Zimbabwe,28.58,-20.15,2019,12,2019-12-01,-1.333624,25.936714,14,False
Bulawayo,Zimbabwe,28.58,-20.15,2020,1,2020-01-01,-1.423996,25.597347,0,False
Bulawayo,Zimbabwe,28.58,-20.15,2020,2,2020-02-01,-1.379872,28.467817,0,False
Bulawayo,Zimbabwe,28.58,-20.15,2020,3,2020-03-01,-1.470391,26.325506,5,False
Bulawayo,Zimbabwe,28.58,-20.15,2020,4,2020-04-01,-1.497085,24.466609,1,False
Bulawayo,Zimbabwe,28.58,-20.15,2020,5,2020-05-01,-1.445872,23.526883,60,False
Bulawayo,Zimbabwe,28.58,-20.15,2020,6,2020-06-01,-1.450433,25.142791,39,False
Bulawayo,Zimbabwe,28.58,-20.15,2020,7,2020-07-01,0.563546,25.237103,63,True
Bulawayo,Zimbabwe,28.58,-20.15,2020,8,2020-08-01,-1.120783,35.075641,133,True
Bulawayo,Zimbabwe,28.58,-20.15,2020,9,2020-09-01,-0.995743,45.210844,184,True
Bulawayo,Zimbabwe,28.58,-20.15,2020,10,2020-10-01,-1.242335,45.623282,152,True
Bulawayo,Zimbabwe,28.58,-20.15,2020,11,2020-11-01,-1.57467,39.109442,108,False
Bulawayo,Zimbabwe,28.58,-20.15,2020,12,2020-12-01,-1.573909,29.042165,6,False
Bulawayo,Zimbabwe,28.58,-20.15,2021,1,2021-01-01,-1.64685,24.237758,0,False
Bulawayo,Zimbabwe,28.58,-20.15,2021,2,2021-02-01,-1.78097,23.590289,0,False
Bulawayo,Zimbabwe,28.58,-20.15,2021,3,2021-03-01,-1.904933,26.489413,20,False
Bulawayo,Zimbabwe,28.58,-20.15,2021,4,2021-04-01,-1.900549,21.763294,66,False
Bulawayo,Zimbabwe,28.58,-20.15,2021,5,2021-05-01,-1.930423,22.702086,56,False
Bulawayo,Zimbabwe,28.58,-20.15,2021,6,2021-06-01,-1.85651,23.961512,114,False
Bulawayo,Zimbabwe,28.58,-20.15,2021,7,2021-07-01,-0.26978,24.878081,256,True
Bulawayo,Zimbabwe,28.58,-20.15,2021,8,2021-08-01,0.041091,31.88127,523,True
Bulawayo,Zimbabwe,28.58,-20.15,2021,9,2021-09-01,0.072118,39.24391,677,True
Bulawayo,Zimbabwe,28.58,-20.15,2021,10,2021-10-01,-0.223583,41.802661,760,True
Bulawayo,Zimbabwe,28.58,-20.15,2021,11,2021-11-01,-0.464174,35.31091,315,False
Bulawayo,Zimbabwe,28.58,-20.15,2021,12,2021-12-01,-0.72529,29.999317,39,False
Bulawayo,Zimbabwe,28.58,-20.15,2022,1,2022-01-01,-0.887769,23.926889,4,False
Bulawayo,Zimbabwe,28.58,-20.15,2022,2,2022-02-01,-0.609152,21.298775,3,False
Bulawayo,Zimbabwe,28.58,-20.15,2022,3,2022-03-01,-0.655517,24.772846,10,False
Bulawayo,Zimbabwe,28.58,-20.15,2022,4,2022-04-01,-0.65911,22.544514,3,False
Bulawayo,Zimbabwe,28.58,-20.15,2022,5,2022-05-01,-0.386807,21.564838,8,False
Bulawayo,Zimbabwe,28.58,-20.15,2022,6,2022-06-01,-0.109512,22.248426,38,False
Bulawayo,Zimbabwe,28.58,-20.15,2022,7,2022-07-01,-0.295335,23.500148,69,True
Bulawayo,Zimbabwe,28.58,-20.15,2022,8,2022-08-01,-0.027874,29.565865,805,True
Bulawayo,Zimbabwe,28.58,-20.15,2022,9,2022-09-01,0.072775,39.22213,1649,True
Bulawayo,Zimbabwe,28.58,-20.15,2022,10,2022-10-01,-0.035453,46.308907,934,True
Bulawayo,Zimbabwe,28.58,-20.15,2022,11,2022-11-01,-0.659493,32.59101,12,False
Bulawayo,Zimbabwe,28.58,-20.15,2022,12,2022-12-01,-0.6776,24.7933,4,False
Bulawayo,Zimbabwe,28.58,-20.15,2023,1,2023-01-01,-0.630695,23.122268,0,False
Bulawayo,Zimbabwe,28.58,-20.15,2023,2,2023-02-01,-0.788145,23.261083,1,False
Bulawayo,Zimbabwe,28.58,-20.15,2023,3,2023-03-01,-0.615426,23.873148,6,False
Bulawayo,Zimbabwe,28.58,-20.15,2023,4,2023-04-01,-0.549974,22.257975,4,False
Bulawayo,Zimbabwe,28.58,-20.15,2023,5,2023-05-01,-0.330783,23.727855,76,False
Bulawayo,Zimbabwe,28.58,-20.15,2023,6,2023-06-01,-0.105452,25.675008,144,False
Bulawayo,Zimbabwe,28.58,-20.15,2023,7,2023-07-01,-0.162487,24.888089,279,True
Bulawayo,Zimbabwe,28.58,-20.15,2023,8,2023-08-01,0.129012,31.333907,562,True
Bulawayo,Zimbabwe,28.58,-20.15,2023,9,2023-09-01,0.320279,40.799169,805,True
Bulawayo,Zimbabwe,28.58,-20.15,2023,10,2023-10-01,-0.118131,38.638929,471,True
Bulawayo,Zimbabwe,28.58,-20.15,2023,11,2023-11-01,-0.435991,37.188917,141,False
Bulawayo,Zimbabwe,28.58,-20.15,2023,12,2023-12-01,-0.510225,30.426698,243,False
Bulawayo,Zimbabwe,28.58,-20.15,2024,1,2024-01-01,-0.701371,24.586791,6,False
Bulawayo,Zimbabwe,28.58,-20.15,2024,2,2024-02-01,-0.485702,25.239992,8,False
Bulawayo,Zimbabwe,28.58,-20.15,2024,3,2024-03-01,-0.606233,22.997418,19,False
Bulawayo,Zimbabwe,28.58,-20.15,2024,4,2024-04-01,-0.469126,23.570003,12,False
Bulawayo,Zimbabwe,28.58,-20.15,2024,5,2024-05-01,-0.197268,24.481839,43,False
Bulawayo,Zimbabwe,28.58,-20.15,2024,6,2024-06-01,-0.191481,26.370469,39,False
Bulawayo,Zimbabwe,28.58,-20.15,2024,7,2024-07-01,0.02252,29.664207,337,True
Bulawayo,Zimbabwe,28.58,-20.15,2024,8,2024-08-01,0.171622,36.418278,226,True
Bulawayo,Zimbabwe,28.58,-20.15,2024,9,2024-09-01,0.228298,48.665382,223,True
Bulawayo,Zimbabwe,28.58,-20.15,2024,10,2024-10-01,-0.187635,48.990914,181,True
Bulawayo,Zimbabwe,28.58,-20.15,2024,11,2024-11-01,-0.61127,34.804967,16,False
Bulawayo,Zimbabwe,28.58,-20.15,2024,12,2024-12-01,-0.619232,30.108451,25,False
Mutare,Zimbabwe,32.67,-18.97,2018,1,2018-01-01,,,19,False
Mutare,Zimbabwe,32.67,-18.97,2018,2,2018-02-01,,,2,False
Mutare,Zimbabwe,32.67,-18.97,2018,3,2018-03-01,,,0,False
Mutare,Zimbabwe,32.67,-18.97,2018,4,2018-04-01,,,3,False
Mutare,Zimbabwe,32.67,-18.97,2018,5,2018-05-01,,,43,False
Mutare,Zimbabwe,32.67,-18.97,2018,6,2018-06-01,-0.969125,,266,False
Mutare,Zimbabwe,32.67,-18.97,2018,7,2018-07-01,-0.975553,23.348677,378,True
Mutare,Zimbabwe,32.67,-18.97,2018,8,2018-08-01,-0.726631,35.580237,3766,True
Mutare,Zimbabwe,32.67,-18.97,2018,9,2018-09-01,-0.556458,42.546101,6210,True
Mutare,Zimbabwe,32.67,-18.97,2018,10,2018-10-01,-0.843532,32.591144,1554,True
Mutare,Zimbabwe,32.67,-18.97,2018,11,2018-11-01,-0.856385,30.730384,836,False
Mutare,Zimbabwe,32.67,-18.97,2018,12,2018-12-01,-1.105374,25.678124,49,False
Mutare,Zimbabwe,32.67,-18.97,2019,1,2019-01-01,-1.145012,23.727523,8,False
Mutare,Zimbabwe,32.67,-18.97,2019,2,2019-02-01,-1.233092,23.466614,19,False
Mutare,Zimbabwe,32.67,-18.97,2019,3,2019-03-01,-1.219723,22.270072,15,False
Mutare,Zimbabwe,32.67,-18.97,2019,4,2019-04-01,-1.336945,24.184136,4,False
Mutare,Zimbabwe,32.67,-18.97,2019,5,2019-05-01,-1.34569,22.883277,75,False
Mutare,Zimbabwe,32.67,-18.97,2019,6,2019-06-01,-1.291493,23.44176,296,False
Mutare,Zimbabwe,32.67,-18.97,2019,7,2019-07-01,-1.257674,26.212835,1800,True
Mutare,Zimbabwe,32.67,-18.97,2019,8,2019-08-01,-1.090931,32.445693,3064,True
Mutare,Zimbabwe,32.67,-18.97,2019,9,2019-09-01,-0.9134,41.129564,4693,True
Mutare,Zimbabwe,32.67,-18.97,2019,10,2019-10-01,-0.921635,44.025565,3109,True
Mutare,Zimbabwe,32.67,-18.97,2019,11,2019-11-01,-1.231786,37.226115,847,False
Mutare,Zimbabwe,32.67,-18.97,2019,12,2019-12-01,-1.372473,25.701287,318,False
Mutare,Zimbabwe,32.67,-18.97,2020,1,2020-01-01,-1.44353,26.182413,29,False
Mutare,Zimbabwe,32.67,-18.97,2020,2,2020-02-01,-1.457269,28.162631,0,False
Mutare,Zimbabwe,32.67,-18.97,2020,3,2020-03-01,-1.585843,27.258244,15,False
Mutare,Zimbabwe,32.67,-18.97,2020,4,2020-04-01,-1.553593,25.391684,3,False
Mutare,Zimbabwe,32.67,-18.97,2020,5,2020-05-01,-1.57059,24.932356,158,False
Mutare,Zimbabwe,32.67,-18.97,2020,6,2020-06-01,-1.512016,26.220492,340,False
Mutare,Zimbabwe,32.67,-18.97,2020,7,2020-07-01,-1.489009,26.494567,1567,True
Mutare,Zimbabwe,32.67,-18.97,2020,8,2020-08-01,-1.204158,37.516935,2530,True
Mutare,Zimbabwe,32.67,-18.97,2020,9,2020-09-01,-1.038558,45.795312,3035,True
Mutare,Zimbabwe,32.67,-18.97,2020,10,2020-10-01,-1.217674,47.341443,1231,True
Mutare,Zimbabwe,32.67,-18.97,2020,11,2020-11-01,-1.538079,39.980732,596,False
Mutare,Zimbabwe,32.67,-18.97,2020,12,2020-12-01,-1.512615,28.172807,13,False
Mutare,Zimbabwe,32.67,-18.97,2021,1,2021-01-01,-1.626764,24.548151,6,False
Mutare,Zimbabwe,32.67,-18.97,2021,2,2021-02-01,-1.753664,23.664279,0,False
Mutare,Zimbabwe,32.67,-18.97,2021,3,2021-03-01,-1.840407,26.276943,9,False
Mutare,Zimbabwe,32.67,-18.97,2021,4,2021-04-01,-1.872195,22.348151,62,False
Mutare,Zimbabwe,32.67,-18.97,2021,5,2021-05-01,-1.94746,23.628797,145,False
Mutare,Zimbabwe,32.67,-18.97,2021,6,2021-06-01,-1.899364,24.833599,268,False
Mutare,Zimbabwe,32.67,-18.97,2021,7,2021-07-01,-0.445699,26.017333,1057,True
Mutare,Zimbabwe,32.67,-18.97,2021,8,2021-08-01,-0.131709,33.161135,2882,True
Mutare,Zimbabwe,32.67,-18.97,2021,9,2021-09-01,-0.054769,42.081795,3761,True
Mutare,Zimbabwe,32.67,-18.97,2021,10,2021-10-01,-0.152591,43.893715,2740,True
Mutare,Zimbabwe,32.67,-18.97,2021,11,2021-11-01,-0.383872,39.681372,933,False
Mutare,Zimbabwe,32.67,-18.97,2021,12,2021-12-01,-0.630367,30.537504,364,False
Mutare,Zimbabwe,32.67,-18.97,2022,1,2022-01-01,-0.83032,23.501723,27,False
Mutare,Zimbabwe,32.67,-18.97,2022,2,2022-02-01,-0.69808,21.380649,14,False
Mutare,Zimbabwe,32.67,-18.97,2022,3,2022-03-01,-0.712417,24.386742,41,False
Mutare,Zimbabwe,32.67,-18.97,2022,4,2022-04-01,-0.595012,23.635388,11,False
Mutare,Zimbabwe,32.67,-18.97,2022,5,2022-05-01,-0.451845,23.223126,2,False
Mutare,Zimbabwe,32.67,-18.97,2022,6,2022-06-01,-0.519052,22.524317,45,False
Mutare,Zimbabwe,32.67,-18.97,2022,7,2022-07-01,-0.41207,23.737476,175,True
Mutare,Zimbabwe,32.67,-18.97,2022,8,2022-08-01,-0.150187,30.948156,2307,True
Mutare,Zimbabwe,32.67,-18.97,2022,9,2022-09-01,-0.02356,41.160404,3532,True
Mutare,Zimbabwe,32.67,-18.97,2022,10,2022-10-01,-0.116783,47.596149,1829,True
Mutare,Zimbabwe,32.67,-18.97,2022,11,2022-11-01,-0.569278,34.504084,152,False
Mutare,Zimbabwe,32.67,-18.97,2022,12,2022-12-01,-0.577642,24.8045,3,False
Mutare,Zimbabwe,32.67,-18.97,2023,1,2023-01-01,-0.690963,23.136631,4,False
Mutare,Zimbabwe,32.67,-18.97,2023,2,2023-02-01,-0.747243,23.946645,0,False
Mutare,Zimbabwe,32.67,-18.97,2023,3,2023-03-01,-0.677032,25.037998,7,False
Mutare,Zimbabwe,32.67,-18.97,2023,4,2023-04-01,-0.574089,22.812512,36,False
Mutare,Zimbabwe,32.67,-18.97,2023,5,2023-05-01,-0.473553,24.250135,87,False
Mutare,Zimbabwe,32.67,-18.97,2023,6,2023-06-01,-0.217142,26.281939,509,False
Mutare,Zimbabwe,32.67,-18.97,2023,7,2023-07-01,-0.356925,25.285791,950,True
Mutare,Zimbabwe,32.67,-18.97,2023,8,2023-08-01,-0.064676,32.258624,2664,True
Mutare,Zimbabwe,32.67,-18.97,2023,9,2023-09-01,0.144834,43.960352,3241,True
Mutare,Zimbabwe,32.67,-18.97,2023,10,2023-10-01,-0.099722,41.201429,879,True
Mutare,Zimbabwe,32.67,-18.97,2023,11,2023-11-01,-0.406461,37.069834,360,False
Mutare,Zimbabwe,32.67,-18.97,2023,12,2023-12-01,-0.510845,30.782511,75,False
Mutare,Zimbabwe,32.67,-18.97,2024,1,2024-01-01,-0.668487,24.851056,22,False
Mutare,Zimbabwe,32.67,-18.97,2024,2,2024-02-01,-0.530474,24.170243,9,False
Mutare,Zimbabwe,32.67,-18.97,2024,3,2024-03-01,-0.660958,23.254629,15,False
Mutare,Zimbabwe,32.67,-18.97,2024,4,2024-04-01,-0.528063,24.104245,7,False
Mutare,Zimbabwe,32.67,-18.97,2024,5,2024-05-01,-0.323901,24.937014,106,False
Mutare,Zimbabwe,32.67,-18.97,2024,6,2024-06-01,-0.37282,27.68626,272,False
Mutare,Zimbabwe,32.67,-18.97,2024,7,2024-07-01,-0.071428,32.681575,1698,True
Mutare,Zimbabwe,32.67,-18.97,2024,8,2024-08-01,0.040323,37.791119,1872,True
Mutare,Zimbabwe,32.67,-18.97,2024,9,2024-09-01,0.227491,50.054597,2293,True
Mutare,Zimbabwe,32.67,-18.97,2024,10,2024-10-01,-0.248298,51.872286,691,True
Mutare,Zimbabwe,32.67,-18.97,2024,11,2024-11-01,-0.562656,36.695878,97,False
Mutare,Zimbabwe,32.67,-18.97,2024,12,2024-12-01,-0.499391,30.185108,181,False
Gweru,Zimbabwe,29.82,-19.46,2018,1,2018-01-01,,,39,False
Gweru,Zimbabwe,29.82,-19.46,2018,2,2018-02-01,,,0,False
Gweru,Zimbabwe,29.82,-19.46,2018,3,2018-03-01,,,0,False
Gweru,Zimbabwe,29.82,-19.46,2018,4,2018-04-01,,,22,False
Gweru,Zimbabwe,29.82,-19.46,2018,5,2018-05-01,,,32,False
Gweru,Zimbabwe,29.82,-19.46,2018,6,2018-06-01,-0.860534,,176,False
Gweru,Zimbabwe,29.82,-19.46,2018,7,2018-07-01,-0.927263,22.821097,366,True
Gweru,Zimbabwe,29.82,-19.46,2018,8,2018-08-01,-0.614236,35.54567,2134,True
Gweru,Zimbabwe,29.82,-19.46,2018,9,2018-09-01,-0.519227,38.665687,3619,True
Gweru,Zimbabwe,29.82,-19.46,2018,10,2018-10-01,-0.760053,31.218549,1921,True
Gweru,Zimbabwe,29.82,-19.46,2018,11,2018-11-01,-0.866778,29.369516,806,False
Gweru,Zimbabwe,29.82,-19.46,2018,12,2018-12-01,-1.049273,24.963879,26,False
Gweru,Zimbabwe,29.82,-19.46,2019,1,2019-01-01,-1.144278,23.434929,8,False
Gweru,Zimbabwe,29.82,-19.46,2019,2,2019-02-01,-1.196994,23.225862,1,False
Gweru,Zimbabwe,29.82,-19.46,2019,3,2019-03-01,-1.27766,22.295852,9,False
Gweru,Zimbabwe,29.82,-19.46,2019,4,2019-04-01,-1.225702,23.779943,34,False
Gweru,Zimbabwe,29.82,-19.46,2019,5,2019-05-01,-1.228227,22.484375,129,False
Gweru,Zimbabwe,29.82,-19.46,2019,6,2019-06-01,-1.210495,23.220217,217,False
Gweru,Zimbabwe,29.82,-19.46,2019,7,2019-07-01,-1.111233,25.202997,1042,True
Gweru,Zimbabwe,29.82,-19.46,2019,8,2019-08-01,-1.005733,31.136863,1384,True
Gweru,Zimbabwe,29.82,-19.46,2019,9,2019-09-01,-0.85326,37.31603,2441,True
Gweru,Zimbabwe,29.82,-19.46,2019,10,2019-10-01,-0.981338,40.19522,1465,True
Gweru,Zimbabwe,29.82,-19.46,2019,11,2019-11-01,-1.200879,35.341877,206,False
Gweru,Zimbabwe,29.82,-19.46,2019,12,2019-12-01,-1.31516,25.614524,29,False
Gweru,Zimbabwe,29.82,-19.46,2020,1,2020-01-01,-1.425605,25.57339,4,False
Gweru,Zimbabwe,29.82,-19.46,2020,2,2020-02-01,-1.396635,28.392668,0,False
Gweru,Zimbabwe,29.82,-19.46,2020,3,2020-03-01,-1.468227,26.750431,5,False
Gweru,Zimbabwe,29.82,-19.46,2020,4,2020-04-01,-1.517129,24.572721,1,False
Gweru,Zimbabwe,29.82,-19.46,2020,5,2020-05-01,-1.464908,23.857786,113,False
Gweru,Zimbabwe,29.82,-19.46,2020,6,2020-06-01,-1.462413,25.370543,107,False
Gweru,Zimbabwe,29.82,-19.46,2020,7,2020-07-01,-0.857074,25.364716,396,True
Gweru,Zimbabwe,29.82,-19.46,2020,8,2020-08-01,-1.137075,35.507895,791,True
Gweru,Zimbabwe,29.82,-19.46,2020,9,2020-09-01,-1.003711,44.601392,958,True
Gweru,Zimbabwe,29.82,-19.46,2020,10,2020-10-01,-1.217088,45.802863,468,True
Gweru,Zimbabwe,29.82,-19.46,2020,11,2020-11-01,-1.572062,39.343089,246,False
Gweru,Zimbabwe,29.82,-19.46,2020,12,2020-12-01,-1.549649,28.605171,9,False
Gweru,Zimbabwe,29.82,-19.46,2021,1,2021-01-01,-1.625298,24.120346,10,False
Gweru,Zimbabwe,29.82,-19.46,2021,2,2021-02-01,-1.750272,23.297115,0,False
Gweru,Zimbabwe,29.82,-19.46,2021,3,2021-03-01,-1.845034,26.306483,19,False
Gweru,Zimbabwe,29.82,-19.46,2021,4,2021-04-01,-1.880724,21.757978,31,False
Gweru,Zimbabwe,29.82,-19.46,2021,5,2021-05-01,-1.916752,22.857518,122,False
Gweru,Zimbabwe,29.82,-19.46,2021,6,2021-06-01,-1.868575,24.198063,180,False
Gweru,Zimbabwe,29.82,-19.46,2021,7,2021-07-01,-0.312835,25.105596,890,True
Gweru,Zimbabwe,29.82,-19.46,2021,8,2021-08-01,-0.020992,31.547901,1919,True
Gweru,Zimbabwe,29.82,-19.46,2021,9,2021-09-01,-0.008791,39.162572,1734,True
Gweru,Zimbabwe,29.82,-19.46,2021,10,2021-10-01,-0.249809,41.951949,1514,True
Gweru,Zimbabwe,29.82,-19.46,2021,11,2021-11-01,-0.466553,36.653485,423,False
Gweru,Zimbabwe,29.82,-19.46,2021,12,2021-12-01,-0.718851,29.857578,72,False
Gweru,Zimbabwe,29.82,-19.46,2022,1,2022-01-01,-0.916852,23.730821,4,False
Gweru,Zimbabwe,29.82,-19.46,2022,2,2022-02-01,-0.660481,20.941752,3,False
Gweru,Zimbabwe,29.82,-19.46,2022,3,2022-03-01,-0.694184,24.34017,10,False
Gweru,Zimbabwe,29.82,-19.46,2022,4,2022-04-01,-0.663971,22.703685,5,False
Gweru,Zimbabwe,29.82,-19.46,2022,5,2022-05-01,-0.405663,21.947189,13,False
Gweru,Zimbabwe,29.82,-19.46,2022,6,2022-06-01,-0.223636,22.148448,50,False
Gweru,Zimbabwe,29.82,-19.46,2022,7,2022-07-01,-0.341699,23.282573,218,True
Gweru,Zimbabwe,29.82,-19.46,2022,8,2022-08-01,-0.065079,29.712176,1605,True
Gweru,Zimbabwe,29.82,-19.46,2022,9,2022-09-01,0.066955,39.401749,2420,True
Gweru,Zimbabwe,29.82,-19.46,2022,10,2022-10-01,-0.063297,46.31821,1601,True
Gweru,Zimbabwe,29.82,-19.46,2022,11,2022-11-01,-0.634062,33.147036,59,False
Gweru,Zimbabwe,29.82,-19.46,2022,12,2022-12-01,-0.641282,24.607263,1,False
Gweru,Zimbabwe,29.82,-19.46,2023,1,2023-01-01,-0.66322,23.302945,2,False
Gweru,Zimbabwe,29.82,-19.46,2023,2,2023-02-01,-0.807572,23.019716,2,False
Gweru,Zimbabwe,29.82,-19.46,2023,3,2023-03-01,-0.646298,24.027288,8,False
Gweru,Zimbabwe,29.82,-19.46,2023,4,2023-04-01,-0.545988,22.178045,46,False
Gweru,Zimbabwe,29.82,-19.46,2023,5,2023-05-01,-0.359242,23.703886,165,False
Gweru,Zimbabwe,29.82,-19.46,2023,6,2023-06-01,-0.144641,25.558582,499,False
Gweru,Zimbabwe,29.82,-19.46,2023,7,2023-07-01,-0.207333,24.942275,749,True
Gweru,Zimbabwe,29.82,-19.46,2023,8,2023-08-01,0.074234,31.382412,1899,True
Gweru,Zimbabwe,29.82,-19.46,2023,9,2023-09-01,0.249043,41.167057,1851,True
Gweru,Zimbabwe,29.82,-19.46,2023,10,2023-10-01,-0.115668,39.134761,702,True
Gweru,Zimbabwe,29.82,-19.46,2023,11,2023-11-01,-0.413878,36.834572,263,False
Gweru,Zimbabwe,29.82,-19.46,2023,12,2023-12-01,-0.522092,30.356886,237,False
Gweru,Zimbabwe,29.82,-19.46,2024,1,2024-01-01,-0.68481,24.470931,0,False
Gweru,Zimbabwe,29.82,-19.46,2024,2,2024-02-01,-0.453719,24.569703,10,False
Gweru,Zimbabwe,29.82,-19.46,2024,3,2024-03-01,-0.638417,22.80455,33,False
Gweru,Zimbabwe,29.82,-19.46,2024,4,2024-04-01,-0.480287,23.493972,18,False
Gweru,Zimbabwe,29.82,-19.46,2024,5,2024-05-01,-0.169098,24.421708,88,False
Gweru,Zimbabwe,29.82,-19.46,2024,6,2024-06-01,-0.212338,26.755588,111,False
Gweru,Zimbabwe,29.82,-19.46,2024,7,2024-07-01,-0.008681,30.178793,784,True
Gweru,Zimbabwe,29.82,-19.46,2024,8,2024-08-01,0.141002,36.157995,727,True
Gweru,Zimbabwe,29.82,-19.46,2024,9,2024-09-01,0.229935,48.169255,651,True
Gweru,Zimbabwe,29.82,-19.46,2024,10,2024-10-01,-0.211909,49.033329,405,True
Gweru,Zimbabwe,29.82,-19.46,2024,11,2024-11-01,-0.602897,35.175353,49,False
Gweru,Zimbabwe,29.82,-19.46,2024,12,2024-12-01,-0.575107,29.656433,33,False
