year,cell_id,ndvi_dry,rainfall_mm
2018,0,0.32009527527701714,339.22861847730707
2018,1,0.2748603487096743,319.2789611707308
2018,2,0.2802781385332766,376.65519714510737
2018,3,0.31676104968005814,478.7509001036307
2018,4,0.21707752840691816,604.5424758757954
2018,5,0.4039416935594439,609.1439987950309
2018,6,0.3890050819183561,629.2014740147654
2018,7,0.4140034397707259,849.1765315498748
2018,8,0.45599645505909836,885.3764141638636
2018,9,0.4640929236624308,883.4723656683691
2018,10,0.47393245035382486,936.2903547625782
2018,11,0.5443973729039265,1084.4371747009734
2018,12,0.582869685536582,1220.3645343752528
2018,13,0.5873851912659094,1316.5762837288084
2018,14,0.5441697304415914,1396.7915299271847
2018,15,0.6052184854094487,1326.8772011207086
2018,16,0.5518704703109321,1418.239325259716
2018,17,0.5684967708547589,1239.5195525106258
2018,18,0.579935662864104,1363.8571438996958
2018,19,0.6076368349033845,1338.391286823206
2018,20,0.3318873682267147,393.85972732463193
2018,21,0.2897786707118334,356.9863378447146
2018,22,0.34049041299335747,393.6297529655692
2018,23,0.3568212270514588,452.9968069645354
2018,24,0.34827666315886596,556.2660824892728
2018,25,0.40628764869533124,637.0112958771115
2018,26,0.3956205527241839,666.4539370012299
2018,27,0.39927946988695295,856.9976423774477
2018,28,0.3592084733583326,823.9319204412933
2018,29,0.43516415681402104,975.2214094209614
2018,30,0.48941495353596143,958.791656053358
2018,31,0.5788322397172664,1052.7769380276059
2018,32,0.5664638947782022,1215.6107578829783
2018,33,0.5667072206570536,1417.7020806468813
2018,34,0.4790136126185992,1298.7033679856186
2018,35,0.5364656016668651,1546.6522337154108
2018,36,0.5522132492662596,1659.1515484605354
2018,37,0.5942804261649122,1441.7786410459598
2018,38,0.6064380478959792,1332.9964427294415
2018,39,0.6101504426213943,1469.593446198251
2018,40,0.3627685653474273,423.7352577599917
2018,41,0.32136087031045235,325.9747255525759
2018,42,0.33452384914888017,340.9239570389042
2018,43,0.3351667225707442,412.29957407008834
2018,44,0.34386080138729547,503.31678857865757
2018,45,0.43107530094588653,597.6285165344722
2018,46,0.41065992893489395,750.4097716690128
2018,47,0.3834422098196044,964.9454729230167
2018,48,0.4037543572217792,1068.0177157200862
2018,49,0.4267293914142212,884.2708670675407
2018,50,0.43003804588880884,942.2416701669315
2018,51,0.5387915926869541,1028.9134886782776
2018,52,0.5379733938785041,1219.167027432006
2018,53,0.5011898682103672,1271.0640074728476
2018,54,0.5218689973840904,1368.8335577268656
2018,55,0.5217212453647292,1564.7804554617182
2018,56,0.5711126107203983,1635.6124339651747
2018,57,0.5962829233426977,1435.8308705288937
2018,58,0.600573116880033,1426.7914625720068
2018,59,0.63779777741739,1427.2650965856462
2018,60,0.3502827247172494,439.89242054849734
2018,61,0.3023169644646227,325.78251923281624
2018,62,0.29005089343408386,301.7994734702584
2018,63,0.30037960591535623,405.7464867895563
2018,64,0.37067258305249196,520.821538464565
2018,65,0.40964108227607826,549.2864895895683
2018,66,0.38855817640666956,714.5669492154353
2018,67,0.39535110774512017,960.5328710472718
2018,68,0.36879579474118585,996.391457253189
2018,69,0.43191601574553967,1040.3065094777876
2018,70,0.4107674320561904,927.8888075622463
2018,71,0.484277497600363,1006.2098845178893
2018,72,0.5438074219522426,1221.20797456927
2018,73,0.5525456721208563,1391.827961755808
2018,74,0.5597969881408125,1415.223756311481
2018,75,0.4427678392375894,1481.041781911993
2018,76,0.4576187531144455,1398.765224025475
2018,77,0.615722918347758,1484.8493027337831
2018,78,0.6099778138605189,1429.706304640667
2018,79,0.6407842439965832,1384.1625977259266
2018,80,0.28891775960607713,395.6649881200393
2018,81,0.31754920310320317,337.8220720395534
2018,82,0.2927921598187248,313.6985832408178
2018,83,0.36033166963402535,496.7995113093475
2018,84,0.3864065112181889,608.5793169701583
2018,85,0.3799382427397214,604.3132365128959
2018,86,0.4076201816445605,642.6317129847906
2018,87,0.4164355066043282,816.9882911045581
2018,88,0.4204651174503727,816.2488813785139
2018,89,0.4808075354336312,1106.2904470073986
2018,90,0.4653809683535457,1080.4214982332817
2018,91,0.5234451194488838,1061.344363759608
2018,92,0.5566593976119657,1155.438451800877
2018,93,0.4403558118278293,1432.8354713340661
2018,94,0.5275475884774309,1468.7626146995792
2018,95,0.5761136475847601,1510.5161402934525
2018,96,0.4747313769279653,1276.698213565838
2018,97,0.5162727425939994,1955.7564662125926
2018,98,0.39521801122487143,1595.5604258489996
2018,99,0.32982953564967876,1796.0447371119456
2018,100,0.3863835828374899,445.1605435729268
2018,101,0.4267026326337412,501.69922750072885
2018,102,0.3935524220097815,400.0025894749239
2018,103,0.4207525162783095,541.916547314142
2018,104,0.41853226516524356,761.8247292926179
2018,105,0.39485689587421124,677.8059813339161
2018,106,0.40237368644581967,567.2371157622463
2018,107,0.4057426825119278,748.8032938445909
2018,108,0.42550597237494775,806.4045408383993
2018,109,0.4622388848880057,945.3431355164294
2018,110,0.45413887311092976,1081.2178415251597
2018,111,0.5146766836781796,1308.6764468895142
2018,112,0.5255795178498914,1202.0007243547736
2018,113,0.4986917658526024,1288.4408559974163
2018,114,0.5382307553966322,1272.3271879248296
2018,115,0.5489644390640168,1329.372607622241
2018,116,0.44039405497629347,1469.477712269701
2018,117,0.36255718851129537,1801.0079995512415
2018,118,0.4452752179187929,1418.5875810463867
2018,119,0.5479999477877009,1303.8330524140304
2018,120,0.3381530529489029,419.8919819091797
2018,121,0.3345604281706039,362.7824445071035
2018,122,0.44062357124580304,416.8215199815594
2018,123,0.424679489928037,542.4562871628
2018,124,0.45210018870760976,844.7434178328928
2018,125,0.3663201598803863,797.8843118239431
2018,126,0.4147579784694363,772.6638589773147
2018,127,0.41949192911257616,753.9223428366823
2018,128,0.39626916006761315,680.3200146416499
2018,129,0.40350455284520625,848.5407171611438
2018,130,0.39115885433559855,963.8878832894211
2018,131,0.46525161871831827,1126.5237037747775
2018,132,0.5110378263598279,1280.8913530171058
2018,133,0.5305519482232401,1353.6232596929349
2018,134,0.516782580342333,1145.735008168066
2018,135,0.5068178454628415,1200.1975895538508
2018,136,0.4280622010118686,1435.509014051335
2018,137,0.39516691057468184,1200.4762233166157
2018,138,0.5335924826853181,1090.279239432069
2018,139,0.5075072484118758,1037.7218946719734
2018,140,0.41817680212964586,436.03700315621955
2018,141,0.4215897734942681,370.0178915296057
2018,142,0.4471798926560378,447.67452619310274
2018,143,0.5109781430684425,669.0263105890805
2018,144,0.48930158588263817,807.2351838727207
2018,145,0.4436159186783514,778.4822137494058
2018,146,0.47915881354591133,951.3952969520885
2018,147,0.38939953518048387,688.7310811334304
2018,148,0.39152203924732565,594.4530771421815
2018,149,0.3626114458466851,791.631818346903
2018,150,0.4493261616625008,1002.4155618596417
2018,151,0.4272812147797723,1018.2589297515113
2018,152,0.43600930364077967,1181.903383281596
2018,153,0.46893170537115386,1288.163115536455
2018,154,0.5085374630883449,1231.3785969082285
2018,155,0.45944342528571935,1173.516634308919
2018,156,0.3319207793521141,1253.9939923312484
2018,157,0.46691813932327414,1250.5339919603193
2018,158,0.4827016288654904,1007.4948475326141
2018,159,0.4811486868575018,997.1793260026743
2018,160,0.4674701240917295,436.2742156270932
2018,161,0.4324275893212662,399.21846135674684
2018,162,0.47576957559114885,424.06335329454777
2018,163,0.5588398526991963,709.772091159806
2018,164,0.5920748776885427,1025.0825008571494
2018,165,0.5929349813169622,1089.3014769522958
2018,166,0.5594132951895574,1034.2083869832677
2018,167,0.4849128801902866,726.7267548035227
2018,168,0.3714034210651229,554.1367340735478
2018,169,0.41700950151941946,862.3712312588434
2018,170,0.4671610647880785,1254.3892255191495
2018,171,0.37866290527620633,972.9377320836365
2018,172,0.4531853296468574,1123.857031935816
2018,173,0.4655143736876527,1174.199860822596
2018,174,0.5163590964827609,1966.4265246644568
2018,175,0.5487562703411237,2122.520069554465
2018,176,0.4376695586478596,1294.813211516875
2018,177,0.5152871924410857,1056.6669607550257
2018,178,0.47515557142404946,896.4917340997888
2018,179,0.4377642817776438,879.2050903447577
2018,180,0.48720180670143276,495.9530961621374
2018,181,0.5219521275193096,455.1322309239317
2018,182,0.5991207996338566,462.79210662891626
2018,183,0.5638277477598644,549.6950926911015
2018,184,0.46653759738232814,591.7998851282213
2018,185,0.5756970655607903,800.5006333886355
2018,186,0.5973585262974629,879.6984175091151
2018,187,0.4722326772515238,662.5516812733728
2018,188,0.3915139013925925,681.2666531032053
2018,189,0.4589395290250756,1099.1453177323344
2018,190,0.39265807352440885,1131.589175928065
2018,191,0.33851461737715244,1599.2595502866866
2018,192,0.3250009830679207,2091.273127707126
2018,193,0.35026206850160596,2546.342787798156
2018,194,0.38238037606337216,2152.7575768379024
2018,195,0.5240101083470488,2508.766391108664
2018,196,0.40581834367039576,1077.013024001747
2018,197,0.43235148462885675,919.74411457527
2018,198,0.42987494448136826,803.3964495244996
2018,199,0.3863001365958112,836.2184005297489
2018,200,0.1259170660700608,141.40399597064734
2018,201,0.280009127489563,237.59790110076972
2018,202,0.31485061522953245,239.87420808528373
2018,203,0.12754572442955175,104.9245943472274
2018,204,0.011651721847984277,3.634689311536973
2018,205,0.23274238938100913,287.40542093494304
2018,206,0.6878365544697796,769.2429532457406
2018,207,0.5535355105936446,710.2299863279268
2018,208,0.5392607234099784,895.7143134466264
2018,209,0.415404356231439,991.7415970774804
2018,210,0.41581751068883616,1111.4720471578248
2018,211,0.524343873444826,1267.8412165825841
2018,212,0.588312707628058,1218.523995765682
2018,213,0.5551755563028312,1308.5071169237053
2018,214,0.5486776227048863,1187.62048344346
2018,215,0.6796138982282107,1387.9756666410358
2018,216,0.6085905199006553,1472.306455063164
2018,217,0.39196016195770117,857.188299399684
2018,218,0.3192550021398683,790.5484740941658
2018,219,0.38704270802848517,801.1339464328615
2018,220,0.0,0.0
2018,221,0.0,0.0
2018,222,0.0,0.0
2018,223,0.0,0.0
2018,224,0.0,0.0
2018,225,0.0,0.0
2018,226,0.36381054714466743,445.76945170324797
2018,227,0.6212529941549164,791.5431190774892
2018,228,0.6153928198109833,1008.0198031412799
2018,229,0.48612187318645583,1090.5888489895276
2018,230,0.5015110430329549,894.6471244131764
2018,231,0.58571152378315,1035.6341362758253
2018,232,0.5903300777376963,1129.9110791714872
2018,233,0.5435189063604606,1128.7073773181764
2018,234,0.5969615534213563,1078.5450134133632
2018,235,0.6600860031965565,1156.0443102077932
2018,236,0.6196889773164789,1324.101897433335
2018,237,0.5762162809374616,1295.3510308796501
2018,238,0.4313609880313746,931.8487297663278
2018,239,0.4156667890217921,766.5031361287894
2018,240,0.0,0.0
2018,241,0.0,0.0
2018,242,0.0,0.0
2018,243,0.0,0.0
2018,244,0.0,0.0
2018,245,0.0,0.0
2018,246,0.00029281600097097113,2.1685155250393535
2018,247,0.3912042238975804,539.851465614043
2018,248,0.5908313791803141,1071.9848548664727
2018,249,0.5530142451844692,1242.6983958082283
2018,250,0.47235547165482655,1061.3889207552697
2018,251,0.5623371038229753,1110.2238382392097
2018,252,0.5258334750712654,999.6820535118535
2018,253,0.5035234738291573,1072.2444532578454
2018,254,0.570836862042413,1080.2550188881407
2018,255,0.5989879172469094,994.8351892488552
2018,256,0.5957334902351689,948.908391566589
2018,257,0.6140763949550586,1163.914770264348
2018,258,0.5658204454343565,1196.8286627708997
2018,259,0.5590861956484471,1123.6086419815674
2018,260,0.0,0.0
2018,261,0.0,0.0
2018,262,0.0,0.0
2018,263,0.0,0.0
2018,264,0.0,0.0
2018,265,0.0,0.0
2018,266,0.0,0.0
2018,267,0.09516940955560753,155.5871511569909
2018,268,0.6273222717096363,944.3483964243396
2018,269,0.5628422770725829,1014.5647098379421
2018,270,0.5026478181415434,962.759926801309
2018,271,0.5272021029658054,894.7198865875489
2018,272,0.5038869072105138,853.2905972458857
2018,273,0.4446768917571451,813.0469011609557
2018,274,0.5030940704291458,912.0831567043155
2018,275,0.5381741256214467,938.0308309151944
2018,276,0.5880502306024935,983.5768203098362
2018,277,0.6104335741338563,1061.398297749272
2018,278,0.5819031717855013,1137.4076823752491
2018,279,0.670710882744863,1259.3819205314232
2018,280,0.0,0.0
2018,281,0.0,0.0
2018,282,0.0,0.0
2018,283,0.0,0.0
2018,284,0.0,0.0
2018,285,0.0,0.0
2018,286,0.0,0.0
2018,287,0.0006794238324797423,9.18271851367578
2018,288,0.38667593720027965,592.3460638333584
2018,289,0.5652226683018813,963.3537072852688
2018,290,0.5492406444774891,952.9740825525137
2018,291,0.520556803684395,883.0565845144013
2018,292,0.5399044018118213,866.922112537374
2018,293,0.5837832706940437,955.0747807796803
2018,294,0.6147021710343735,1120.879991328723
2018,295,0.4605655335013144,807.7448455108089
2018,296,0.25860817639089084,458.6387559101138
2018,297,0.3017603289084697,564.4236952339186
2018,298,0.16643742582257365,330.97623576157224
2018,299,0.11814067446508185,166.28426872189814
2019,0,0.27955227626325707,376.0941434061005
2019,1,0.2552674158414277,322.0628865164927
2019,2,0.27882048789686614,322.4467306648029
2019,3,0.27091028653763555,315.913627198476
2019,4,0.16750702532296455,310.87748546409614
2019,5,0.3539406740068127,434.7257404430589
2019,6,0.3235038920450051,575.4817110271073
2019,7,0.34329375718459015,537.2226909479463
2019,8,0.35137268242781927,539.7452473870287
2019,9,0.39309197023404474,627.3554625407997
2019,10,0.4246232737210111,842.1747619654072
2019,11,0.5197220914717277,1160.942570600182
2019,12,0.576344257555745,1208.4851841575176
2019,13,0.5889652411395774,1295.0031773142964
2019,14,0.5374437597386675,1349.3154812090177
2019,15,0.5715811575399905,1257.3837055193665
2019,16,0.5462848202256381,1406.5370298598452
2019,17,0.5619597701058506,1211.1110311081013
2019,18,0.5739317288472592,1388.9230649103501
2019,19,0.6089212853327424,1283.4879176217664
2019,20,0.2941516924476797,370.04238857738636
2019,21,0.2646950933236291,331.63812147203333
2019,22,0.31180563381396315,349.2557273977725
2019,23,0.29598638263479077,314.09545804056495
2019,24,0.2869620427002145,336.74667408214884
2019,25,0.3446815921047427,429.64665437544033
2019,26,0.3438932854286366,507.61333429518567
2019,27,0.3283708883474281,558.7145450104257
2019,28,0.2852583921385591,531.2380649078774
2019,29,0.34899042605108027,714.1476743918363
2019,30,0.44368444562230674,882.1686298100341
2019,31,0.5662131833946539,1117.5466531668098
2019,32,0.5637706455126084,1198.394390137418
2019,33,0.5604651142484816,1362.1258289679747
2019,34,0.4658405050656872,1206.4081512231191
2019,35,0.5031209885139324,1447.874255563252
2019,36,0.5173815258121255,1604.03997217134
2019,37,0.5635751581831955,1402.186803934574
2019,38,0.5858470312932708,1264.5659724467691
2019,39,0.6106459482408535,1372.5971416656082
2019,40,0.33934639688467594,430.08058721234977
2019,41,0.2883468660754549,333.72429287281653
2019,42,0.31080525734062503,357.49753347715284
2019,43,0.2986437517964459,393.99507124677706
2019,44,0.29257049504819915,434.71794594092364
2019,45,0.3636022828377123,489.8478458750725
2019,46,0.35708660143132653,604.6696404839894
2019,47,0.3189066056050119,591.5892450461577
2019,48,0.3202583331355599,620.220610095495
2019,49,0.34464989509105276,638.9827628307958
2019,50,0.3934175563853272,804.8794877555563
2019,51,0.5123123097758723,1046.7528145796693
2019,52,0.5260980073624618,1209.508052584432
2019,53,0.4958617386682278,1305.1366760653018
2019,54,0.502859629421599,1381.3419832434827
2019,55,0.49441491924211045,1481.4628353225817
2019,56,0.5575322925154464,1534.8879307615882
2019,57,0.5498866997665872,1363.4874733081822
2019,58,0.5735589700072268,1410.700044492144
2019,59,0.6437569808897718,1478.802406445509
2019,60,0.3309064410989896,511.4584422048727
2019,61,0.30154869675493795,357.9780014725147
2019,62,0.28294642388996605,360.6758877934378
2019,63,0.27683011265964325,422.4529606370384
2019,64,0.32674459150145746,482.8493711307169
2019,65,0.3556658898081646,503.37678226728696
2019,66,0.33795986725850424,546.4571616658247
2019,67,0.31699345042237487,605.7822372537154
2019,68,0.29364422838114734,618.7510328413472
2019,69,0.3592234907887272,756.4720686987283
2019,70,0.367420566910284,742.0760589757809
2019,71,0.46788527914899924,998.9902679821828
2019,72,0.5316774064231053,1223.4245067495606
2019,73,0.5415809083548279,1304.359489944189
2019,74,0.5356724658830847,1286.7896367659478
2019,75,0.4188258576860802,1296.5331571149986
2019,76,0.43813265903116727,1266.6512799510795
2019,77,0.5898339228359426,1467.8234766007404
2019,78,0.6028028281661614,1500.9857622929185
2019,79,0.6508748572309925,1600.8981894244812
2019,80,0.3038042969872951,416.18166763381004
2019,81,0.30388536750338185,436.2639776024805
2019,82,0.28320560101505665,349.1585630409831
2019,83,0.29624283135691326,407.72851587584006
2019,84,0.31179277496894414,498.84316853334326
2019,85,0.3242173016525985,519.42397091074
2019,86,0.34263427927785306,532.1295843653214
2019,87,0.3475284172026334,553.718115424608
2019,88,0.33946700973567095,594.76667330958
2019,89,0.4126004864293075,804.5781959841863
2019,90,0.43321697585313057,846.2958843073703
2019,91,0.5143620047579104,1011.463646195292
2019,92,0.5472910339271779,1242.9975255977704
2019,93,0.43595528266449185,1453.8943674629481
2019,94,0.5198281512627196,1441.9483836456238
2019,95,0.5613784909865353,1416.8105066546905
2019,96,0.4510576737575185,1334.4367844618635
2019,97,0.5077716601785043,2161.554318151744
2019,98,0.3788563693763546,1619.2743440588065
2019,99,0.31767326392734485,1904.7702600411124
2019,100,0.39961343906929103,538.9022892262939
2019,101,0.39823941105582245,676.0561124683417
2019,102,0.35199745928364523,503.1288766490535
2019,103,0.33321893144103376,420.6410374951899
2019,104,0.3635571205707426,606.848872026185
2019,105,0.35142498002452416,624.8482956755196
2019,106,0.3539971344233233,540.0664123995552
2019,107,0.3468815812030059,589.668069569236
2019,108,0.3568719842782976,626.7877806124861
2019,109,0.38882223655505466,746.1541174774201
2019,110,0.40180616909401123,863.0597815110248
2019,111,0.487039017947805,1192.1010269901044
2019,112,0.5231556882848395,1285.0803132749472
2019,113,0.4992896596023054,1408.0752982145268
2019,114,0.5364827719148348,1353.2854038418614
2019,115,0.5472374314259185,1326.7480097203695
2019,116,0.4331422172734415,1368.3278003028138
2019,117,0.3461081575477054,1837.0364012167788
2019,118,0.42286965700043516,1521.9879196515794
2019,119,0.5358761409573835,1383.488632533169
2019,120,0.3193217431783056,482.9653400830689
2019,121,0.31974177728905273,494.1411129027916
2019,122,0.3742550130708097,529.2230298421127
2019,123,0.3701101568742246,489.45640222642277
2019,124,0.4098246749376242,923.550445049815
2019,125,0.3559018866307513,891.1718731794044
2019,126,0.37212387856149914,693.9942529765242
2019,127,0.3758141690465456,665.0380294210382
2019,128,0.35061889109516686,717.153789642495
2019,129,0.36812960721927174,777.2368264512635
2019,130,0.35722966199129325,868.8354300503588
2019,131,0.43338155755648067,1079.1753866236527
2019,132,0.5147670938581995,1447.7342715627838
2019,133,0.5253778933179275,1356.2342113910474
2019,134,0.5111432415398938,1156.3200212564275
2019,135,0.49491071967359307,1293.5961486929912
2019,136,0.4155321262535571,1544.1485283296095
2019,137,0.3426565617496738,1199.995452365491
2019,138,0.49145640959705467,1170.0771083169302
2019,139,0.4459056496080122,1049.3319755793866
2019,140,0.4172125480594271,475.74755869075676
2019,141,0.41262915453855165,421.05460154967295
2019,142,0.37418031662512713,487.52956690637586
2019,143,0.40660687487311775,556.4574463783348
2019,144,0.4842901197454777,1134.385368426254
2019,145,0.43552122024656925,1106.8688143088966
2019,146,0.4565176526750272,986.8653191539656
2019,147,0.3819813511931597,713.4175590818404
2019,148,0.3764404064731992,762.9731477486445
2019,149,0.3658878573406652,829.6235236396635
2019,150,0.45542694761708896,1040.7395551681877
2019,151,0.40773689853673756,1141.5050921255568
2019,152,0.4288901196191811,1242.7306591120023
2019,153,0.4728789464730777,1358.8717598629808
2019,154,0.49995772850950737,1241.5090697685393
2019,155,0.44308970328412667,1245.2374908418528
2019,156,0.2948307812719457,1241.9001516073358
2019,157,0.44917426845860514,1416.437238800835
2019,158,0.4276311273637272,926.67495348172
2019,159,0.4088770084712922,869.031892741933
2019,160,0.4436313748994465,480.94679421656724
2019,161,0.4240663642045139,431.02059059489227
2019,162,0.401880831302164,488.9420918343326
2019,163,0.4778295647163681,585.9479121322383
2019,164,0.5831629915206166,1091.711318337299
2019,165,0.5734501402875892,1484.6643509061298
2019,166,0.5233094508720832,1072.1189119046064
2019,167,0.4799002696338257,768.7594239466223
2019,168,0.38725683751555817,733.3304577650895
2019,169,0.4527607895972475,964.9039384332277
2019,170,0.46883993291510695,1373.980742172768
2019,171,0.3774823229286171,1165.9790462260105
2019,172,0.4498960060544693,1283.9140627321933
2019,173,0.4487899604845249,1114.7421857441102
2019,174,0.5039981703136449,1826.9019814173428
2019,175,0.5484426158751754,2230.851733462338
2019,176,0.4171535127274071,1298.511722493255
2019,177,0.4905320535137346,1120.766605282328
2019,178,0.40832073673771857,898.3058111536043
2019,179,0.3913916664688922,786.7457488429994
2019,180,0.4444072018267194,477.22167043636364
2019,181,0.46557852162723035,520.2294870469248
2019,182,0.5144849142410958,555.8148215224611
2019,183,0.5425688971778769,616.4342932473166
2019,184,0.43694067128304726,735.948030027527
2019,185,0.5299404686931167,1193.6498644635813
2019,186,0.5970936176751452,1144.544141600076
2019,187,0.5321319932176759,825.9555130044753
2019,188,0.4743467443786085,1084.85188355096
2019,189,0.4843710555124684,1512.2574101801329
2019,190,0.38399087880154276,1375.2295107349028
2019,191,0.3308445564478909,1587.7677909924448
2019,192,0.3133775371089685,2149.6101048617807
2019,193,0.3395959956315981,2436.502844056682
2019,194,0.3850374888586508,2118.3663700889283
2019,195,0.5310876039161074,2789.089180301776
2019,196,0.37347080584254977,1042.8657062727957
2019,197,0.36040951715934527,933.221375602207
2019,198,0.35009429938388764,765.6801421866274
2019,199,0.35444827580751026,792.0197123919595
2019,200,0.11617392327034912,173.77499237047851
2019,201,0.26510787787230455,311.4174636170745
2019,202,0.2984359214099848,322.76355247580216
2019,203,0.12033825606664278,117.3293591846423
2019,204,0.011653720233364058,4.165202730926047
2019,205,0.22149011031667185,496.39635091692963
2019,206,0.7045564878853897,1165.0849064783267
2019,207,0.6125860570179603,1140.2850659652909
2019,208,0.560671677515971,1443.7233093118282
2019,209,0.40853197492865734,1400.9377181492468
2019,210,0.4239226766619625,1356.7028457855754
2019,211,0.5165890577451497,1360.27443040454
2019,212,0.5785267046593068,1209.4648440761407
2019,213,0.548005159367541,1319.214669125035
2019,214,0.5592866770019299,1278.0263096497724
2019,215,0.6955156088402278,1472.5044912285414
2019,216,0.6086210853872038,1729.437393955599
2019,217,0.3490771416020311,743.0120711441322
2019,218,0.2572743012199142,612.5402513793647
2019,219,0.34513416515725565,756.2313662317554
2019,220,0.0,0.0
2019,221,0.0,0.0
2019,222,0.0,0.0
2019,223,0.0,0.0
2019,224,0.0,0.0
2019,225,0.0,0.0
2019,226,0.3757140613368698,665.2680780758677
2019,227,0.6563660860563868,1288.467757090548
2019,228,0.6158255190863452,1324.65118899808
2019,229,0.4830684289038009,1225.7506464852022
2019,230,0.5024582308205502,1059.8828718196394
2019,231,0.5917539572206614,1187.6141390927698
2019,232,0.5936889139400467,1225.7069935322054
2019,233,0.5423683500311265,1175.8921937033138
2019,234,0.6102070026448957,1211.8917414999269
2019,235,0.6778400223653466,1317.9822984234615
2019,236,0.627151457604861,1509.3018071760139
2019,237,0.5729770036819013,1341.4144208319508
2019,238,0.39541389855943937,857.9805843835009
2019,239,0.3534477968166576,715.3727927798064
2019,240,0.0,0.0
2019,241,0.0,0.0
2019,242,0.0,0.0
2019,243,0.0,0.0
2019,244,0.0,0.0
2019,245,0.0,0.0
2019,246,0.0002557275921558696,3.7798810378209478
2019,247,0.3938225886530546,804.9490374120837
2019,248,0.6125574625940755,1298.0904713125544
2019,249,0.5474554897833208,1243.1563019511545
2019,250,0.4904715078134477,926.8597259663075
2019,251,0.5531805356648344,1282.8138870846842
2019,252,0.5110550118532466,1303.858598093277
2019,253,0.5283417338018284,1148.5042810561376
2019,254,0.5887781522765266,1163.9579031075966
2019,255,0.5900306032936661,1098.1822781931016
2019,256,0.5944073346993026,1085.02566479036
2019,257,0.6285617243216444,1372.339356839874
2019,258,0.5860854588324653,1288.3195695441254
2019,259,0.5779550696032123,1050.101485555291
2019,260,0.0,0.0
2019,261,0.0,0.0
2019,262,0.0,0.0
2019,263,0.0,0.0
2019,264,0.0,0.0
2019,265,0.0,0.0
2019,266,0.0,0.0
2019,267,0.09700692969410903,207.4799995077661
2019,268,0.6612505200133966,1168.6392845496634
2019,269,0.5703642690956274,1057.7313461941694
2019,270,0.5035632265609751,1027.8877424911987
2019,271,0.5183099856259308,1130.40415825725
2019,272,0.5109825429034026,1112.1714788543793
2019,273,0.47405812705095235,974.0387276512417
2019,274,0.5137890202996687,994.0771722384169
2019,275,0.5284427869868519,942.3151491273726
2019,276,0.5915800199881864,1043.2503734362997
2019,277,0.6287543520804328,1198.0584491322622
2019,278,0.5888748969633102,1194.6314230089715
2019,279,0.6626139071639167,1275.5365112865645
2019,280,0.0,0.0
2019,281,0.0,0.0
2019,282,0.0,0.0
2019,283,0.0,0.0
2019,284,0.0,0.0
2019,285,0.0,0.0
2019,286,0.0,0.0
2019,287,0.0007116951241071598,12.353918217563264
2019,288,0.3914460950311987,696.2536885664186
2019,289,0.5744118827392493,998.8641154316339
2019,290,0.5645983447759471,1201.778645373395
2019,291,0.5449125856690428,1258.1488836651754
2019,292,0.5939163388146715,1333.1836185874606
2019,293,0.622091885508565,1241.2956841121472
2019,294,0.6130541126553608,1188.7239833677932
2019,295,0.44014278620805264,873.0193741114156
2019,296,0.2607307401092052,477.0939007206562
2019,297,0.30081235231571957,591.94417857644
2019,298,0.1669641043633086,334.67705027291606
2019,299,0.11664448606786029,183.2450051266299
2020,0,0.2733592147524643,410.3915748366223
2020,1,0.24824213623564398,477.3590084753151
2020,2,0.24702313837503093,472.5579262124449
2020,3,0.2566395760993655,534.7913952975326
2020,4,0.17233393707099534,669.3521872007924
2020,5,0.3298872018065616,641.9022924488203
2020,6,0.33555590940979757,778.6720032841298
2020,7,0.36355166115628434,918.0118464797049
2020,8,0.37055060930113703,937.3376582131611
2020,9,0.41793181615579766,1104.967199054251
2020,10,0.4672908480188984,1308.8750361959542
2020,11,0.5447619033492346,1498.883131325257
2020,12,0.5831161234019115,1494.0899028879178
2020,13,0.5918695520073419,1518.004424328239
2020,14,0.5335236288087909,1550.1838524823388
2020,15,0.6041093819386211,1550.8315467870548
2020,16,0.5566039419322355,1628.4352865947649
2020,17,0.5736977586770677,1418.0575536517663
2020,18,0.587801749521383,1369.0459178238282
2020,19,0.6018158037317388,1267.3227972145862
2020,20,0.2948639026255755,430.68603046055637
2020,21,0.2823359322342294,529.130498460724
2020,22,0.29765466437694904,547.4330456603658
2020,23,0.29105335941331933,540.6849869303263
2020,24,0.2854042793844207,567.7815241279467
2020,25,0.3217379727858865,611.9697352843002
2020,26,0.3277931547195097,783.0473994704939
2020,27,0.34146673311868325,980.8800156450945
2020,28,0.31608206335142364,940.0929263410079
2020,29,0.36055107257983654,1017.1548492591111
2020,30,0.45483663763323445,1144.7868639808962
2020,31,0.5841420602392168,1392.5992155079412
2020,32,0.5590835353279648,1562.4653821155362
2020,33,0.5634542890003843,1618.782975855965
2020,34,0.48127690919207433,1541.7532960949868
2020,35,0.5474568553757697,1672.553473650267
2020,36,0.5515914127909594,1910.5789837009106
2020,37,0.6083079463482698,1478.181793266671
2020,38,0.6214152234574242,1199.4034170072498
2020,39,0.630790103581581,1296.6008663106843
2020,40,0.3430790116521342,546.3306647638581
2020,41,0.3047455239820577,495.8159148480113
2020,42,0.2957486238060195,550.8996538861926
2020,43,0.2873968079299412,532.1563017803029
2020,44,0.2839137019161027,631.7949238073011
2020,45,0.34292736491386255,723.0034399864583
2020,46,0.3421325142644604,1019.6029691641427
2020,47,0.32786436866629254,1232.3414692931601
2020,48,0.34996409349693214,1121.4336497041822
2020,49,0.35027209041604646,842.1009174378598
2020,50,0.3853649008098176,976.5851964358253
2020,51,0.5184843910717966,1221.4114733020526
2020,52,0.525405067889173,1402.613128399482
2020,53,0.4839613908607212,1468.2349778460375
2020,54,0.523813537068388,1659.449105744704
2020,55,0.526127003913936,1675.6182172862336
2020,56,0.5814392548144753,1788.1033959312915
2020,57,0.6021021164167701,1399.7056913160661
2020,58,0.6216631704988421,1272.3614592976026
2020,59,0.6523971150068166,1389.7116294040782
2020,60,0.34307741659876434,639.7569668696682
2020,61,0.3108401615939512,484.2332160095478
2020,62,0.2657789044058501,480.67460289939794
2020,63,0.2689012182164292,613.897959389341
2020,64,0.3221639931385118,801.761090296812
2020,65,0.35733791472880455,774.216285227153
2020,66,0.3386841225821426,925.3600485558046
2020,67,0.33205449425760164,1013.0461698070978
2020,68,0.31827819804000723,1018.5958798419202
2020,69,0.37898038493492087,938.9126107740751
2020,70,0.36338313203298844,879.0522745835987
2020,71,0.46111384379680614,1165.817419544741
2020,72,0.5325390747639656,1348.0047210117532
2020,73,0.5391848091033284,1535.5605259493339
2020,74,0.5531637081975509,1616.6241892149558
2020,75,0.4501985148384313,1607.9203024399142
2020,76,0.4602885685019819,1461.3887760034936
2020,77,0.6105619400977809,1435.4739463575386
2020,78,0.6226236346352128,1432.0717644318281
2020,79,0.6626448518788024,1598.5582126529177
2020,80,0.31578092195663504,542.8170196932714
2020,81,0.3165803250611121,466.8615098687119
2020,82,0.2727603358815275,447.04380008218385
2020,83,0.27828337170146217,656.1510772877028
2020,84,0.3166521303615083,849.4712914029896
2020,85,0.3303349964796249,819.1935868397203
2020,86,0.33822005172886765,821.3392774482562
2020,87,0.3525254073482217,859.1787611955376
2020,88,0.3787591550112863,777.5922976279259
2020,89,0.44780140257300977,1095.1985504175664
2020,90,0.43331209901350365,970.0302440269742
2020,91,0.5090274094177099,1072.2225565839467
2020,92,0.5540990334208806,1355.405121843605
2020,93,0.42587919169377086,1594.9746184799128
2020,94,0.5197306354342185,1684.4055933313946
2020,95,0.568410829344199,1652.164136077084
2020,96,0.4649283645947878,1480.3587870347926
2020,97,0.5178958565430227,2499.4897110099464
2020,98,0.40036461791654077,1647.2778350720455
2020,99,0.3468187687557027,1974.670746021706
2020,100,0.4313408701523397,675.7415481431761
2020,101,0.45263904293274854,723.726463992607
2020,102,0.36528442517001414,592.577794426929
2020,103,0.32645093586589397,702.9669731542317
2020,104,0.35212425538368186,927.9439441697041
2020,105,0.3299567307464101,838.3408732647915
2020,106,0.33963368470478994,745.7047364583493
2020,107,0.3507839041177169,780.578069802836
2020,108,0.37483068764651756,792.2746820000106
2020,109,0.4174986491085066,1074.6181909337952
2020,110,0.4407959540742734,949.7258388845553
2020,111,0.49846633421687697,1297.7412065210867
2020,112,0.5317763513335343,1354.247713729294
2020,113,0.4951079305223611,1419.4295731983284
2020,114,0.5377963083239722,1454.0755081210514
2020,115,0.5462864804880362,1469.7410249508007
2020,116,0.45043180650707504,1615.7815652889844
2020,117,0.37960861560575515,1955.6532388555195
2020,118,0.4529329696298339,1611.297425751596
2020,119,0.5550262043768668,1428.337521257804
2020,120,0.3802541159622114,671.6414204938137
2020,121,0.3413843849711777,558.1517120643224
2020,122,0.41482967495759654,573.9685366582094
2020,123,0.38410132640333766,640.9761121671919
2020,124,0.3993464868207973,908.668399186524
2020,125,0.3118533898439171,849.7309938977911
2020,126,0.3591752290359257,876.1192951205533
2020,127,0.37016949878830563,782.4995085369771
2020,128,0.3572797912035465,791.7274677791402
2020,129,0.3774561717300481,1054.036148657583
2020,130,0.3617488240366441,971.4523088812662
2020,131,0.4587489154916947,1071.7808998803446
2020,132,0.5227839300829865,1287.6962688641224
2020,133,0.5311289474239553,1416.060434515061
2020,134,0.5198120084330764,1269.2953213446583
2020,135,0.5085530868397872,1488.3862399756686
2020,136,0.43588305906905817,1799.7441572451603
2020,137,0.3872885170213967,1385.0513534331512
2020,138,0.5543278703073653,1283.5159414062864
2020,139,0.5251707952618665,1148.6880956639168
2020,140,0.4670714219789143,652.385551508525
2020,141,0.4449294233344933,592.295007764566
2020,142,0.3873145160950009,541.7098860390602
2020,143,0.40542424377845826,604.2852395957616
2020,144,0.46477954965574086,852.0094601987955
2020,145,0.4040936158656836,753.3012030508006
2020,146,0.4476075080112352,1041.3983844563777
2020,147,0.3623441720913188,776.2952910532603
2020,148,0.3685239751164688,777.6488522671959
2020,149,0.36635184620906924,925.1377098412089
2020,150,0.43445066203689076,994.499121134544
2020,151,0.4155818734985669,1015.2770782975679
2020,152,0.4569061225404513,1108.852181304696
2020,153,0.48953045799211353,1326.8409358892786
2020,154,0.5172047035994133,1286.5065282210157
2020,155,0.45942047529389424,1317.36682430552
2020,156,0.33328122467522925,1557.584442062088
2020,157,0.49996716907531813,1581.0905201558817
2020,158,0.5095246372168205,1181.78415290032
2020,159,0.5137841009699938,1112.811929645179
2020,160,0.48159349632735865,575.0178202172357
2020,161,0.4404563174244039,457.34600075078157
2020,162,0.3721141448513814,468.90054687473247
2020,163,0.41684291658755757,577.4634731327611
2020,164,0.5211109837665331,855.157627112177
2020,165,0.5566069984257197,1123.6513127097735
2020,166,0.494597587788716,1088.806448404364
2020,167,0.44250700019513833,874.3452060228111
2020,168,0.3482036637976502,674.1052062250894
2020,169,0.41291879675645954,920.9321628246812
2020,170,0.4426404218120833,1136.1281724991247
2020,171,0.3624059289736383,861.6795943995686
2020,172,0.44854260292070147,1007.445856604124
2020,173,0.4672587743872191,1157.004306983853
2020,174,0.5278587378499959,1960.9128933361242
2020,175,0.5558888237884999,2438.329665667079
2020,176,0.45100758185859957,1709.55501136471
2020,177,0.5316577461724091,1372.9878897818548
2020,178,0.5112333868730179,1256.8703046223707
2020,179,0.46631735702927773,1025.051437873655
2020,180,0.45605359767350495,428.1693143591227
2020,181,0.4751625525748838,564.7758983681849
2020,182,0.4544257321557641,453.99500779672104
2020,183,0.45864772136343757,462.19860915344543
2020,184,0.390751535378963,592.5527382870215
2020,185,0.5173556322314048,1053.8819013306243
2020,186,0.5624913793967592,956.9386750525999
2020,187,0.47159313368721667,687.2947854079413
2020,188,0.40080075101326157,765.0523309403266
2020,189,0.43851005985449165,1116.436932797457
2020,190,0.36521663053997494,1001.9285223128254
2020,191,0.32302807163297365,1165.1797024930008
2020,192,0.3287479796741218,1670.1709716966566
2020,193,0.35688274534010717,2299.153941528121
2020,194,0.4075862158441846,2346.7728016834385
2020,195,0.5451004305661057,2779.3329288342647
2020,196,0.4340138142176797,1335.2791011023623
2020,197,0.4839490124013589,1169.600123206685
2020,198,0.493771919441279,1186.1372324581062
2020,199,0.4437697338754969,1003.6247181519122
2020,200,0.12020442672937422,129.1775170370329
2020,201,0.2551636744898127,235.62284707927927
2020,202,0.2659338701171876,211.11295269921766
2020,203,0.10671289895753133,88.31413979138236
2020,204,0.011293861871593045,3.4832413352346903
2020,205,0.21950626388336758,373.16301078237393
2020,206,0.6584079833864401,864.061117726973
2020,207,0.5466756202476247,775.6177276268135
2020,208,0.5099809048293248,1066.2383586790643
2020,209,0.3551524882766551,1019.7118165176578
2020,210,0.38053591075214355,957.469999623227
2020,211,0.4902497646472481,1023.4120570209817
2020,212,0.5732378593613233,936.0930091978403
2020,213,0.5491350181324249,1092.1530373999958
2020,214,0.5418244034812961,1223.1147851398564
2020,215,0.6849058531832367,1374.0499196746298
2020,216,0.6184782527077343,1786.9065685645653
2020,217,0.42428590808789624,1009.3983773405248
2020,218,0.3343572783730158,995.2044784153813
2020,219,0.4387892565524265,1011.9721789411661
2020,220,0.0,0.0
2020,221,0.0,0.0
2020,222,0.0,0.0
2020,223,0.0,0.0
2020,224,0.0,0.0
2020,225,0.0,0.0
2020,226,0.3425308747399762,428.1320350650957
2020,227,0.6017694373684799,752.9673305157046
2020,228,0.5818494263285037,1040.9869052043982
2020,229,0.44785306587846757,1107.5725134222234
2020,230,0.45369264188955805,781.6377308741513
2020,231,0.5616933384763492,785.3170053149112
2020,232,0.578861802786744,823.3170065158085
2020,233,0.5318822209384524,843.8470086971653
2020,234,0.5932718130061363,968.11486992306
2020,235,0.6672036331819455,1250.2187383997048
2020,236,0.6039506036105886,1418.8362451858002
2020,237,0.5889219736411787,1316.6129392806454
2020,238,0.44092374471855994,969.338117326126
2020,239,0.4529982804358378,989.4531293728623
2020,240,0.0,0.0
2020,241,0.0,0.0
2020,242,0.0,0.0
2020,243,0.0,0.0
2020,244,0.0,0.0
2020,245,0.0,0.0
2020,246,0.00024668215127965685,2.4002303932963445
2020,247,0.3692302415941832,470.11507981863593
2020,248,0.5564206379971429,937.605050339274
2020,249,0.5156569596344897,1198.412032225738
2020,250,0.44525020740049254,704.9519511080124
2020,251,0.519827554298374,755.9920923405883
2020,252,0.49685541148828855,716.6583204326698
2020,253,0.4936927441266621,750.7934587990017
2020,254,0.5708404276695723,890.825406453405
2020,255,0.6150303159418913,1041.3554829863488
2020,256,0.5997182185444787,1192.6348269106436
2020,257,0.6009665498269826,1365.0580273461132
2020,258,0.5676044493324683,1329.9341371011533
2020,259,0.5871237587053456,1326.0344287567916
2020,260,0.0,0.0
2020,261,0.0,0.0
2020,262,0.0,0.0
2020,263,0.0,0.0
2020,264,0.0,0.0
2020,265,0.0,0.0
2020,266,0.0,0.0
2020,267,0.0908217774212275,144.5084525109129
2020,268,0.5907168843497594,844.7832051109166
2020,269,0.4967979115887428,808.0492402032168
2020,270,0.4359212579571643,606.230840400658
2020,271,0.44993695757671637,586.2651834962663
2020,272,0.4511202797027613,571.064563564825
2020,273,0.42147973301995206,600.037168641944
2020,274,0.5077245386558644,700.0675389611202
2020,275,0.5453063731191723,848.2708718089951
2020,276,0.6168196240216864,1091.515171227137
2020,277,0.6217508671983795,1190.0543765896577
2020,278,0.5820215063830688,1224.5355693220029
2020,279,0.6556648465453065,1464.8172872219056
2020,280,0.0,0.0
2020,281,0.0,0.0
2020,282,0.0,0.0
2020,283,0.0,0.0
2020,284,0.0,0.0
2020,285,0.0,0.0
2020,286,0.0,0.0
2020,287,0.00073281001831009,8.484421359376713
2020,288,0.35406611439568836,442.599176359678
2020,289,0.47740864435389146,671.5729595798514
2020,290,0.46243806672572507,623.6632959766506
2020,291,0.45320391829566403,565.1882958277266
2020,292,0.4989224716375734,606.0459296977313
2020,293,0.5659515290580364,776.6731386486484
2020,294,0.5933930147087976,904.3557498599113
2020,295,0.44618448210386424,740.3653916480071
2020,296,0.2611499533799536,470.36024804719847
2020,297,0.2992715832467815,578.7913230096491
2020,298,0.16572117609329423,341.75793342687444
2020,299,0.11535756826585827,169.6030844920097
2021,0,0.3104032557789976,625.0905039362566
2021,1,0.3123043464791552,572.8156801146598
2021,2,0.3214467413321095,479.44413996341416
2021,3,0.3136051406982052,460.9860780329418
2021,4,0.20359358447976236,633.9017606317591
2021,5,0.388004886443931,646.4944846472222
2021,6,0.35961519208351134,760.526731112309
2021,7,0.3739861114626514,802.6621137705799
2021,8,0.4328068309749615,786.9984899822244
2021,9,0.4616207244737025,901.0166080692669
2021,10,0.47663491354763193,919.5365543477147
2021,11,0.552707065141435,1063.5047708182815
2021,12,0.5820762913249025,1213.9313412774131
2021,13,0.5917492943574969,1342.2597797564488
2021,14,0.5412671685293718,1265.7276332916033
2021,15,0.6151007843773243,1125.8206869122087
2021,16,0.570250235050003,1235.0779681013394
2021,17,0.5829615504801997,1021.4466357910402
2021,18,0.5910080091134909,1094.7548815773778
2021,19,0.6107295467548325,1077.7693421620656
2021,20,0.31306619245427325,635.0631575593605
2021,21,0.31194617330928387,583.339625867977
2021,22,0.3422933780197638,515.8837152498321
2021,23,0.33035622873914255,460.08962443476725
2021,24,0.29443028378895125,555.5574715009544
2021,25,0.39361888190076877,649.181319626325
2021,26,0.3684459898281655,740.2220045389654
2021,27,0.3702983915711419,917.6885230133187
2021,28,0.33260672106809275,828.2654381961279
2021,29,0.4324987953920745,958.7701901243674
2021,30,0.5027248785658909,1013.2626429211917
2021,31,0.595754021706163,1189.948399122787
2021,32,0.5615785645723576,1286.9705214619275
2021,33,0.5687577916356711,1453.1728644948942
2021,34,0.48960859677019575,1209.5724278918321
2021,35,0.5516417896374832,1368.5250549416255
2021,36,0.5577406501749642,1499.9906831556332
2021,37,0.6176210786524571,1100.3836214519752
2021,38,0.6202318204955752,925.6930602843964
2021,39,0.6392323083292462,1094.3485180519817
2021,40,0.3427944107733452,700.906835935521
2021,41,0.31951591011573727,500.27837409878396
2021,42,0.35539332979854366,543.0779698519331
2021,43,0.3316958681085704,526.4171615006123
2021,44,0.3252506916696338,573.1833951326305
2021,45,0.4209632387183193,663.1472790387521
2021,46,0.39746734104656134,850.8370593734486
2021,47,0.3704364901996467,1035.1972146979963
2021,48,0.3869809100761825,973.985340897468
2021,49,0.4168174250577695,833.520790478929
2021,50,0.4387008537238187,968.8855556588617
2021,51,0.5351783879016138,1073.892581709286
2021,52,0.5320825989330766,1243.4311005405655
2021,53,0.4900839776411343,1249.2194128989627
2021,54,0.5287850848324708,1217.8897405537882
2021,55,0.5236679506960167,1371.3775513101268
2021,56,0.5736457456206278,1446.1692911000025
2021,57,0.600862843560023,1012.9451222197044
2021,58,0.6216829676546449,1055.3508237962685
2021,59,0.6717403987384667,1177.3648502703331
2021,60,0.3374827226076615,766.6575916873799
2021,61,0.33885053891015676,524.9356779760475
2021,62,0.3191899541084783,576.8390522910399
2021,63,0.32620165271933477,602.2429599076363
2021,64,0.3806626609232679,713.3388704750987
2021,65,0.4034897694076209,720.4133286677354
2021,66,0.37644187858359834,859.4880090399236
2021,67,0.3865358267156012,922.7190713260408
2021,68,0.34090101097197334,948.9929717657112
2021,69,0.41490047131120505,926.8574335236743
2021,70,0.40825224528321796,932.4527382043113
2021,71,0.4748306309727237,1053.3706513034895
2021,72,0.534613634134574,1132.1054428190914
2021,73,0.5467032142273133,1133.4740914506233
2021,74,0.5646449779057383,1093.284977087554
2021,75,0.45630625661229174,1129.5101812304513
2021,76,0.4611168028981155,1091.9993158991658
2021,77,0.6059344129234382,1154.1258477524605
2021,78,0.6257636494286968,1142.4807175156207
2021,79,0.667378407473028,1267.1575989910773
2021,80,0.2899602612082987,608.8555512493481
2021,81,0.33306125939755404,583.085301073032
2021,82,0.3238149864676646,581.8887026054788
2021,83,0.3661776073846121,733.4959193231572
2021,84,0.3693066209341143,791.8719474864872
2021,85,0.38237193259339536,797.6609430738931
2021,86,0.404694200748103,821.5884092051895
2021,87,0.40293977983814233,825.024536571394
2021,88,0.41426677082674085,779.2075737795611
2021,89,0.4792483797999932,1174.385891613348
2021,90,0.47306883967396274,1105.7677658326377
2021,91,0.5209311491515406,1143.5372496070893
2021,92,0.5539370489473239,1112.259802390868
2021,93,0.43377611154636414,1165.5872239519404
2021,94,0.5249488680083645,1169.5912750338096
2021,95,0.5651781024910654,1148.6346091903215
2021,96,0.46125945664928863,1127.8385023487879
2021,97,0.5165337281617929,2019.0234195169985
2021,98,0.42755516104104313,1442.2126105309185
2021,99,0.37337912322199884,1600.8795206107538
2021,100,0.4015556207009326,749.2655645928393
2021,101,0.4389804660079477,849.118868072079
2021,102,0.41837396342782396,751.2901712624673
2021,103,0.4045493810996759,751.8475200454217
2021,104,0.40374623809674687,915.8999531470272
2021,105,0.3876362632392343,800.3500170707941
2021,106,0.38127600649984433,775.662955849854
2021,107,0.37659873172210984,782.776980360834
2021,108,0.4131116014144792,779.9201718745916
2021,109,0.4729677004772033,1089.6696381010408
2021,110,0.4786879145669676,1079.3386696738962
2021,111,0.5224445498542811,1238.1479507187387
2021,112,0.5252198037804122,1172.539790343381
2021,113,0.49354203254670354,1225.626300793249
2021,114,0.537584170121143,1146.144675767162
2021,115,0.5432164534276492,1040.8736792999978
2021,116,0.4608540915208619,1209.6475620528884
2021,117,0.4005730782424674,1581.7303831805984
2021,118,0.44779909245559163,1335.5750907835566
2021,119,0.554726885378183,1186.211277574911
2021,120,0.36496624204157635,736.7763415329676
2021,121,0.4177529463263875,597.1086892695894
2021,122,0.5090967878255505,705.3545471136848
2021,123,0.4277274250371165,725.2024194875523
2021,124,0.423153472299147,1024.405122023203
2021,125,0.34757610812692324,829.4726193774782
2021,126,0.38380527844384815,833.0461751393286
2021,127,0.4037839575076276,709.9266149728993
2021,128,0.3785854099588371,742.637857945066
2021,129,0.4309672504562738,1040.6349412522413
2021,130,0.39502298699175453,986.1658515156346
2021,131,0.4736561404480457,1028.9167630806814
2021,132,0.5405837370557013,1194.1799094486894
2021,133,0.5374979309608029,1182.2990174033744
2021,134,0.5151018549869331,994.8440586149138
2021,135,0.5072371841026699,1022.1933423188005
2021,136,0.4284963443480186,1264.0482806540506
2021,137,0.38798234459924147,941.3810847479679
2021,138,0.5391944120920565,896.9453357618698
2021,139,0.5066187976140566,819.744025160659
2021,140,0.4735474889113911,705.3135634499305
2021,141,0.5184156525189568,589.9302586581659
2021,142,0.5144485131410642,642.4455199903415
2021,143,0.521666107986829,676.258559439117
2021,144,0.4947356652189616,919.4975188289009
2021,145,0.4284212057455625,824.5017267691516
2021,146,0.46756781922960283,952.7825229035959
2021,147,0.393087624147414,594.0150839379788
2021,148,0.38565047075170034,692.0625530713427
2021,149,0.40766294303233447,927.802438755741
2021,150,0.4688303100051675,1000.082984238659
2021,151,0.41623758322983195,986.9099392827746
2021,152,0.46062214101722526,1039.1778307464483
2021,153,0.5025031302501615,1021.2389725495481
2021,154,0.5271584966674052,1003.8425040698374
2021,155,0.45818044765807536,992.7737476443137
2021,156,0.29536701644934177,950.8598813163775
2021,157,0.4638741509664054,1034.0414248406057
2021,158,0.4910111714541123,789.814380340513
2021,159,0.490337864274773,823.1729582352161
2021,160,0.5029944301143328,630.9728193105408
2021,161,0.5052636279372713,568.9839996299695
2021,162,0.5067996944013587,584.6942968295701
2021,163,0.5396119846054048,660.5235534320707
2021,164,0.5759913076446295,902.466316862147
2021,165,0.5700286420710331,1074.4756959234442
2021,166,0.5469235037932741,859.7513872570044
2021,167,0.4714238030631457,516.511389704237
2021,168,0.3598268731673102,563.4388051340629
2021,169,0.4435880196627721,864.9129235512298
2021,170,0.46859674095052734,1200.1536636075898
2021,171,0.38209688438765094,941.0068204229848
2021,172,0.453335139126216,1067.0592395448093
2021,173,0.47996523060365204,927.8080189188585
2021,174,0.537282716142166,1482.985764196614
2021,175,0.5572188668048665,1752.5471608214914
2021,176,0.4384598832870541,1056.7817469980191
2021,177,0.5058724985823746,867.6912874910784
2021,178,0.47841447747377025,798.8896135263424
2021,179,0.43783192215093536,651.5085874815794
2021,180,0.4916063570726358,524.3166270130464
2021,181,0.5421009212306283,621.6952506339429
2021,182,0.6435597100657899,641.8600101691452
2021,183,0.5786202117251821,663.804657364179
2021,184,0.4348001761624839,689.9779428416755
2021,185,0.54869571911408,1075.0127772313358
2021,186,0.5859006274301871,794.518609790686
2021,187,0.4681473069793078,526.3622832197872
2021,188,0.40963768303970566,617.3323692710203
2021,189,0.47871498670486345,1074.2096327547213
2021,190,0.39495384722892435,1061.7544242934475
2021,191,0.33523145053837494,1504.184104734364
2021,192,0.33944257059824345,1747.2615983074631
2021,193,0.3755838232875755,2027.6993308356853
2021,194,0.4081627303639922,1717.7877260145824
2021,195,0.5378904097828836,2145.0917011359993
2021,196,0.41377877632390886,905.0010629894028
2021,197,0.4323698404597636,732.6164311981623
2021,198,0.4219033614487059,651.3399411615643
2021,199,0.38889006542359167,586.9829196250105
2021,200,0.12295648680260225,178.46217492577878
2021,201,0.2674310811104767,382.53394333692614
2021,202,0.31700382658878185,398.309000954407
2021,203,0.12296480512362928,138.16418112028535
2021,204,0.011802023784907233,4.530094085288915
2021,205,0.2216929383024995,418.16521659427116
2021,206,0.6995592824864569,801.8141214362361
2021,207,0.579251491230846,630.3053084502202
2021,208,0.5475554316388392,868.2680004878628
2021,209,0.40200499589724875,973.8953447908592
2021,210,0.42880557206365305,1135.3642840519185
2021,211,0.5106078031633527,1186.5625976607746
2021,212,0.5828795952373422,1025.7462306928544
2021,213,0.5710423213461506,1019.0940107948865
2021,214,0.554417839007182,974.6229097301881
2021,215,0.6886328523473121,1132.063687442532
2021,216,0.6148663285295465,1286.5089223990403
2021,217,0.3791043803381331,592.1200101215389
2021,218,0.2935730250011339,487.42508209218227
2021,219,0.3724670027578059,530.0906432154604
2021,220,0.0,0.0
2021,221,0.0,0.0
2021,222,0.0,0.0
2021,223,0.0,0.0
2021,224,0.0,0.0
2021,225,0.0,0.0
2021,226,0.3700426409551246,468.6245283129456
2021,227,0.607498992008862,785.0925973610975
2021,228,0.6061810075311698,897.5176264374084
2021,229,0.4977671548067483,957.463226461472
2021,230,0.517451083932588,956.2577682534811
2021,231,0.596659777267872,1012.1821214802835
2021,232,0.592327336877413,968.291545384354
2021,233,0.5526485882055008,933.6019122601883
2021,234,0.6082982275506894,907.4398878698794
2021,235,0.6743944960939766,934.9270592801403
2021,236,0.5913603925710282,1046.6140643910335
2021,237,0.5575505158880881,967.5482589727089
2021,238,0.40526313080562687,552.9785301661116
2021,239,0.385898999404046,483.79459616853467
2021,240,0.0,0.0
2021,241,0.0,0.0
2021,242,0.0,0.0
2021,243,0.0,0.0
2021,244,0.0,0.0
2021,245,0.0,0.0
2021,246,0.00028020449185672905,2.635063925985504
2021,247,0.37390256700489155,506.34230632065317
2021,248,0.5948063518873059,814.8453549897716
2021,249,0.5553032267084509,1041.8920503508332
2021,250,0.48991854157766773,835.9848402607528
2021,251,0.5525017449328112,966.791013241915
2021,252,0.5189161148776045,867.0134761875084
2021,253,0.5094602674590983,894.5607779720549
2021,254,0.5802845957997779,833.0214694290097
2021,255,0.5892185590475593,710.6826649682615
2021,256,0.5656398779857499,816.8358704538877
2021,257,0.5574327227602655,872.0373491529958
2021,258,0.5258967696844056,756.2487146599331
2021,259,0.519051889795133,659.5691132706482
2021,260,0.0,0.0
2021,261,0.0,0.0
2021,262,0.0,0.0
2021,263,0.0,0.0
2021,264,0.0,0.0
2021,265,0.0,0.0
2021,266,0.0,0.0
2021,267,0.09267726115608305,134.98162362438416
2021,268,0.6320645320274987,749.1537939817828
2021,269,0.5621038441855802,838.716739476541
2021,270,0.4833060155372368,762.6270150409185
2021,271,0.5130491223905781,747.2395861671075
2021,272,0.4946179390017513,687.24349890667
2021,273,0.4382444058434358,665.9677463697802
2021,274,0.49279151833509943,673.3720633183617
2021,275,0.498750617557462,652.7591994694385
2021,276,0.5804907417515767,831.6365587547457
2021,277,0.5471251440055704,866.3463502950488
2021,278,0.4845479382156936,760.750084595207
2021,279,0.5844982898869598,709.5140652852416
2021,280,0.0,0.0
2021,281,0.0,0.0
2021,282,0.0,0.0
2021,283,0.0,0.0
2021,284,0.0,0.0
2021,285,0.0,0.0
2021,286,0.0,0.0
2021,287,0.0005270666233824507,8.307958450419937
2021,288,0.3814631724117267,470.3968296764058
2021,289,0.5449408489931553,728.6641440774843
2021,290,0.5421532283196753,716.7361443048565
2021,291,0.5159163649956099,662.6305768817043
2021,292,0.5432799688626296,780.7739745643743
2021,293,0.576836557740237,843.4371047016475
2021,294,0.6032597174102056,822.6161571052979
2021,295,0.4300820287406737,590.6736526680199
2021,296,0.24374234600347192,369.99131748956387
2021,297,0.27785198677139333,429.6975648386989
2021,298,0.15458124974031248,229.9916801453493
2021,299,0.10990621539733203,101.31484875400423
2022,0,0.35188100841732173,502.4329838867634
2022,1,0.3103696008795518,443.1035923931667
2022,2,0.30482264544068693,425.6278841944983
2022,3,0.3066699755066743,414.44212504768063
2022,4,0.19275555494025884,526.2424608496885
2022,5,0.36000093162379615,639.1212831607766
2022,6,0.3578994743616121,856.695467135063
2022,7,0.40701073970955853,973.323625654225
2022,8,0.4603270585335123,906.1486953371531
2022,9,0.4653451073167386,1097.944260124221
2022,10,0.45525691447569655,1125.8296788279174
2022,11,0.5382391097803131,1377.0727385296736
2022,12,0.573426829316523,1565.5744569504113
2022,13,0.5844581541204449,1706.0948915230351
2022,14,0.5229580391629558,1613.8081603281712
2022,15,0.5900714371416972,1378.303969972732
2022,16,0.542531496436679,1435.7243000015337
2022,17,0.5690823880986672,1361.1061541816885
2022,18,0.5777811637369538,1318.6351157343297
2022,19,0.6008932864822677,1174.895659000732
2022,20,0.3710227380622694,472.1950759384997
2022,21,0.3229379693210764,399.0679765721807
2022,22,0.3316772165155141,421.54471312939927
2022,23,0.31771336790447763,449.0099357468168
2022,24,0.31096885970117727,469.199568961349
2022,25,0.3836107444325779,603.228527233633
2022,26,0.37126053824198235,778.6571608325946
2022,27,0.377708010632323,962.9330823078632
2022,28,0.36405365937270917,954.0608301371141
2022,29,0.4202010690186391,1088.3275417730417
2022,30,0.487195435079559,1150.099684818066
2022,31,0.5790374561854659,1320.590938365734
2022,32,0.562828052334014,1523.5592761430298
2022,33,0.5678513156645186,1719.7079744774544
2022,34,0.4829453745602791,1466.4717356405765
2022,35,0.5343438332608035,1685.0594057145533
2022,36,0.531515245991124,1718.1256434918214
2022,37,0.5886602314657303,1369.9513455969873
2022,38,0.6217465473223355,1205.84208047385
2022,39,0.6402696752263872,1264.7526343453906
2022,40,0.4066477522563155,615.4846057833672
2022,41,0.359248625471691,395.5802209172489
2022,42,0.33972556761077255,387.1781996760395
2022,43,0.31895109092683344,423.7350252056088
2022,44,0.3236357170550302,530.3686169516959
2022,45,0.3855141404352605,633.0383491425716
2022,46,0.38517331273131133,883.5048685551413
2022,47,0.3765852239195613,1153.1419728574717
2022,48,0.4231144047929838,1251.4132270971083
2022,49,0.40866148889979204,994.326792635692
2022,50,0.4172774391449841,1154.9634139242655
2022,51,0.511175889075267,1346.1962329958485
2022,52,0.5262746075507426,1623.7295190190644
2022,53,0.4865220648713095,1616.7271823970423
2022,54,0.5226225991382262,1558.3543860946982
2022,55,0.5172761371248932,1631.4753964027457
2022,56,0.5584145991387613,1835.8125343291515
2022,57,0.5738110729121332,1313.3847046554888
2022,58,0.6042361046054675,1355.5012858436944
2022,59,0.6597065175715487,1420.19177103878
2022,60,0.38082621953952944,719.9722465769713
2022,61,0.3522881844475379,420.6867537993308
2022,62,0.30640598093128163,321.1103969733853
2022,63,0.2907796681378599,449.91586416698743
2022,64,0.3714650671909027,593.6047023574031
2022,65,0.3949151812362241,636.1181877586275
2022,66,0.37604926534584504,774.7017048188809
2022,67,0.3772514881988174,1026.9746402469998
2022,68,0.39550509190774213,1143.3646031813075
2022,69,0.4188417666917225,1136.3929678659874
2022,70,0.39318255054260115,1122.656719220931
2022,71,0.47275672926818957,1316.7276125392302
2022,72,0.538983410847196,1574.7444453874548
2022,73,0.5440192965729319,1577.8148256057298
2022,74,0.5553288225973151,1527.063096885863
2022,75,0.43118136897510156,1542.6072557749228
2022,76,0.4394491094070099,1516.1969428225186
2022,77,0.5907128140014454,1405.9157148560305
2022,78,0.624843267118646,1462.8705230732871
2022,79,0.6545790343120199,1544.2044373643341
2022,80,0.3342147956936493,638.2919357431216
2022,81,0.36415969711592955,460.42230988144956
2022,82,0.3484119432749835,302.93264348529533
2022,83,0.376482920381519,459.0852183604964
2022,84,0.3908900773022534,607.060857697821
2022,85,0.3984419668214572,709.3106935162176
2022,86,0.40140445221740334,734.3173758513925
2022,87,0.4307420359104581,923.3395812640922
2022,88,0.45280166933000054,984.0379035202125
2022,89,0.46934232159202627,1163.3154886421185
2022,90,0.4590054811046852,1179.3006903151982
2022,91,0.5245001823777947,1318.3216069527782
2022,92,0.5568962185937597,1425.9785811164272
2022,93,0.42480323457024516,1646.1816015065885
2022,94,0.5182626036269085,1652.9624701906032
2022,95,0.5533219846764516,1602.6776032353332
2022,96,0.4457723953314818,1466.349157239899
2022,97,0.509332285600498,2052.370445045649
2022,98,0.39290803978816186,1571.832496822652
2022,99,0.34943974402586353,1673.4072360045745
2022,100,0.44341838062307404,665.3405143848701
2022,101,0.49079222577336185,643.6055615812472
2022,102,0.4182534955128916,487.3116595248497
2022,103,0.3947191391035838,519.8873589763425
2022,104,0.42285295235457754,653.8700246826064
2022,105,0.3925884922770143,744.0557304874241
2022,106,0.383657370754921,733.3257954995901
2022,107,0.41969518215260476,920.1882389840702
2022,108,0.4302640461630555,977.5614224295609
2022,109,0.4381216799487183,985.400027091726
2022,110,0.46168656324412344,1036.7147312831119
2022,111,0.5168861935092512,1401.727512494388
2022,112,0.5245401445870191,1446.1338755699137
2022,113,0.48561138211382116,1587.26411796566
2022,114,0.5274861441176311,1522.640622949526
2022,115,0.5281891175570748,1429.5601580721902
2022,116,0.4416055895553483,1545.2456777770974
2022,117,0.3807548510503622,1838.2753431550698
2022,118,0.41338766190608045,1432.2323527393542
2022,119,0.5103441843937969,1151.4615123000326
2022,120,0.43833967580797506,602.9491476336508
2022,121,0.4324228023195101,474.338227828933
2022,122,0.47134932192704115,502.4172325930288
2022,123,0.422735658230953,568.482305079653
2022,124,0.4534807834728528,757.3155096771576
2022,125,0.35640363640199296,823.7529334081208
2022,126,0.41411576859259963,944.4594027237331
2022,127,0.4372553855139884,876.6198435831984
2022,128,0.4045811036308652,828.6772695840787
2022,129,0.40838771940321345,955.198370164791
2022,130,0.37698998961028024,1003.1412009890242
2022,131,0.4671459544569813,1169.0104578984249
2022,132,0.5370925862491798,1534.0771133399787
2022,133,0.5379910559261808,1616.8685620701915
2022,134,0.5082521242230781,1408.3512539365054
2022,135,0.496569400355525,1374.0468813807852
2022,136,0.4159943797020741,1552.7804669320437
2022,137,0.3532334417422714,1203.093383621253
2022,138,0.49835144636272966,1105.1547793890036
2022,139,0.4546585226029156,942.5802101290576
2022,140,0.5218995931100314,559.609015094462
2022,141,0.5031428668227501,454.5172288561587
2022,142,0.45616306299534476,450.96169753158426
2022,143,0.4623033704028879,615.7689414745216
2022,144,0.5021723352609687,830.1555680227581
2022,145,0.4467549369338014,878.5599072648986
2022,146,0.4915986754757291,1134.2303719324434
2022,147,0.3857472739640435,845.5454023861803
2022,148,0.39969636844922224,821.233468056181
2022,149,0.411289998201772,983.7267918352716
2022,150,0.4681357153215007,1115.460097370335
2022,151,0.42448009445679447,1188.9482149975354
2022,152,0.46447166907908877,1279.4852913250172
2022,153,0.49982178713191106,1457.701107609242
2022,154,0.5200560057898569,1436.7118106323558
2022,155,0.44328198120869805,1283.366701611962
2022,156,0.27469362522172514,1158.7986743162905
2022,157,0.41815565109094033,1136.2201233661208
2022,158,0.42240336294667213,845.3861006517465
2022,159,0.41253636894545204,890.2927692088905
2022,160,0.5440655704131544,556.8455863185579
2022,161,0.4830677860666995,408.6848191391247
2022,162,0.45656950344507335,360.90314814821176
2022,163,0.5431724346296649,475.590868621825
2022,164,0.5746530554786293,761.7174780605236
2022,165,0.6063390311981661,1071.691847843202
2022,166,0.5598463891350905,1164.1509670999387
2022,167,0.45924257814766156,953.5826468446725
2022,168,0.3827376478018271,909.4247026815832
2022,169,0.49433884940858613,1148.7874436541388
2022,170,0.46926016913620217,1332.363608511065
2022,171,0.38356593991903015,1157.2832794510532
2022,172,0.46407246007636627,1312.7101428922292
2022,173,0.4738618283952171,1374.855636161011
2022,174,0.540718436229292,1846.1862163091873
2022,175,0.5535999201652075,2141.942833845126
2022,176,0.40659837166190677,1167.6536842084336
2022,177,0.4662568643430786,905.1710726961002
2022,178,0.41289853055981846,789.1224232474808
2022,179,0.3743693550726355,762.6364822740348
2022,180,0.4968448990514631,530.6310064317303
2022,181,0.5209226626426275,534.9490552459754
2022,182,0.6000561235445251,475.1961551964609
2022,183,0.5868218899155636,482.42699497918005
2022,184,0.46808912158620836,513.9062829501097
2022,185,0.5656122434415114,827.2474520835302
2022,186,0.6092756056673155,1157.2283473796494
2022,187,0.5011965266955163,980.1839275465836
2022,188,0.4906009327015127,1222.2378047856103
2022,189,0.5219625253900166,1500.5716594362389
2022,190,0.3989874678413952,1333.5751350064363
2022,191,0.3562495704002351,1799.1615238621062
2022,192,0.36542236160051406,2177.865244366525
2022,193,0.3606049926224432,2680.7227058055432
2022,194,0.4214768667754902,2189.577084442187
2022,195,0.5520493093940164,2392.944550431397
2022,196,0.39575219899899255,1054.5509300738104
2022,197,0.3995072292906275,830.7706928339846
2022,198,0.4060162512659827,736.3004747134761
2022,199,0.37137171701989063,674.9676311194597
2022,200,0.12621359298539472,161.3457770093549
2022,201,0.2853487177390117,321.31512323157085
2022,202,0.325305818843106,267.26841220956317
2022,203,0.12870712188383207,106.26867694030831
2022,204,0.011934232503248725,3.3864280137216607
2022,205,0.22218331554104,351.13187347003134
2022,206,0.6951039621849066,1152.5904720014519
2022,207,0.6306600089906257,1290.058003791376
2022,208,0.6178243526669788,1569.4937903489426
2022,209,0.41731322364291423,1334.808917172162
2022,210,0.43004332638960413,1375.5769940106595
2022,211,0.5140001914466089,1435.483558076683
2022,212,0.5951384610212938,1261.5019956698857
2022,213,0.5834113152932174,1344.8325270584548
2022,214,0.5539611063213844,1311.43857159452
2022,215,0.6858226071340987,1467.078341125299
2022,216,0.6046049941468664,1482.758572223746
2022,217,0.3714641623232956,756.1207969832485
2022,218,0.27190000697522726,605.6038822327023
2022,219,0.33645762451652733,597.8911856359426
2022,220,0.0,0.0
2022,221,0.0,0.0
2022,222,0.0,0.0
2022,223,0.0,0.0
2022,224,0.0,0.0
2022,225,0.0,0.0
2022,226,0.37597621556614874,670.979957687147
2022,227,0.6621845922948288,1458.4052568450113
2022,228,0.6564711744246161,1458.5468178194542
2022,229,0.5111133714243503,1346.6602095389242
2022,230,0.5119701287639663,1207.0501978748607
2022,231,0.5891066789307806,1336.4910131354582
2022,232,0.6054912562232357,1192.3515223659085
2022,233,0.569302990566933,1182.357570853983
2022,234,0.6054948656588116,1219.8798950605722
2022,235,0.6654424911250715,1283.7088061112854
2022,236,0.594472172207016,1329.4466285851702
2022,237,0.5462509152002376,1143.5366338314586
2022,238,0.3904501465088431,698.8097457753407
2022,239,0.36364922591924587,603.4655189773616
2022,240,0.0,0.0
2022,241,0.0,0.0
2022,242,0.0,0.0
2022,243,0.0,0.0
2022,244,0.0,0.0
2022,245,0.0,0.0
2022,246,0.0002662956074396518,4.717004890889643
2022,247,0.4021161397823329,901.3355357032436
2022,248,0.6337102350099432,1358.8916054328051
2022,249,0.5626265758957063,1610.24391177314
2022,250,0.5192533790590103,1168.9041386875324
2022,251,0.5629670543709043,1240.035561683658
2022,252,0.5341213930663133,1023.1764902195818
2022,253,0.5343621614884216,1108.550103047313
2022,254,0.5966665066004249,1098.5120440368746
2022,255,0.6049449971251644,964.4793704707843
2022,256,0.5719013087458933,942.6267512350696
2022,257,0.5697394428883412,1042.4927075206936
2022,258,0.5115998413590103,842.2370294160306
2022,259,0.48935100521859254,724.9990897151697
2022,260,0.0,0.0
2022,261,0.0,0.0
2022,262,0.0,0.0
2022,263,0.0,0.0
2022,264,0.0,0.0
2022,265,0.0,0.0
2022,266,0.0,0.0
2022,267,0.09459704942108126,228.67306769190782
2022,268,0.6556379091611497,1283.9630297719634
2022,269,0.5658995093539292,1390.788624802117
2022,270,0.5082933969379088,1143.7485277451472
2022,271,0.5039242654059682,973.850312343362
2022,272,0.4959296311678584,913.536606013768
2022,273,0.49859808001751443,810.6885192314733
2022,274,0.5457595453011184,872.2203661350027
2022,275,0.5221063765478496,902.4050835649455
2022,276,0.549120566472586,931.4354083856106
2022,277,0.5460895201660553,846.6248062433569
2022,278,0.48068023145481237,601.882486798769
2022,279,0.5431340761175781,616.5212639601824
2022,280,0.0,0.0
2022,281,0.0,0.0
2022,282,0.0,0.0
2022,283,0.0,0.0
2022,284,0.0,0.0
2022,285,0.0,0.0
2022,286,0.0,0.0
2022,287,0.0006269597637913705,13.95564849393042
2022,288,0.38632139791172304,734.089603515362
2022,289,0.5582674705595336,1259.303978154129
2022,290,0.5374666608662639,1076.2082536812186
2022,291,0.49114981171928795,950.5546088391557
2022,292,0.5247450018060211,898.0565422356597
2022,293,0.5856661564531649,892.2575181402515
2022,294,0.6083001449551131,954.8839896180986
2022,295,0.4324133007651498,655.7594876601137
2022,296,0.2407090104894637,373.0746978163101
2022,297,0.279393961393957,355.62200225565147
2022,298,0.1557713098420682,164.7237520247467
2022,299,0.11325159442272911,81.15668550926563
2023,0,0.3156872521873964,349.5010978717798
2023,1,0.2862748803007771,340.38848785599487
2023,2,0.2898299493878546,321.8158616175805
2023,3,0.28128464526862273,334.0006625921602
2023,4,0.17249608935159153,479.2360116513723
2023,5,0.3288547809820611,510.6241496935627
2023,6,0.3058545181692065,601.154681610737
2023,7,0.33570805095917605,733.9941638425242
2023,8,0.3890541215491178,809.459543958427
2023,9,0.4215153868571936,880.3463234835965
2023,10,0.43559473283871697,985.6051755744128
2023,11,0.5265576973585326,1221.7433694011459
2023,12,0.5727452519372183,1370.1396262871704
2023,13,0.5835888658553952,1488.8242885454813
2023,14,0.5174873446756676,1628.8264811093536
2023,15,0.5857134305333609,1472.4330306391062
2023,16,0.5434047704736076,1560.9219542995002
2023,17,0.5678152440021317,1348.3482660377028
2023,18,0.577844964901454,1380.7679653064047
2023,19,0.6073165634466767,1262.8184180281023
2023,20,0.306303764555393,332.4607516666745
2023,21,0.2640384369940246,294.2412114718789
2023,22,0.30270579670576075,320.13248750500134
2023,23,0.2959681296773893,404.9868371945126
2023,24,0.2810694598515116,386.5050873377482
2023,25,0.3464439427501546,589.1670242193818
2023,26,0.3358249754673082,757.2857017547008
2023,27,0.3415465344746205,865.2708864320693
2023,28,0.3226089303514078,859.1289287930678
2023,29,0.3857818819476315,971.8612955771891
2023,30,0.44381744932993683,977.7674249214124
2023,31,0.5660786861573763,1073.4592724685735
2023,32,0.5579603975813395,1342.0123241577028
2023,33,0.5673195040175574,1524.8275798550778
2023,34,0.4821234068530496,1435.0192605001794
2023,35,0.5447500213632952,1647.635449762833
2023,36,0.5478975062035074,1694.0090269494983
2023,37,0.6067947346557687,1439.686161163469
2023,38,0.6122368011762999,1283.8198934913328
2023,39,0.6308460236592147,1350.6267488003807
2023,40,0.34615618304242524,403.55320735745755
2023,41,0.2915662837764789,289.0525722793093
2023,42,0.3128066469879107,365.5569735458803
2023,43,0.31000788729682793,462.04006800430915
2023,44,0.3114653219659505,475.2888453855943
2023,45,0.37605173790480995,595.8844885095847
2023,46,0.3719571901321331,788.1538698030139
2023,47,0.34235673360181246,902.068223610626
2023,48,0.3644236919896323,984.2208666888267
2023,49,0.3920052923828514,874.3156664658062
2023,50,0.391741193525675,920.0774607470908
2023,51,0.4972625756281024,1068.2786216918644
2023,52,0.5281429703260108,1325.4583681754648
2023,53,0.4866215048445091,1411.868065111567
2023,54,0.5289166969922309,1475.72395053872
2023,55,0.5354498945030832,1705.4480859965297
2023,56,0.5790036457632889,1704.802477258332
2023,57,0.6116778272738074,1401.441876789089
2023,58,0.6164919189361684,1442.8778172205214
2023,59,0.6455641687828464,1528.3315054263257
2023,60,0.36697753908670655,536.7826831684164
2023,61,0.3179260155978106,394.40574740047754
2023,62,0.2927061050230119,368.61408929386045
2023,63,0.30979594802311766,467.51818615579333
2023,64,0.3579741619596112,582.8658737295107
2023,65,0.3818790982482783,563.0173010580592
2023,66,0.34725655149040763,761.0702242386961
2023,67,0.35144814505752975,854.1382298452394
2023,68,0.31627150844874785,913.1815096488666
2023,69,0.392539428202186,977.7837454669071
2023,70,0.3697983588814714,904.314064064791
2023,71,0.4583889271248655,1119.3310259094217
2023,72,0.5377150247701614,1219.6665008017278
2023,73,0.5429985590439861,1325.776502916382
2023,74,0.5536379368757972,1420.9328830733232
2023,75,0.44587506948509836,1569.700570177372
2023,76,0.4705996785364947,1522.1529365177023
2023,77,0.6156111119461632,1590.1709814903493
2023,78,0.6316258354626977,1569.182945821433
2023,79,0.6622233489944224,1796.644756671457
2023,80,0.33857671477287943,544.8818885174728
2023,81,0.3359450585542465,531.3910544506656
2023,82,0.3127210386924543,477.5582851972698
2023,83,0.3320810729099919,647.6766799542661
2023,84,0.3490906998610081,671.072470453014
2023,85,0.35185442644262827,689.6509026572631
2023,86,0.3478755705738973,822.5247830578376
2023,87,0.3744442780067559,879.4051818915772
2023,88,0.38504157582326015,868.4973881603613
2023,89,0.4565323489998386,1004.4274221346822
2023,90,0.4401445153353847,1009.6854868855056
2023,91,0.5109086254279216,1171.696668053982
2023,92,0.5537594013037148,1202.2248684078922
2023,93,0.4318407956047254,1384.793260276023
2023,94,0.5214556455075005,1441.974216162001
2023,95,0.5693576190476187,1540.0698763666314
2023,96,0.4681797573182923,1604.5033772871154
2023,97,0.5368881718941219,2385.0238933453566
2023,98,0.41832708105855526,1820.1355687989587
2023,99,0.37068664066579066,2141.4762877999233
2023,100,0.46069191115964014,800.3326531224631
2023,101,0.46215368202182866,851.2587591050585
2023,102,0.39339866455105166,779.4336579403357
2023,103,0.3597846263424058,811.7483344794109
2023,104,0.3803226845221602,779.6354169136241
2023,105,0.3629013543768047,730.9444267914636
2023,106,0.3516394864226062,741.0707198788455
2023,107,0.3662752337064731,842.2560611276913
2023,108,0.3966333802716627,852.0566179951084
2023,109,0.4179566170205462,932.0676536292143
2023,110,0.4382837233433803,1068.155735596131
2023,111,0.5114853371312529,1249.912232454265
2023,112,0.526108160345765,1265.2097092896413
2023,113,0.4970005979909569,1253.3093530445617
2023,114,0.5370926512718279,1311.9507614372674
2023,115,0.5455098596341309,1305.7779704882737
2023,116,0.4582024222215189,1543.45122164527
2023,117,0.39281290685867376,1935.8506247284918
2023,118,0.4426077517110416,1610.8417633174902
2023,119,0.5628280312799133,1518.560321496665
2023,120,0.42517842588050364,897.6069288571778
2023,121,0.38555848575225854,809.3924917280519
2023,122,0.4576099649422698,1021.6799490107829
2023,123,0.39638698502983777,924.5317240797024
2023,124,0.40315131541468213,952.2400077883467
2023,125,0.33925330242787205,779.5688151227117
2023,126,0.37700430294732895,902.174883244983
2023,127,0.3923645477175583,844.5131226662959
2023,128,0.38193413945957677,778.7070123781658
2023,129,0.40565806671591076,867.3897584307995
2023,130,0.36573868469836823,948.4927357333366
2023,131,0.4823869293276155,1155.786463700164
2023,132,0.5295490091529746,1281.5066363567923
2023,133,0.5370705075852897,1310.7268502600703
2023,134,0.5172601107269902,1179.803909778679
2023,135,0.5040137889745174,1239.6911162026413
2023,136,0.43458978025875633,1590.8996338274178
2023,137,0.3754983074679728,1256.517871704503
2023,138,0.5421187307138448,1177.4053193306204
2023,139,0.5086981182476712,1150.3144633183717
2023,140,0.4883642046263625,828.8273208621407
2023,141,0.5221379142014951,1041.206021716671
2023,142,0.5021174472181569,1204.4269809221078
2023,143,0.5043201325117919,1062.1138846998806
2023,144,0.47092052615757,900.8617048943281
2023,145,0.42223166637664644,810.0323727491254
2023,146,0.46502796389339457,1102.0195709259335
2023,147,0.37575362350937436,871.5607047727398
2023,148,0.39600012879429075,843.4181011676724
2023,149,0.4022379384929051,941.3699202924879
2023,150,0.44761905485071857,1003.8731759862312
2023,151,0.4294600645797577,1133.2223796994099
2023,152,0.4705785965508973,1168.260681139444
2023,153,0.5039227091822601,1275.8447768198685
2023,154,0.5229329795087585,1259.1972833726604
2023,155,0.4473989345178761,1242.6529481943985
2023,156,0.31490593684325474,1167.7154103470123
2023,157,0.47886650407902537,1301.6850842303165
2023,158,0.4675127933315922,979.7405578383353
2023,159,0.47650132223865665,1061.2784917558654
2023,160,0.5173323522042426,831.03890366823
2023,161,0.5681687984051508,1070.2367952661762
2023,162,0.5392090062570556,1013.6731369109677
2023,163,0.5737012902664396,1082.3645281787633
2023,164,0.5515564882435928,997.5738622795
2023,165,0.5641886141590253,1267.4939020428992
2023,166,0.5320117292108507,1149.474814114183
2023,167,0.4811354323898127,1002.1666982953637
2023,168,0.3979823973429955,907.2818066559295
2023,169,0.45404830529264595,877.5325803399232
2023,170,0.45678362247871224,1358.7261767007901
2023,171,0.3999158474766254,1097.5813012090466
2023,172,0.4606760520167503,1115.8683447470264
2023,173,0.47384476077047194,1161.5037038942226
2023,174,0.5332104623198255,1864.5446434416797
2023,175,0.5518035282125126,2363.1751364266447
2023,176,0.43811225024458,1332.4186352235895
2023,177,0.5050999076894678,981.67618190278
2023,178,0.46460797213826427,925.3971509803843
2023,179,0.40057180957805555,842.4481997218315
2023,180,0.49271329047427076,747.3682379808957
2023,181,0.5697343131050233,985.5941269648443
2023,182,0.6520965383844306,967.8872958617391
2023,183,0.6038949617370482,930.7948996871431
2023,184,0.4536908324997037,876.7753644479392
2023,185,0.540944439455825,1114.8838689828776
2023,186,0.5766968590240729,1068.3122570056855
2023,187,0.5146577332215257,1121.6626442084594
2023,188,0.46083730951081364,998.9963661941699
2023,189,0.48187248566288354,1260.816399808814
2023,190,0.40382345334250985,1479.7951914367668
2023,191,0.3387981781857026,1690.1290793348878
2023,192,0.3346493627726317,2057.343721231767
2023,193,0.3395232798098582,2349.659671749209
2023,194,0.3979596544731523,2119.241437846662
2023,195,0.5489976451396805,2501.517504174089
2023,196,0.4122280100100737,967.3358847894963
2023,197,0.41358453944592205,801.6180202361604
2023,198,0.40600730881018693,780.6793512476512
2023,199,0.3747416917839466,843.9619290890718
2023,200,0.12390627472291543,200.26183994404903
2023,201,0.2848941932577644,494.29622509027735
2023,202,0.3139832371621132,528.4971277530782
2023,203,0.1256511866035785,194.4035637908413
2023,204,0.012408581574379554,6.079704689549317
2023,205,0.21550380842234,364.8706043885558
2023,206,0.6743684631806457,1055.2974244182203
2023,207,0.5633493296579873,1163.228590390689
2023,208,0.5351961995797381,1441.4002211523548
2023,209,0.36593981809694115,1519.236875950662
2023,210,0.4335401672625265,1607.6324453228028
2023,211,0.5051447995612027,1677.594415182941
2023,212,0.5822473010989141,1355.4586691571874
2023,213,0.559703530218512,1361.784871916776
2023,214,0.5425779421225256,1188.7070492911719
2023,215,0.6936987565298335,1263.1203411720448
2023,216,0.6234754704917693,1601.2952801940414
2023,217,0.369491629555672,635.4600475594501
2023,218,0.2523158974226449,546.0362394562809
2023,219,0.373214705750527,677.551929031198
2023,220,0.0,0.0
2023,221,0.0,0.0
2023,222,0.0,0.0
2023,223,0.0,0.0
2023,224,0.0,0.0
2023,225,0.0,0.0
2023,226,0.3575290352079357,654.3142538168589
2023,227,0.6193653906921783,1298.2056266463921
2023,228,0.594598368642281,1336.6637462290767
2023,229,0.48043309407742707,1295.5276694042116
2023,230,0.5225358366229719,1247.9792348487094
2023,231,0.6005511823660515,1342.200181989975
2023,232,0.6061018177910686,1161.4010953744796
2023,233,0.5565776227142746,1123.0310253988712
2023,234,0.6075920305046392,986.8535956270813
2023,235,0.6694399056593827,1069.5698595499155
2023,236,0.6234004304911692,1197.6797055421112
2023,237,0.5796302416972623,1116.3035218219147
2023,238,0.38743326344162593,714.4480135328583
2023,239,0.3595752014640421,571.0761166657915
2023,240,0.0,0.0
2023,241,0.0,0.0
2023,242,0.0,0.0
2023,243,0.0,0.0
2023,244,0.0,0.0
2023,245,0.0,0.0
2023,246,0.00021330747922437677,4.134468446173321
2023,247,0.3658009268359491,807.9444827819937
2023,248,0.5789729273135789,1157.1161867187643
2023,249,0.5236462628532832,1362.1565463809989
2023,250,0.5126442132230011,1062.9139629539554
2023,251,0.5596158135854734,1150.5001417066667
2023,252,0.5440656100268719,911.4008617336875
2023,253,0.5182622704346758,881.3168049700595
2023,254,0.586039721875016,838.9378482903782
2023,255,0.5831617863020634,782.6999120798837
2023,256,0.5847247816559347,819.2010624501194
2023,257,0.6167918999504166,1056.7925323901136
2023,258,0.5766445186439424,996.55678789301
2023,259,0.557140797450563,846.7630919099253
2023,260,0.0,0.0
2023,261,0.0,0.0
2023,262,0.0,0.0
2023,263,0.0,0.0
2023,264,0.0,0.0
2023,265,0.0,0.0
2023,266,0.0,0.0
2023,267,0.08992058607940415,175.18052330190224
2023,268,0.6172052883410999,1106.7504359990883
2023,269,0.5446706554081848,1138.1326362718355
2023,270,0.4881908580288908,1038.9081962033717
2023,271,0.5010076240587622,928.8863883076286
2023,272,0.5027888434012616,799.385819552648
2023,273,0.456023076060692,681.3064987129022
2023,274,0.5060104127441204,717.3824871220841
2023,275,0.4972493987946878,697.5432146017464
2023,276,0.5569954064088776,833.9444193965376
2023,277,0.6011243841520022,945.0571457501077
2023,278,0.5925946935850623,1055.8112474944694
2023,279,0.680588764801905,1187.022123551291
2023,280,0.0,0.0
2023,281,0.0,0.0
2023,282,0.0,0.0
2023,283,0.0,0.0
2023,284,0.0,0.0
2023,285,0.0,0.0
2023,286,0.0,0.0
2023,287,0.0006543205772553989,8.480160964843492
2023,288,0.3784891609464682,657.2023295541497
2023,289,0.5434528762643245,1162.5519415318945
2023,290,0.5325792203203928,1031.8012493855156
2023,291,0.5085201122828112,878.3856327268335
2023,292,0.5496326582508767,813.8131481793451
2023,293,0.5923186691458628,839.9912883500479
2023,294,0.5944548219708072,946.5285623002036
2023,295,0.4215274367579425,625.0815044971355
2023,296,0.2506774980218734,391.72150995911267
2023,297,0.2932457293215284,479.8577221320056
2023,298,0.1637044267543168,302.7119428779763
2023,299,0.11740223973000763,167.3236381931329
2024,0,0.30677766034312715,278.9378583333165
2024,1,0.2867900810474473,294.7831889574967
2024,2,0.2470857364212283,248.68817338073083
2024,3,0.26115136769781233,227.15223904341138
2024,4,0.1656786656065987,319.17306923020055
2024,5,0.325364288896974,359.98669656081046
2024,6,0.3028747916435893,359.7353937789842
2024,7,0.3198666554613431,422.8414911702806
2024,8,0.35329522670168023,438.4618163383242
2024,9,0.36475178856835383,492.59257859384525
2024,10,0.36343888708724903,584.4330445416572
2024,11,0.4598564153883888,731.4256134119044
2024,12,0.5442468424466295,868.2463148892659
2024,13,0.5764374096023285,1059.000872278695
2024,14,0.5131561968904812,1422.1989146613705
2024,15,0.5972452696074555,1304.67356735259
2024,16,0.5366674724017292,1389.9873240445575
2024,17,0.5378044222584375,1178.1749352147533
2024,18,0.5606921149576232,1204.5293003818927
2024,19,0.5828625000329565,1021.188122398186
2024,20,0.31697404755311154,243.97915447880695
2024,21,0.28717976599212086,310.2537870049214
2024,22,0.2948243806154802,275.10030817932665
2024,23,0.2954770568643896,264.9816782331833
2024,24,0.29132009692605887,349.63853910267073
2024,25,0.3299239927218072,386.0260013372776
2024,26,0.32937009253836885,392.3654565637991
2024,27,0.3283695800074364,484.7660988531404
2024,28,0.3050788256359144,435.0796428009364
2024,29,0.32629266050447625,518.8876519490391
2024,30,0.3790770204737117,587.5152172725561
2024,31,0.5243309989318352,702.6459436215574
2024,32,0.5266176832323365,895.8757789569543
2024,33,0.5475598572619399,1122.6336049403103
2024,34,0.4683244861794533,1162.9339091194943
2024,35,0.5459941509409084,1590.2958040981184
2024,36,0.5341868138895264,1860.9540551922119
2024,37,0.5884149753790737,1349.7771875264211
2024,38,0.591304902876132,1143.9873140483728
2024,39,0.6128308470325771,1084.0422438084659
2024,40,0.33797833251573217,310.7391432086189
2024,41,0.30846633585692773,244.879275076035
2024,42,0.31142332433808434,279.5175099325389
2024,43,0.30572055028598094,324.19574916942884
2024,44,0.2983571592092941,359.3778582665145
2024,45,0.3674423039599603,389.3268195861757
2024,46,0.36146750459654603,506.7706761786605
2024,47,0.3325174746387997,572.1168200268756
2024,48,0.327934800024261,609.170435122524
2024,49,0.328678727327403,501.44942689460873
2024,50,0.3456207793081079,546.4857965392192
2024,51,0.441969295386093,672.2734598448209
2024,52,0.4924684922512208,845.5281726285461
2024,53,0.449165217930353,1027.8285899544098
2024,54,0.5125280117241271,1300.6706208954743
2024,55,0.530723879359001,1565.5630124144357
2024,56,0.5673570899290922,1826.78990980197
2024,57,0.6005252365127733,1335.5562247743787
2024,58,0.6029591447364948,1236.2372730666818
2024,59,0.6322044381772094,1165.4556588490466
2024,60,0.3369937243718041,415.7671089007926
2024,61,0.3097410058162222,288.0898987076796
2024,62,0.2801421409449962,275.2769559979244
2024,63,0.2803814624397552,354.9050086707046
2024,64,0.3228711835936055,410.9198028752929
2024,65,0.3558532839508124,393.1935047816236
2024,66,0.34757619804936213,478.5941123124867
2024,67,0.3296033710886833,480.4245083963993
2024,68,0.29544802484662036,606.9633667234149
2024,69,0.36775940960820797,615.8895320868392
2024,70,0.3443228067885804,553.2170222285068
2024,71,0.42579088414762783,650.9215234993428
2024,72,0.5177294162468006,783.2973345185151
2024,73,0.5164496643879333,954.9132842992716
2024,74,0.5433177960314697,1181.5934907375438
2024,75,0.446057861704877,1365.607151685248
2024,76,0.46594189624579163,1435.9093711567668
2024,77,0.6167337288841779,1429.6515872099612
2024,78,0.6249245780165129,1285.859347796735
2024,79,0.6566459053110599,1419.6786954808952
2024,80,0.28599818599486715,407.935567980691
2024,81,0.297236308643245,334.4094870246315
2024,82,0.28334434926086516,222.25811088137183
2024,83,0.30515322358202707,288.6124999522031
2024,84,0.3019405457048586,443.4162421289063
2024,85,0.326485113825447,426.16755226876137
2024,86,0.3415452386228142,406.40472424970704
2024,87,0.3547857608096602,420.58509747775173
2024,88,0.3630691611026733,455.0466482216257
2024,89,0.4019614635349475,618.4782142914449
2024,90,0.40097776178006955,644.7547930039674
2024,91,0.4861362798622207,670.7621415793576
2024,92,0.529261532102399,700.2733841326964
2024,93,0.43170389558916183,970.4367093242641
2024,94,0.5213919368916794,1195.012579030113
2024,95,0.5705197582782758,1409.007656152412
2024,96,0.4654340378038138,1426.0046648351424
2024,97,0.5232419438642025,2219.5883412720987
2024,98,0.3910748846127464,1610.4566465651624
2024,99,0.3546048646161306,1843.7148523334065
2024,100,0.3854462901422119,489.36407666225733
2024,101,0.3989953734102279,448.2445808256008
2024,102,0.3644739057891878,304.0265855673045
2024,103,0.3356069870481289,296.7214072908686
2024,104,0.3439001024646903,472.2140884875437
2024,105,0.32958048850915683,398.26332780666894
2024,106,0.3299936499897123,378.78146802030403
2024,107,0.34730608388381323,407.29674039504243
2024,108,0.36405997795480793,497.4397610353545
2024,109,0.37568998754890087,569.2469894645262
2024,110,0.38442265908269824,608.8979591753401
2024,111,0.4590629222877189,726.6775730357779
2024,112,0.5047879167128143,779.119216489149
2024,113,0.4929975100636787,989.8298918424016
2024,114,0.537271753318671,1161.2142203594417
2024,115,0.5494078773156935,1330.4254061443169
2024,116,0.4576141466122392,1689.6794803671492
2024,117,0.37964873336762095,1937.420671448577
2024,118,0.42956365351900877,1515.8891393820215
2024,119,0.5496170307024134,1350.6535611823022
2024,120,0.34193714098080463,451.8217566731185
2024,121,0.3259995225701314,294.461454327472
2024,122,0.3901930890898975,261.50028762429224
2024,123,0.3539855998217404,252.0124879984936
2024,124,0.3768100558342433,513.547451384937
2024,125,0.3134086135788895,412.8938194036666
2024,126,0.35109986151009387,483.04272658307804
2024,127,0.3642930042112647,435.6809842454306
2024,128,0.35171604816189017,458.82564216486134
2024,129,0.3476432002841622,512.5853041591549
2024,130,0.31447646833904225,530.3116103911403
2024,131,0.4191527926352603,587.6720547545037
2024,132,0.5102949504378719,773.6401761095445
2024,133,0.537089446409682,1052.2145245722847
2024,134,0.5217019149783373,1146.6701334228123
2024,135,0.5157606479356894,1353.6794862179966
2024,136,0.43330213857216704,1690.2568959162086
2024,137,0.3909864724352817,1271.9616293915672
2024,138,0.548898355039324,1167.0503050413947
2024,139,0.5111245639086437,1014.6151001855147
2024,140,0.4773976713921802,474.54044914071204
2024,141,0.46833075149492215,306.3831474363814
2024,142,0.3974081663172058,230.90101248971737
2024,143,0.38571816579529494,303.7845614273934
2024,144,0.43603862602545657,495.0942236912219
2024,145,0.40100924966515855,391.6204908039299
2024,146,0.4333699273384236,591.3377870146646
2024,147,0.3526712049187028,365.7585464073159
2024,148,0.37362580407448714,413.12812316473054
2024,149,0.36980951273225965,530.6369663403914
2024,150,0.4156381615095812,561.0321271191552
2024,151,0.38222459990348656,588.4033889191752
2024,152,0.4346978207795161,787.4902202811114
2024,153,0.5057782161648922,1137.46648422385
2024,154,0.5332696330454224,1249.0472429274273
2024,155,0.465436184068267,1315.3176377227794
2024,156,0.3252024492399633,1423.9838354174633
2024,157,0.4866956474024826,1395.058406824392
2024,158,0.4967776303263793,1039.4944345434633
2024,159,0.4950194454771001,984.9013632892902
2024,160,0.5002677974706906,440.9586824072176
2024,161,0.5069585754744589,281.79137747884465
2024,162,0.4597090315807244,269.4082221465876
2024,163,0.4599324304368925,343.8988810132922
2024,164,0.4792554816631716,441.59853619343716
2024,165,0.5419155744275757,550.0953629537448
2024,166,0.4962080707321701,601.4237569551611
2024,167,0.42758632752137277,437.763452774467
2024,168,0.3551558386336309,426.2420041331579
2024,169,0.4195182662783695,665.9119432662442
2024,170,0.42650675186764425,742.6636007453247
2024,171,0.3648659689309118,779.0720487166313
2024,172,0.4456389640423602,1001.6791308364192
2024,173,0.4605598108110947,1226.4777400246167
2024,174,0.5398382864210026,2151.859807574325
2024,175,0.5649871287167876,2555.246570098721
2024,176,0.4467765565461825,1626.988169965921
2024,177,0.5201711650907945,1250.9146155741607
2024,178,0.49468897425347674,1088.7046920491077
2024,179,0.4447310450898018,931.7474033096414
2024,180,0.49502876718701666,378.36302887940116
2024,181,0.5716937188341363,320.4978480242877
2024,182,0.6143277001788514,379.45507880511
2024,183,0.5530262951653151,347.2663631051831
2024,184,0.40769455334345994,312.2131735235978
2024,185,0.5309069031767718,516.8339378451551
2024,186,0.5570440764101022,538.1203613840438
2024,187,0.4312658391808469,405.6772475209448
2024,188,0.411633865213161,508.974313972468
2024,189,0.43837682333296335,868.1982444449587
2024,190,0.3578792363819515,858.1669189901163
2024,191,0.31979640550029437,1162.0897803106132
2024,192,0.34468099132893915,1776.5633279111053
2024,193,0.3636624835789241,2504.156980573764
2024,194,0.4191659897473221,2606.302349507756
2024,195,0.5451280384911593,3004.4996532167347
2024,196,0.42129680777283873,1440.1786290708162
2024,197,0.46571422490188635,1179.6393698860873
2024,198,0.4626956869540445,999.0933663268418
2024,199,0.3929018243979105,929.9957558622874
2024,200,0.12674489962168495,122.39812841998572
2024,201,0.30012535572432475,242.0431594872235
2024,202,0.3338165508194077,273.62318074281103
2024,203,0.1337654632813554,86.81100539557359
2024,204,0.012699798914296153,2.3780000632489395
2024,205,0.2272385775821225,235.13261955325095
2024,206,0.6846558275279958,502.87200660961224
2024,207,0.5538387945444585,493.32275144986346
2024,208,0.5621952609765177,739.4710042679906
2024,209,0.32041860227134805,811.2471778886909
2024,210,0.37619902632328356,996.1225915120465
2024,211,0.47700866546419235,1109.6561775423336
2024,212,0.5635166803767107,1203.7379517044337
2024,213,0.5619770426342787,1516.0877480416336
2024,214,0.5417389419274211,1542.7715066792605
2024,215,0.6824831082666832,1775.8053965998938
2024,216,0.6135778779226124,1918.5581688380469
2024,217,0.40250231895203087,992.1432420185018
2024,218,0.3045503281949805,893.1974967572671
2024,219,0.40863251851500304,877.448804945022
2024,220,0.0,0.0
2024,221,0.0,0.0
2024,222,0.0,0.0
2024,223,0.0,0.0
2024,224,0.0,0.0
2024,225,0.0,0.0
2024,226,0.3706681929515517,327.26067107168376
2024,227,0.6462370429410006,646.5701466990213
2024,228,0.6385788089625135,815.2858604144899
2024,229,0.447404309639876,824.3038519185556
2024,230,0.452279620590632,871.8138929302677
2024,231,0.5724550367264055,1066.2617190760632
2024,232,0.5957468435542056,1211.7777761028603
2024,233,0.5596235920304309,1327.843544910767
2024,234,0.6081892093264869,1391.13317737531
2024,235,0.6742726438582334,1602.901670623416
2024,236,0.5893475628793998,1691.660270050853
2024,237,0.5811847722021786,1369.237296236025
2024,238,0.427751533002073,918.9098693991905
2024,239,0.4294565699955701,766.425120596592
2024,240,0.0,0.0
2024,241,0.0,0.0
2024,242,0.0,0.0
2024,243,0.0,0.0
2024,244,0.0,0.0
2024,245,0.0,0.0
2024,246,0.00026507098653076085,2.194193351762461
2024,247,0.393759308955236,448.8578477247152
2024,248,0.617844383441715,774.0802594237192
2024,249,0.5381388458027988,940.3145249410913
2024,250,0.44959164398841833,775.7404657145819
2024,251,0.5422001684007864,1078.863292169708
2024,252,0.5421990819337543,1081.0088920158687
2024,253,0.5325368193496979,1284.8757192487226
2024,254,0.5994042421509529,1346.3589310142954
2024,255,0.6406738548128459,1342.0122116252921
2024,256,0.5954925643682948,1328.4461176692032
2024,257,0.5916519331470768,1426.6402182201805
2024,258,0.5663510009019982,1225.6995586290152
2024,259,0.5421143782912866,1020.0227458818996
2024,260,0.0,0.0
2024,261,0.0,0.0
2024,262,0.0,0.0
2024,263,0.0,0.0
2024,264,0.0,0.0
2024,265,0.0,0.0
2024,266,0.0,0.0
2024,267,0.09616898489984926,136.18915353964616
2024,268,0.6256871060674382,727.9112984861334
2024,269,0.5285394412174347,766.1425895931575
2024,270,0.45856835237251314,769.3790161313859
2024,271,0.4860434545238756,998.1569092607981
2024,272,0.48885159589055543,1127.8369532108688
2024,273,0.48937993574119143,1068.2438147205362
2024,274,0.5488296482498183,1239.661406628878
2024,275,0.5664348838865364,1279.635949791828
2024,276,0.6379283610741937,1430.1412619998566
2024,277,0.6265364538496434,1411.0857974489675
2024,278,0.5623025284472948,1142.988552142962
2024,279,0.6241374170519608,1095.7534934996436
2024,280,0.0,0.0
2024,281,0.0,0.0
2024,282,0.0,0.0
2024,283,0.0,0.0
2024,284,0.0,0.0
2024,285,0.0,0.0
2024,286,0.0,0.0
2024,287,0.0005401616823835882,7.8325129458244245
2024,288,0.36303929314014427,415.7834893792296
2024,289,0.49781358784665924,708.9432362577367
2024,290,0.5097715825080938,798.625798292886
2024,291,0.48884786272384756,1021.5335921292484
2024,292,0.5506212245608216,1203.4427578953262
2024,293,0.6119192810328223,1238.2282999042231
2024,294,0.6191685637447301,1437.0699739063261
2024,295,0.45758160623443245,996.5851467812872
2024,296,0.25826045375570733,637.835867164811
2024,297,0.3030515671678869,744.8786978893053
2024,298,0.16860816566227493,389.0400555700425
2024,299,0.12079679496422986,171.20050141577516
