year,cell_id,pop_density,ntl_mean
2018,0,0.45847928559078893,0.6331063930875449
2018,1,0.06862300482183013,0.17435520779906477
2018,2,0.007277906736682967,0.17438829274125672
2018,3,0.03453658347677999,0.2336389899174754
2018,4,0.018710019045583955,0.1857614008801015
2018,5,0.01288239718281275,0.16862485731341892
2018,6,0.0123386470913857,0.252845959831934
2018,7,0.24394950440979507,0.28370303862534174
2018,8,0.031110948060156723,0.2256784742379389
2018,9,0.03521313819333103,0.20087615523293842
2018,10,0.04579200935327004,0.19866769836601644
2018,11,0.0436659861905343,0.17535288531900423
2018,12,0.06261557328745535,0.23035413660151322
2018,13,0.055096600445974545,0.17256334874207563
2018,14,0.40052207465319195,0.4025300153542596
2018,15,0.3753994854424415,0.22777044356549883
2018,16,0.4451272775515349,0.26068013368046916
2018,17,0.7525827141842679,0.27414210983838583
2018,18,0.44089863991551614,0.36486501207055005
2018,19,0.2818700054410773,0.35732555227977825
2018,20,0.11173916927803258,0.27350236677852935
2018,21,0.062343365474464243,0.2102452100863362
2018,22,0.05014562211561994,0.20360125763960105
2018,23,0.02580825547735627,0.17113194704792462
2018,24,0.037103576850654754,0.18568609643269082
2018,25,0.018628357031770775,0.17009687882125163
2018,26,0.05479106349061186,0.19640718984670022
2018,27,0.17773410321380095,0.20687240582754235
2018,28,0.26230895471689364,0.23994763482949008
2018,29,0.09318624845055755,0.19327712334939048
2018,30,0.03742691296707627,0.2011322220497376
2018,31,0.02759228424581902,0.16640364483927472
2018,32,0.15752381863421502,0.2641560501284824
2018,33,0.42354047647738674,0.2046465440486546
2018,34,1.0209127901223838,0.35110901153561064
2018,35,0.2409850369677938,0.26528823263454093
2018,36,0.840343522400389,0.24320747872895027
2018,37,0.7101335100614258,0.26920306527006116
2018,38,0.26644613982497384,0.28149675480326414
2018,39,0.3813022482968824,0.31840373772729574
2018,40,0.09159759381019672,0.29991197365756805
2018,41,0.09204556760178151,0.30698589541690186
2018,42,0.0867382570182036,0.23056211664684298
2018,43,0.20553374858867235,0.31857804722987265
2018,44,0.14215983380853564,0.20737436257150446
2018,45,0.10263973640009712,0.1742770984916731
2018,46,0.08420226884165291,0.17234168927040694
2018,47,0.16524029903211887,0.21751986058634648
2018,48,0.3256817417010366,0.2247907396169141
2018,49,0.29713602210284235,0.2619818890421971
2018,50,0.11657861997207297,0.21085576587285426
2018,51,0.06655267510610598,0.19909607337959984
2018,52,0.46149434768544506,0.3341182784170317
2018,53,3.209567901035226,0.49287600437883283
2018,54,0.3004421039350945,0.23299780805287296
2018,55,0.2559371419467842,0.22074126755766932
2018,56,0.5035601707070013,0.23114971453244318
2018,57,0.6771466821933322,0.22946117343290862
2018,58,0.16000025501785245,0.24903430205825172
2018,59,0.4964206048854945,0.25478305893077396
2018,60,0.25061754773916056,0.3863750400419919
2018,61,0.21931357077334948,0.3255108050970878
2018,62,0.040841999651050356,0.1893686145200224
2018,63,0.07660776530379299,0.17602253716130953
2018,64,0.6377017025110928,0.2875819029575645
2018,65,0.10439454006813892,0.18175292233755033
2018,66,0.2350744753228531,0.17424565981931014
2018,67,0.18213247522459455,0.19578416796921136
2018,68,0.17921718841539988,0.2662056349424087
2018,69,2.4060725538163914,1.089847798642362
2018,70,0.3538203563453161,0.30069481654078095
2018,71,0.5073999673504773,0.3544157241417576
2018,72,1.1320439636365476,0.5912792352622359
2018,73,0.322347587911084,0.24503008788151825
2018,74,0.266787596979189,0.2112940978506284
2018,75,0.4604268984071405,0.21271080487769553
2018,76,0.4189798290137644,0.2100384667964343
2018,77,0.21050977136413046,0.2024674323081737
2018,78,0.1535290212829287,0.20853952167536288
2018,79,0.21945661177618248,0.22045251393613804
2018,80,0.6037730594835106,0.6865985471534375
2018,81,0.8069650997387743,0.8317776122004055
2018,82,0.06974502168736564,0.2532809977428104
2018,83,0.06762462520259657,0.1697324927348544
2018,84,0.1813738391291021,0.20379699342384788
2018,85,0.2846946906838398,0.2697428475097374
2018,86,0.3953569083413796,0.2335013289804221
2018,87,0.20526864212895038,0.20654694306175664
2018,88,0.197103055889802,0.2657246499529591
2018,89,0.06122161807458615,0.221499565695605
2018,90,0.04565287271993669,0.21567902883243226
2018,91,0.14125816545506223,0.20283731650970238
2018,92,0.0767476324531668,0.19460620212803803
2018,93,0.2329537393094383,0.2141589624600566
2018,94,0.1444889015337801,0.19234992107536622
2018,95,0.13055284695730654,0.2192641490801804
2018,96,0.2521749668546121,0.23330658905619178
2018,97,0.4365049819130596,0.22873185350951528
2018,98,0.16493952995138603,0.198994661231724
2018,99,0.38125488172385247,0.2043162992749481
2018,100,0.45936690249639117,0.6718304367948419
2018,101,0.9499593842949511,0.8197753868767639
2018,102,0.6353335284266267,0.4641968789001382
2018,103,0.09877675259767477,0.17095856995365438
2018,104,0.4645166371715948,0.20281080713418206
2018,105,0.19452199517877095,0.2129398266575409
2018,106,0.28409170283134183,0.2489213831445812
2018,107,0.869619047506834,0.4012440877430795
2018,108,0.2371511064717406,0.24746005478406338
2018,109,0.08756226377076276,0.2230719092911377
2018,110,0.07606974296838158,0.22646041760352897
2018,111,0.07978103933253448,0.21408379840287733
2018,112,0.05406263005345869,0.1879697981108963
2018,113,0.08754104262447424,0.20386525244868536
2018,114,0.1424952547139316,0.20385422066505776
2018,115,0.10117109634710288,0.21656189188196145
2018,116,0.09270589532358622,0.21038763485590362
2018,117,0.12168136285711686,0.19884471937197853
2018,118,0.1341699597663911,0.23094311611158727
2018,119,0.13754642465559225,0.20574426373597715
2018,120,0.4259866862517927,0.4263587881449965
2018,121,0.11379246180778485,0.3076716426019865
2018,122,0.04324896126947129,0.1923765214260529
2018,123,0.15559998778051576,0.19665016321400908
2018,124,0.32698293677728085,0.18500848283367965
2018,125,0.3359339131287434,0.18009447057127786
2018,126,0.577818166320751,0.26422618736259396
2018,127,1.766657624400419,0.4842926766629131
2018,128,0.3327316264877793,0.2190212029946632
2018,129,0.06882389833779805,0.20447394428193583
2018,130,0.34617504541697663,0.20842266787134667
2018,131,0.204910513722459,0.2330109689467164
2018,132,0.027381487499300135,0.22812677870447703
2018,133,0.13256561712580162,0.21006646038194685
2018,134,0.19016668055603483,0.2326305313283005
2018,135,0.22976218660021433,0.19015709722657226
2018,136,0.4448965530474287,0.20642317931541512
2018,137,0.42232856396538615,0.2072588712688192
2018,138,0.18349924392328013,0.18898205615996294
2018,139,0.18096069307922558,0.19586092346611847
2018,140,0.1425683624898295,0.19751405136433298
2018,141,0.041628897243164695,0.1808310949006164
2018,142,0.01599808412671627,0.2074814300210668
2018,143,0.05036682513702621,0.201273645048495
2018,144,0.4747671118241729,0.20121088908254026
2018,145,0.42817907330383365,0.21482686919322766
2018,146,0.5513521607833424,0.2516727050458047
2018,147,0.2981992765830684,0.19302714009373584
2018,148,0.14391338257285655,0.1988452865433972
2018,149,0.13281742136532265,0.23982572135050095
2018,150,0.25196317676794244,0.21717551496077794
2018,151,0.6098534647340903,0.2615096801219624
2018,152,0.08702926235691806,0.2101281085040941
2018,153,0.0397121076627335,0.20157595927517397
2018,154,0.11996132391521029,0.1912792728793032
2018,155,0.43946375805360055,0.21828638522432597
2018,156,0.4111298732220568,0.19845026839272112
2018,157,0.012155176759308174,0.20177398903082042
2018,158,0.028339783718966515,0.1878567713610216
2018,159,0.3980418846513237,0.2041317848967124
2018,160,0.5765471735776441,0.22520707915913557
2018,161,0.026184609675559044,0.19369147195758385
2018,162,0.014089836204048694,0.20386762281266754
2018,163,0.04525595780967016,0.1941057308963796
2018,164,0.19398992553257183,0.19459661163603822
2018,165,0.7099237843901802,0.25576370212934857
2018,166,0.26437843268180167,0.2221691683778382
2018,167,0.15546713461414433,0.22794200634468706
2018,168,0.4137387580363375,0.3459493165366905
2018,169,0.1890880509853663,0.2232470895220083
2018,170,1.3540449357741546,0.24642516329584557
2018,171,2.1573391092786456,0.3219277921801681
2018,172,0.702294135871463,0.206513763706899
2018,173,0.6313714868979808,0.21123012019527376
2018,174,0.21376477308769481,0.19483303598368773
2018,175,0.9826299560313482,0.2107693889884898
2018,176,0.7944367539908993,0.2280423004052631
2018,177,0.032769370197462,0.19916938071458884
2018,178,0.032807476326108656,0.21266279299490515
2018,179,0.15720731902715077,0.20596390847542054
2018,180,0.270542071923053,0.1848774668757058
2018,181,0.04647791064238529,0.1873547773469563
2018,182,0.0439795481666189,0.18196908384175933
2018,183,0.05826491266675073,0.20359511384891069
2018,184,0.10802389576361886,0.18858012395109877
2018,185,0.8048625365923399,0.38581336855590076
2018,186,0.15864484447541327,0.21916068374865944
2018,187,0.14741474469600505,0.21172977156763081
2018,188,0.5717508730545461,0.21757453424925638
2018,189,0.9538678358563876,0.26231239499623576
2018,190,1.471170734001625,0.22438488615058347
2018,191,0.688706866586034,0.19822294217765377
2018,192,0.2425187036378343,0.1863877918255636
2018,193,0.4197714954842658,0.18895845091846894
2018,194,0.319835395731204,0.19459444358903452
2018,195,0.3014446333008437,0.20652644468186546
2018,196,0.3346605124138242,0.21519238135049812
2018,197,0.0075018007272301245,0.24260660593064134
2018,198,0.059308458457515034,0.21851778473810424
2018,199,0.24397488722637464,0.21407149829688446
2018,200,0.1641413830047737,0.17525180532141266
2018,201,0.44917007398394765,0.20478498793402602
2018,202,0.09760937437853948,0.17810333058782893
2018,203,0.06313541181950942,0.20507441717675667
2018,204,0.010899269989503713,0.16113661977730287
2018,205,0.03509224241567243,0.17669637729907012
2018,206,0.17465125639271714,0.1985847916455899
2018,207,0.6026319984226176,0.2162916066694505
2018,208,1.3331534289696672,0.22789948873562868
2018,209,2.517175710246485,0.34044551352689656
2018,210,1.18917357642871,0.22659815159418664
2018,211,0.4422913512227048,0.2048110080831079
2018,212,0.06106698036393248,0.19223079063147608
2018,213,0.07904721571886468,0.20233055705964692
2018,214,0.4098821369558128,0.20544330650332843
2018,215,0.08301538911058881,0.22211730669043678
2018,216,0.35249637164346254,0.2385332966218854
2018,217,0.3056967039220698,0.22941745211825332
2018,218,0.5423543428687233,0.26255387108642203
2018,219,0.29277629281146755,0.21596927741996924
2018,220,0.0,0.1636238887081202
2018,221,0.0,0.161341412108077
2018,222,0.0,0.16086803662409718
2018,223,0.0,0.1629220917515932
2018,224,0.0,0.16267780045592414
2018,225,0.0,0.16124201362890747
2018,226,0.14849594071332173,0.17433558964088164
2018,227,0.4944226330238974,0.20874072942827357
2018,228,0.35585819609326264,0.2044958199509187
2018,229,0.4936058364707148,0.2379278258863446
2018,230,0.21967528861137953,0.21642134813164854
2018,231,0.0331262060475777,0.18980073340855116
2018,232,0.026368464378531024,0.20857134035535452
2018,233,0.055395903826087216,0.20436562667966865
2018,234,0.08536515698689018,0.1996093505977891
2018,235,0.02448926917364159,0.2165898409931343
2018,236,0.38644551538669913,0.25550088179093494
2018,237,0.22199085177391328,0.23583037305613933
2018,238,0.6316407394236176,0.23651239342551006
2018,239,0.3918664815244479,0.22891814603873084
2018,240,0.0,0.161339687994498
2018,241,0.0,0.15937762633349079
2018,242,0.0,0.16015389300445365
2018,243,0.0,0.16192372068577046
2018,244,0.0,0.16153406044588703
2018,245,0.0,0.16323700703127106
2018,246,1.9891740686027526e-05,0.15966914068336793
2018,247,0.4119496217736768,0.1816569629712332
2018,248,0.41413577563558107,0.19525302904571804
2018,249,0.5805392999940328,0.20492369599570365
2018,250,0.1665353377566287,0.21342413334040278
2018,251,0.07917177600010046,0.19468901478907022
2018,252,0.008984080669512493,0.23222781443379167
2018,253,0.12732623466577211,0.2456012574599944
2018,254,0.08153814275437528,0.20890748707477694
2018,255,0.04898030042154929,0.2115833152394383
2018,256,0.007596171817935683,0.26812833575912015
2018,257,0.2181239211031528,0.24110112995100838
2018,258,0.7496167220008226,0.278629982105625
2018,259,0.31962344281696115,0.2409885577918286
2018,260,0.0,0.16067938316112912
2018,261,0.0,0.15850865165638886
2018,262,0.0,0.1575201939157542
2018,263,0.0,0.15805431930877856
2018,264,0.0,0.15651319550526502
2018,265,0.0,0.15817801027691875
2018,266,0.0,0.15936015264985914
2018,267,0.09209426936385376,0.16637177678333592
2018,268,0.17895184766978914,0.18568065141452006
2018,269,0.39179189148381627,0.20081050704258113
2018,270,0.29613625814402333,0.20398191601414245
2018,271,0.3166571251612854,0.20675741358713062
2018,272,0.023677361980216877,0.22671040964667274
2018,273,0.04849064182947365,0.23053369291814962
2018,274,0.4304582899517385,0.22514859452699332
2018,275,0.0432304861570988,0.22539576414828505
2018,276,0.04425539451614786,0.22533349515188664
2018,277,0.13203657703003877,0.2274040972869518
2018,278,0.41518547868664973,0.28838523276277755
2018,279,0.6434101046890583,0.2511430902444836
2018,280,0.0,0.15830944919751194
2018,281,0.0,0.1573379612526809
2018,282,0.0,0.15888353048474893
2018,283,0.0,0.15755020878313775
2018,284,0.0,0.15524282423562225
2018,285,0.0,0.15580230578751036
2018,286,0.0,0.1568568081871212
2018,287,0.0013255684761862392,0.15430603602613263
2018,288,0.5128103368880531,0.20503140771124473
2018,289,1.1633081478029914,0.2477105649681137
2018,290,0.40566428777790914,0.19357041190892704
2018,291,0.4712064876976855,0.20837000409848463
2018,292,0.08007039393215927,0.19173467936785119
2018,293,0.2271810715591478,0.20606366298832496
2018,294,0.6539255920823612,0.2132422315874579
2018,295,0.12518522643473795,0.19604956763806952
2018,296,0.10280031801741686,0.19257185934153512
2018,297,0.290740689071348,0.22257833802479038
2018,298,4.960609208384035,0.9029591187006191
2018,299,0.5906040602752672,0.23338431597079834
2019,0,0.47214903818908216,0.6589451331437808
2019,1,0.06912888856311544,0.14503858093132835
2019,2,0.006836287258051996,0.17499535481963688
2019,3,0.03569989002569109,0.19548977445326796
2019,4,0.017889844236935844,0.15135770382612998
2019,5,0.013059644865325,0.14221299336808196
2019,6,0.012162994039042613,0.1461359617878637
2019,7,0.2516303762380956,0.2202362956937593
2019,8,0.03312059771293246,0.16209252332784152
2019,9,0.03621360311988355,0.17625004563596092
2019,10,0.04653522904971982,0.15812685722123712
2019,11,0.0463777155625564,0.13129074232324162
2019,12,0.06499766932820526,0.19720321164713533
2019,13,0.059535546957174494,0.1079177313681892
2019,14,0.43374452945339154,0.3239801689141307
2019,15,0.4057683882225541,0.15785051897348182
2019,16,0.4948508142907708,0.19098656222571173
2019,17,0.8195192222016869,0.20204880256113153
2019,18,0.4687506569254705,0.20514055017232574
2019,19,0.2918422192245927,0.17802764264632567
2019,20,0.11331277496644143,0.2427657134042351
2019,21,0.06337003366758548,0.17698338952055465
2019,22,0.05121376596589203,0.17108272412603082
2019,23,0.026558215639108398,0.13842914523252894
2019,24,0.03735627526010154,0.15473242259033843
2019,25,0.019050286687805187,0.1368207040018245
2019,26,0.05491682534800458,0.17485206425734184
2019,27,0.18575994907564566,0.16497983058697965
2019,28,0.2747271779246919,0.17842973526640848
2019,29,0.0969063143467681,0.17135362878187915
2019,30,0.037525717872637046,0.16200264996751632
2019,31,0.028241013223336577,0.12208934446298304
2019,32,0.16540835436134405,0.21532684608695224
2019,33,0.46605255598673345,0.1407936585498665
2019,34,1.1033647955769457,0.28336439457828555
2019,35,0.2675108967712041,0.22199813565612875
2019,36,0.9097139258862079,0.15708967687674397
2019,37,0.7780162745531414,0.1890680406549289
2019,38,0.29203111223975475,0.2051720654032982
2019,39,0.406901041410328,0.20083208243966183
2019,40,0.09398517802520943,0.2582484871176006
2019,41,0.09342790622766577,0.2726809413390445
2019,42,0.08687617976334416,0.20138496853756283
2019,43,0.21038109906224942,0.3349761254218303
2019,44,0.14543618319407026,0.18222613328108062
2019,45,0.10283542833263179,0.13668454529235236
2019,46,0.08585617083039072,0.14556707718653084
2019,47,0.16739749088789369,0.18338429622793695
2019,48,0.3308083073658254,0.1793704111674571
2019,49,0.3059541742166679,0.23438232189785665
2019,50,0.12127450940523918,0.15943110323194057
2019,51,0.06915427067041807,0.13797126650420793
2019,52,0.4826906706727296,0.2428511678984299
2019,53,3.5096105409178704,0.4406589185614648
2019,54,0.3250108684158366,0.16005943152958751
2019,55,0.2800257076518747,0.1496126309072422
2019,56,0.5541263959273536,0.15144646888120294
2019,57,0.7383538508768781,0.1646802344731866
2019,58,0.17207587652576123,0.17554688464416593
2019,59,0.5504933187518427,0.1769986327031749
2019,60,0.25119336835909,0.3558021403626676
2019,61,0.22026078822775033,0.2982568844703313
2019,62,0.040736416215176714,0.16256477214493942
2019,63,0.07757088944471202,0.15112800366585716
2019,64,0.6378534213275195,0.23588071873096111
2019,65,0.10438498929277684,0.14198658391042515
2019,66,0.2362841417895646,0.13542476949514343
2019,67,0.1827239152768415,0.1459636639885651
2019,68,0.18551048542584458,0.21442363658520533
2019,69,2.5256498946703823,1.005532201887247
2019,70,0.358035334757745,0.23352563145726202
2019,71,0.5213577922173744,0.279385785672801
2019,72,1.1735791507366777,0.4835733116704538
2019,73,0.3697556919515985,0.1528337945849543
2019,74,0.28263796423384835,0.15122114410054543
2019,75,0.4900150617670287,0.13803422495889967
2019,76,0.456907271745419,0.14805718101820356
2019,77,0.2264998942822625,0.14306808346760372
2019,78,0.17240651691968223,0.1346119346538989
2019,79,0.23651182449810024,0.14210710889402342
2019,80,0.6064371743815095,0.6427817989768096
2019,81,0.8165080822789681,0.8290672055888508
2019,82,0.07063825597225651,0.22281355800376312
2019,83,0.06745760983481537,0.14225978494188787
2019,84,0.18250513375570065,0.15534419977458855
2019,85,0.28832410993988233,0.19051911187022172
2019,86,0.40255044736350454,0.19409093273956368
2019,87,0.20865235632330523,0.15907410790824192
2019,88,0.20286449741846016,0.19329068000512137
2019,89,0.06220386307197307,0.16428637534483118
2019,90,0.04618703934248003,0.1599202283653272
2019,91,0.15003239323744968,0.14687148051795773
2019,92,0.08112845339065838,0.12591926364999811
2019,93,0.249868953348371,0.12856243213744345
2019,94,0.1491112160068616,0.13540208448151878
2019,95,0.13236910603295643,0.14829924782678267
2019,96,0.2693219646481861,0.15231964045064575
2019,97,0.479268501505208,0.1617622345888214
2019,98,0.17988217114849767,0.12786717562270528
2019,99,0.40726417217770705,0.13603768367932811
2019,100,0.4662794338380178,0.6214350116884252
2019,101,0.9532197733595741,0.8265108840495485
2019,102,0.6439599221563844,0.44338909258016074
2019,103,0.10058220461620836,0.1433405967082502
2019,104,0.4701181030453663,0.17056497055128794
2019,105,0.1965811803355996,0.16712787468116325
2019,106,0.2893683938825257,0.22073457158967366
2019,107,0.892407325140163,0.3465614352020061
2019,108,0.24014822521538512,0.18361778266632778
2019,109,0.08996193891989877,0.17025041772882962
2019,110,0.07826916695927882,0.17599141097578203
2019,111,0.08170832111369687,0.15541572309345908
2019,112,0.0553628184436639,0.12527453555749832
2019,113,0.08907663537148137,0.12983422382719273
2019,114,0.14700731242315068,0.1287381625474418
2019,115,0.10414452059927228,0.13514281918260346
2019,116,0.09568182802087981,0.13965744043682735
2019,117,0.12609458526445944,0.14929476741498882
2019,118,0.13865384140129966,0.15016507243432947
2019,119,0.14110251137188148,0.14552522693884345
2019,120,0.4286665095074243,0.4180310767135194
2019,121,0.11512398826599798,0.27272827422558904
2019,122,0.043541988935917736,0.1452713713041676
2019,123,0.15743348646432062,0.16285511236865938
2019,124,0.3326634451581943,0.1474947809671164
2019,125,0.33992376146953696,0.15242927613439664
2019,126,0.5866106820840022,0.22490111998031148
2019,127,1.78204267718407,0.4591891369863485
2019,128,0.3415686966072391,0.17353764080115044
2019,129,0.07227279178297952,0.15323485430002787
2019,130,0.35801530574426815,0.15405602807507843
2019,131,0.22165016775699511,0.1706624852050779
2019,132,0.028360449987977904,0.15130132873352678
2019,133,0.13746592098771165,0.15016737530637803
2019,134,0.204607196547657,0.15865969337616168
2019,135,0.23532551239019198,0.13767652042339845
2019,136,0.4599318497584696,0.14621794637849328
2019,137,0.43633997999908103,0.16549712792420845
2019,138,0.18957132133998805,0.16597148152870242
2019,139,0.1883259127139417,0.1536108322881729
2019,140,0.14577186018846655,0.16180573234759896
2019,141,0.04307114346155793,0.15145442818077606
2019,142,0.016374007301801326,0.16244603474992833
2019,143,0.049902566876149454,0.15058557312248147
2019,144,0.48544632093113416,0.15665802123098058
2019,145,0.4331346839730255,0.17638452223522474
2019,146,0.5582031476486838,0.2087209021464815
2019,147,0.3035572333656081,0.14587431158443565
2019,148,0.14686574234924907,0.16214403683349535
2019,149,0.1385314114790854,0.1966576850810614
2019,150,0.2629437056455799,0.150865256681168
2019,151,0.6265233895194947,0.18196167984858885
2019,152,0.09016066157072893,0.14024985487261082
2019,153,0.04097953895594495,0.1384467465637133
2019,154,0.1225270989512207,0.13715605245175463
2019,155,0.45695690422405943,0.17449813327209476
2019,156,0.4255743525590335,0.14624411094524037
2019,157,0.01247795905152098,0.15874782728052217
2019,158,0.029379857184507512,0.1505197113123821
2019,159,0.4114778638057237,0.1634649038000809
2019,160,0.5864788706366028,0.19271006579103195
2019,161,0.026845053354508853,0.15566891010799214
2019,162,0.013950950296055035,0.1530427356459577
2019,163,0.04639366955050191,0.14182340851264263
2019,164,0.2028737070492925,0.14657216366923217
2019,165,0.7365065185492636,0.2067740774380334
2019,166,0.2775504354976308,0.1662593585656294
2019,167,0.1638863349478454,0.16606485429532541
2019,168,0.4296343538589908,0.3205050483890656
2019,169,0.19979225241129334,0.1731050921294869
2019,170,1.42729865474709,0.19088653506077458
2019,171,2.2321392901088606,0.26630702610613866
2019,172,0.7247770033533684,0.15014443574735586
2019,173,0.6544489181204876,0.16235928853794798
2019,174,0.22132645610045318,0.14373617256828658
2019,175,1.0040591334730693,0.16199984420710345
2019,176,0.8192791764497409,0.18818678934046884
2019,177,0.03378924232937261,0.14561523349612843
2019,178,0.033789444098624596,0.15636297696244014
2019,179,0.16228227645352195,0.1514876023056947
2019,180,0.2734000482112303,0.14995573531642536
2019,181,0.04778018005017189,0.14966817486455558
2019,182,0.04400705163007166,0.14121745916183195
2019,183,0.05848899919709471,0.14331180481166048
2019,184,0.11031746591823502,0.13931711357245005
2019,185,0.8295127485873517,0.3177614121227979
2019,186,0.1670506210965145,0.16184710676833536
2019,187,0.15139541244572005,0.1571012867741613
2019,188,0.600332025398916,0.16736277335790226
2019,189,0.9935158484584038,0.20402154542043152
2019,190,1.507605182940961,0.16922039012222378
2019,191,0.7107522502500687,0.14293651325113546
2019,192,0.24943034117974386,0.13804527078468576
2019,193,0.4308566628486529,0.149242989706832
2019,194,0.3286935798620202,0.13859077740915465
2019,195,0.30357866898672214,0.1630229797352238
2019,196,0.33390571224399057,0.17296311702187245
2019,197,0.015227559027271558,0.168438711824244
2019,198,0.06193687535399209,0.16047927851044652
2019,199,0.2510315464112006,0.15357659447921843
2019,200,0.16543300593543706,0.13598039806295836
2019,201,0.45635398950356465,0.16805008586277922
2019,202,0.0983509745231242,0.13724001697250252
2019,203,0.06571969796639317,0.16182483383932178
2019,204,0.011141583190615688,0.12193027645295998
2019,205,0.02933746708529754,0.1387620321465014
2019,206,0.1842283789415107,0.15845030535939122
2019,207,0.6295693663070363,0.16640037038296643
2019,208,1.3777921924616752,0.17808528053729944
2019,209,2.589046628448993,0.2744435935662547
2019,210,1.2281484970964722,0.16158108915611144
2019,211,0.4633176454204083,0.1537590810295174
2019,212,0.06320126217951058,0.14646902410780613
2019,213,0.08121124303247877,0.16513028073157487
2019,214,0.4217988310279289,0.1625264491987221
2019,215,0.08393118865764151,0.16115811816181744
2019,216,0.35693315759640615,0.17788491253776875
2019,217,0.3098654076231181,0.17700641826238797
2019,218,0.5538778864104347,0.21890427393250927
2019,219,0.2998794961401617,0.16032286821116842
2019,220,0.0,0.11972259342718057
2019,221,0.0,0.1213911741499404
2019,222,0.0,0.11966821664133642
2019,223,0.0,0.11912969605117252
2019,224,0.0,0.12113322884870104
2019,225,0.0,0.12070483638584159
2019,226,0.14635471309040957,0.1312859471714857
2019,227,0.5069422399593645,0.15775943597865738
2019,228,0.36960857017067195,0.16612176052733812
2019,229,0.5203683092711907,0.16514007867512923
2019,230,0.22732237057513266,0.14218352741858806
2019,231,0.03418869751778485,0.1289943941060639
2019,232,0.028302036629411106,0.16530070971656896
2019,233,0.05587016359913085,0.16143948369291128
2019,234,0.08640984924614971,0.1449444773828905
2019,235,0.02530019921853877,0.155501508971813
2019,236,0.39720079316302537,0.16375197208887837
2019,237,0.22552826532242146,0.16325656766631583
2019,238,0.6450196887112422,0.1733655065202469
2019,239,0.40580900725303554,0.1662536243691445
2019,240,0.0,0.1221572839833815
2019,241,0.0,0.1224746233845514
2019,242,0.0,0.12147607210051616
2019,243,0.0,0.1180237850961535
2019,244,0.0,0.11709075284653803
2019,245,0.0,0.11611975876924079
2019,246,2.1031603668108095e-05,0.11195308887945311
2019,247,0.41938772754110315,0.1256254052220878
2019,248,0.4224587390578781,0.14883618246847652
2019,249,0.5959446313457024,0.15227381377093
2019,250,0.17141226855137698,0.140680874539214
2019,251,0.08266313748527182,0.137732674212463
2019,252,0.009063718915327193,0.17623787153535578
2019,253,0.12973481027690054,0.16087389913490943
2019,254,0.0828916913300316,0.14422258726473494
2019,255,0.05000439146792373,0.16273305056802667
2019,256,0.007755221505640289,0.16525896022258785
2019,257,0.22183882691480966,0.16987370186131479
2019,258,0.7694175468741362,0.21611848461957986
2019,259,0.33421115465050766,0.16267279966289727
2019,260,0.0,0.12304045332893745
2019,261,0.0,0.121727633598056
2019,262,0.0,0.12043939972193497
2019,263,0.0,0.11650507553888337
2019,264,0.0,0.11399894521431676
2019,265,0.0,0.11150257720700929
2019,266,0.0,0.10783937299772155
2019,267,0.09522202377640042,0.11085580842190834
2019,268,0.18307762134227687,0.13122537552394958
2019,269,0.40823187125417904,0.14798797471295363
2019,270,0.3053019427207212,0.1451446006543804
2019,271,0.3295628780140489,0.15449322456768122
2019,272,0.02443677042596202,0.15744952375766172
2019,273,0.048950014226611625,0.15089567668625006
2019,274,0.434854061064665,0.1592031983098749
2019,275,0.04359755996739084,0.1638615808601802
2019,276,0.04486767075045149,0.16265710666730265
2019,277,0.13301026735844543,0.15590760573504867
2019,278,0.4298638827458087,0.22464886517248375
2019,279,0.6593911704859574,0.18089643532070715
2019,280,0.0,0.12215553176538625
2019,281,0.0,0.11968521572084671
2019,282,0.0,0.11593787936640326
2019,283,0.0,0.11357357838354402
2019,284,0.0,0.11240641163204168
2019,285,0.0,0.1099728120904991
2019,286,0.0,0.10507752594905656
2019,287,0.0014352417017053994,0.10327718025211409
2019,288,0.5297800732709259,0.15704718109651192
2019,289,1.2139856387643715,0.20962522623362698
2019,290,0.4181163355983047,0.14976742775315743
2019,291,0.4816607663393007,0.16317320370363128
2019,292,0.0807426509868758,0.13874121302198514
2019,293,0.23407463192654412,0.1412747298228242
2019,294,0.6599005221069776,0.15249796685821626
2019,295,0.12626658719400743,0.14041811619351247
2019,296,0.10377603034060583,0.13751235839671577
2019,297,0.29615331675467516,0.1601376809847127
2019,298,5.236638474478288,0.8997768336962276
2019,299,0.5999513131126127,0.1701417385224949
2020,0,0.4758996139849682,0.7339959735875508
2020,1,0.07415635364662733,0.21787633260396536
2020,2,0.00777443477977561,0.21336476495481063
2020,3,0.03509205584560373,0.272198232052041
2020,4,0.01893561270767532,0.2181079445356994
2020,5,0.01371372399844285,0.20138468196764567
2020,6,0.012848510317325583,0.22291828698287783
2020,7,0.2594399444843429,0.2686668904708511
2020,8,0.03358123765172375,0.22565396060976414
2020,9,0.03711114992517307,0.24358832674827005
2020,10,0.04727596245364916,0.23405812398127376
2020,11,0.047635337446339174,0.1965448554005968
2020,12,0.06782023127160153,0.25999927468826206
2020,13,0.05824515768691783,0.19558369964673564
2020,14,0.4713887527766006,0.38862070248149133
2020,15,0.45387079097460065,0.2504922588424617
2020,16,0.5737081265816685,0.2882402496417992
2020,17,0.9195271574690934,0.25282363425435067
2020,18,0.4826682566922674,0.2808928862072406
2020,19,0.3078104970914741,0.2712176504539063
2020,20,0.1161318959771275,0.3376509941141282
2020,21,0.06455934332442248,0.2609222819529782
2020,22,0.05097987399217912,0.24624781479930274
2020,23,0.027905443314018133,0.21365837030775764
2020,24,0.03868632655673516,0.22436480532827086
2020,25,0.018897477399818265,0.207556769259123
2020,26,0.05582931017560553,0.24639902742066436
2020,27,0.19391852393011932,0.21876046544441982
2020,28,0.2874167142733858,0.2428279918804605
2020,29,0.09968829376521175,0.23406684888864357
2020,30,0.03833204135033557,0.2463913909534736
2020,31,0.02865201923176243,0.1978607820596719
2020,32,0.17228292335090853,0.2866562504315834
2020,33,0.49575446891151825,0.22030703647509164
2020,34,1.2226864949791967,0.34726812100441223
2020,35,0.27363626434737204,0.2879954725501895
2020,36,0.9350190278684841,0.24276240061624718
2020,37,0.8391420113910218,0.25814761112039547
2020,38,0.3276990961390523,0.26221343726448887
2020,39,0.4447492467469015,0.2671867170835302
2020,40,0.09594732706179403,0.3571242854944121
2020,41,0.09497232411180502,0.34683608405875205
2020,42,0.0877668468774512,0.28109763251698705
2020,43,0.2101904299457518,0.41490124019682206
2020,44,0.1463969949502532,0.2621596076596645
2020,45,0.10394651798991153,0.20950581537175356
2020,46,0.08572380879042396,0.21106570835885274
2020,47,0.17045538221428944,0.2443293373819497
2020,48,0.33840443111759194,0.24632367198500543
2020,49,0.3141011918988984,0.28601298088031185
2020,50,0.12363228209874554,0.2279661112765193
2020,51,0.07036644454643648,0.21398459591297164
2020,52,0.5206497602338772,0.3339540012083794
2020,53,3.848060374043009,0.5190433166667265
2020,54,0.33885487269529074,0.2611941907188889
2020,55,0.3097678571877918,0.2456376196994801
2020,56,0.6120896793210817,0.24737955379633125
2020,57,0.8370590361599513,0.24281619336097737
2020,58,0.17651108864005127,0.27072508842324533
2020,59,0.5946146336590571,0.2582104636622762
2020,60,0.2518797416417506,0.4297108386994924
2020,61,0.22088860807471747,0.3775914012762658
2020,62,0.041303160475160146,0.24032390960662567
2020,63,0.07889011938200438,0.2276152203190321
2020,64,0.6341901104736043,0.3026140178822546
2020,65,0.10509512469176727,0.21188975042784727
2020,66,0.23987771272350264,0.2065793274298262
2020,67,0.18437403601188923,0.20264284817582257
2020,68,0.1911034289822531,0.2863838196237615
2020,69,2.657722231251241,1.0301186564342684
2020,70,0.3655859910439554,0.3066021874868302
2020,71,0.5341320185264637,0.34571192293002373
2020,72,1.2201600830117223,0.5455743480174021
2020,73,0.42235704399061913,0.2672504252304372
2020,74,0.3008129682401157,0.24310408127661756
2020,75,0.539721946741304,0.23468121948618997
2020,76,0.49461500744974723,0.24740614095238994
2020,77,0.24192165629980134,0.23814126203973512
2020,78,0.19987629975607887,0.22982041961067284
2020,79,0.2663499771510484,0.2552547385464729
2020,80,0.6094057139383834,0.7345957918325888
2020,81,0.82664192179483,0.8978998601863337
2020,82,0.07117123692249835,0.29288249357300444
2020,83,0.06891995107641984,0.21716825687234786
2020,84,0.1828592019309402,0.23659698633484177
2020,85,0.2911895685369807,0.2572736978238071
2020,86,0.4067408307183697,0.2597224117138377
2020,87,0.21441789536046407,0.2082164337400334
2020,88,0.20557938000959777,0.2878812310135109
2020,89,0.06433796982551801,0.23154870791885146
2020,90,0.04845584693478539,0.23002466037728042
2020,91,0.15426872248984644,0.2396665004657122
2020,92,0.07833115210240843,0.21333099157921068
2020,93,0.2702129530931459,0.2338492522134438
2020,94,0.15379705302370275,0.21543867112012124
2020,95,0.13598198202561765,0.25736541603764457
2020,96,0.28832876418924924,0.2579518791996866
2020,97,0.5248877865889845,0.2577465854176896
2020,98,0.19310612661721077,0.2433718522152188
2020,99,0.42778132065808006,0.250228831844119
2020,100,0.472578053942314,0.7711211045473707
2020,101,0.955627058412895,0.8791929708233936
2020,102,0.6522836489036153,0.5222006529963956
2020,103,0.10103631567287703,0.2140102135354141
2020,104,0.474561711402565,0.24376393583971737
2020,105,0.1996898223720166,0.24090817616604476
2020,106,0.2936102222927162,0.2818090158766658
2020,107,0.8951978240238367,0.3890842267716172
2020,108,0.2445234775155695,0.25030317107259076
2020,109,0.0933129156301071,0.2540182394465728
2020,110,0.08001808985170315,0.24758263295979155
2020,111,0.0844284991970417,0.2383775693127415
2020,112,0.05671210906144656,0.21335695609858588
2020,113,0.09150970761165118,0.21428067570374884
2020,114,0.152630941305075,0.21618960203557563
2020,115,0.1076608109803359,0.25836587647769077
2020,116,0.10020643325186977,0.24369794222378016
2020,117,0.12788663172573428,0.24556474402864278
2020,118,0.1432435754865057,0.2489021661618124
2020,119,0.1442272101412232,0.2376193154218162
2020,120,0.43185363568885704,0.49823242972200776
2020,121,0.11697658805903127,0.33968178182318454
2020,122,0.04441774548129051,0.21728821776711604
2020,123,0.1594619108069908,0.23114103998421986
2020,124,0.3372795572327406,0.22095978626994636
2020,125,0.3440948411085438,0.22759676117120228
2020,126,0.5962214929985606,0.2926901895885563
2020,127,1.81581719790944,0.5176343456109856
2020,128,0.349059854662251,0.2475970443750412
2020,129,0.07723189473882762,0.2361555898083528
2020,130,0.37221347310632724,0.22855645063636093
2020,131,0.23917272228506045,0.2564455751504158
2020,132,0.028936700881443934,0.24396347295967014
2020,133,0.14368316522245755,0.2360735520039283
2020,134,0.20861620402823716,0.23954233041499287
2020,135,0.24840159718860635,0.2227139357632187
2020,136,0.4767763011348028,0.24613886215571362
2020,137,0.4511305058450145,0.25774759789370794
2020,138,0.19560097635367474,0.26018243900905474
2020,139,0.19630235442352484,0.2202011400293486
2020,140,0.148934310103971,0.24099760047396895
2020,141,0.043900527720690224,0.2159144651819453
2020,142,0.016506816582028346,0.2159760269694387
2020,143,0.05289962276739534,0.21158235815857748
2020,144,0.4985100730852552,0.22743777476030674
2020,145,0.4355281597334698,0.2504547273268664
2020,146,0.5646941132742299,0.27657499124719864
2020,147,0.30739624880425953,0.22291678396636938
2020,148,0.15051354783949122,0.24125586612141503
2020,149,0.1441915794926122,0.2721581099559346
2020,150,0.2759691202634092,0.23349441160308204
2020,151,0.6429821318423962,0.2618352381233186
2020,152,0.09326797334118626,0.2366525885709663
2020,153,0.04233959934702378,0.2359902705588931
2020,154,0.12653398378555564,0.2163000858643081
2020,155,0.47312375839777926,0.26189733587742886
2020,156,0.44156435457057674,0.22958830214477458
2020,157,0.013069637625274686,0.2627777266007323
2020,158,0.030189078370979578,0.23198671269695031
2020,159,0.42423370874296773,0.24100535603584258
2020,160,0.5962266109751102,0.26246780938602116
2020,161,0.028539327936689736,0.21647036575175668
2020,162,0.01463084308843231,0.2175124026138719
2020,163,0.04673869467325274,0.21344789194047986
2020,164,0.21199739635204284,0.2249076038347156
2020,165,0.7606894877296405,0.281639571583494
2020,166,0.2941882008473861,0.23577050288889187
2020,167,0.1731703198438049,0.24516557276924764
2020,168,0.44466393662777304,0.3936607163809139
2020,169,0.2121807058928848,0.24966891173631076
2020,170,1.5005230880958114,0.26638852545142777
2020,171,2.309874718091014,0.35289235614865594
2020,172,0.7483594063536143,0.22771357427365888
2020,173,0.6763588476362059,0.23450438593832984
2020,174,0.2299727336104201,0.22585602240137018
2020,175,1.0280452627715153,0.24070601208829642
2020,176,0.8448222005386145,0.2814612649001059
2020,177,0.03487166913331191,0.23183100737444226
2020,178,0.03472122818654792,0.2390815418084828
2020,179,0.16820617412117186,0.2249164207604621
2020,180,0.2769055502245403,0.22218258096621604
2020,181,0.04896403659953395,0.215344138605203
2020,182,0.04460797612045278,0.21554282792282614
2020,183,0.06007146883778908,0.2139813054002992
2020,184,0.11254756396095723,0.21250666757060796
2020,185,0.8446511694296185,0.4117781470621847
2020,186,0.17442194078363393,0.23611857045855095
2020,187,0.15644095309675296,0.23198193864169725
2020,188,0.6302247707309842,0.24631416299463496
2020,189,1.038507071437279,0.28300642435528073
2020,190,1.5501933071836156,0.24154816083105018
2020,191,0.7342069591529803,0.21464054098421112
2020,192,0.2566650834314043,0.2074359679000953
2020,193,0.44311710765052237,0.217246610869247
2020,194,0.3359098727456255,0.21496800558920187
2020,195,0.3058286303488813,0.24198211893308774
2020,196,0.34139298800637147,0.25396829590100034
2020,197,0.014688184335780195,0.27519438249781353
2020,198,0.06472135006208193,0.23841509288609203
2020,199,0.2583941547107471,0.2409436411114622
2020,200,0.16924801864513195,0.20762012112324804
2020,201,0.4625928970463943,0.23964490647651732
2020,202,0.09921094550222279,0.2097465015483296
2020,203,0.06681980308554897,0.21297112117863448
2020,204,0.011099307478822642,0.19185902467211507
2020,205,0.03185649777492509,0.21149316955723765
2020,206,0.19340339702300105,0.2286228605200118
2020,207,0.6533752753476146,0.23719181721373825
2020,208,1.417466484478181,0.2655999731850427
2020,209,2.662549828038468,0.36522663967151153
2020,210,1.2671544338957892,0.2423846970462594
2020,211,0.48607357285822317,0.23092188102422456
2020,212,0.0658737561745789,0.223650845819977
2020,213,0.08263865535635807,0.22963409717303115
2020,214,0.43441050423387084,0.2371709160624484
2020,215,0.08518923877672364,0.2569043142140959
2020,216,0.3612730921017721,0.2801958747826657
2020,217,0.3155547743246239,0.2559501593142536
2020,218,0.5656596028986529,0.31640691875367244
2020,219,0.3069340437994737,0.23994460396789158
2020,220,0.0,0.19526713737649357
2020,221,0.0,0.19369872171155228
2020,222,0.0,0.19121224130638456
2020,223,0.0,0.19062856864240718
2020,224,0.0,0.19034808334046951
2020,225,0.0,0.18985236063553726
2020,226,0.14791966901309592,0.20662300144401483
2020,227,0.5199369412653199,0.24067832258285676
2020,228,0.3810280288416151,0.23177535064610089
2020,229,0.5457322565710182,0.24289424813103272
2020,230,0.23604195313534806,0.22425227809823628
2020,231,0.03565787589466461,0.22179156202395933
2020,232,0.02930688955577931,0.27449626253854453
2020,233,0.057106572461851725,0.2520395437161213
2020,234,0.08754190960899982,0.22712878849710677
2020,235,0.026096548649411536,0.2572668921763758
2020,236,0.4078078891281372,0.2794058409190729
2020,237,0.22988874226089365,0.26014065150768956
2020,238,0.6602944353749831,0.26420370835327944
2020,239,0.41977333809677436,0.2476022416536495
2020,240,0.0,0.1969468461911603
2020,241,0.0,0.1944964206019813
2020,242,0.0,0.19208428899105026
2020,243,0.0,0.18862917701752266
2020,244,0.0,0.18674604596133057
2020,245,0.0,0.18628354089064816
2020,246,2.01041182619046e-05,0.18624935579539198
2020,247,0.4256796138800713,0.20901871566978286
2020,248,0.43549721201623826,0.22894617522015384
2020,249,0.6233079549803299,0.24007587062547597
2020,250,0.17424466564554753,0.24775705819663288
2020,251,0.08464141334208568,0.22817734325506606
2020,252,0.009353686640018762,0.27152025935019897
2020,253,0.13248435954380494,0.30925555460142756
2020,254,0.08471909481841236,0.23295307018730757
2020,255,0.05119806338449521,0.25736294016074174
2020,256,0.00833686808227599,0.33223119010871044
2020,257,0.2247876053184229,0.31836969459170633
2020,258,0.7874935803552576,0.3091584761371882
2020,259,0.3498851233523812,0.2667962710282885
2020,260,0.0,0.19782570991447396
2020,261,0.0,0.19424729464978552
2020,262,0.0,0.19136011580239146
2020,263,0.0,0.18873034083477816
2020,264,0.0,0.1844637618301947
2020,265,0.0,0.1849114020634735
2020,266,0.0,0.183339781950125
2020,267,0.09665182953359804,0.1898745125077033
2020,268,0.19172572007989008,0.21531805314565208
2020,269,0.42039867744329346,0.23585502026318458
2020,270,0.3184712271229461,0.2633743229750674
2020,271,0.3364117388281179,0.24406435371707033
2020,272,0.02515907161371935,0.266679158361445
2020,273,0.04977027348893136,0.2725577364544652
2020,274,0.4403269377378953,0.27196399950369887
2020,275,0.04413183046675097,0.2720843343008815
2020,276,0.0452758203823949,0.29235665510238723
2020,277,0.1342414880870506,0.2546060358742813
2020,278,0.444232258087866,0.31815887556061967
2020,279,0.6761029483966928,0.2837957386860319
2020,280,0.0,0.1985227563850977
2020,281,0.0,0.19554860776292757
2020,282,0.0,0.19398573229493798
2020,283,0.0,0.19087830495580482
2020,284,0.0,0.18496525194315971
2020,285,0.0,0.18475236734663605
2020,286,0.0,0.1824830253639934
2020,287,0.0015511719369506976,0.18575370829513257
2020,288,0.5408086814878421,0.23722157721192486
2020,289,1.2662709984410214,0.29514616465469856
2020,290,0.43151066716410497,0.23729117277724487
2020,291,0.49272229475563417,0.24857696423191858
2020,292,0.08268055226380283,0.2287569763775305
2020,293,0.23960018865219743,0.24759459329712666
2020,294,0.6669392849079107,0.25187242709506735
2020,295,0.12701508897718816,0.2326179756721243
2020,296,0.10487300965459782,0.22729706800253116
2020,297,0.30236200783447187,0.2553222199580415
2020,298,5.532389891932928,1.061937866541498
2020,299,0.6093372175505996,0.2740298053979376
2021,0,0.4758996139849682,0.7511730891367365
2021,1,0.07415635364662733,0.24102075393551617
2021,2,0.00777443477977561,0.23279058193533517
2021,3,0.03509205584560373,0.29844628739028994
2021,4,0.01893561270767532,0.3055366960949377
2021,5,0.01371372399844285,0.2295584405748433
2021,6,0.012848510317325583,0.2613935352639099
2021,7,0.2594399444843429,0.3082707432294402
2021,8,0.03358123765172375,0.2373861465127612
2021,9,0.03711114992517307,0.2807514717742257
2021,10,0.04727596245364916,0.2683868886777651
2021,11,0.047635337446339174,0.2505275898450212
2021,12,0.06782023127160153,0.30694243121591536
2021,13,0.05824515768691783,0.2307238087312381
2021,14,0.4713887527766006,0.5201051290597989
2021,15,0.45387079097460065,0.288349041039376
2021,16,0.5737081265816685,0.3058200587122642
2021,17,0.9195271574690934,0.34445509137084
2021,18,0.4826682566922674,0.3937596432953312
2021,19,0.3078104970914741,0.327792213261963
2021,20,0.1161318959771275,0.35289635216512194
2021,21,0.06455934332442248,0.2709255944485432
2021,22,0.05097987399217912,0.26937366574456756
2021,23,0.027905443314018133,0.24347190883059214
2021,24,0.03868632655673516,0.26290724226387663
2021,25,0.018897477399818265,0.2364493823970869
2021,26,0.05582931017560553,0.29729027268726954
2021,27,0.19391852393011932,0.25026447981539796
2021,28,0.2874167142733858,0.26827168440824095
2021,29,0.09968829376521175,0.25882678472029286
2021,30,0.03833204135033557,0.28314694751376124
2021,31,0.02865201923176243,0.24964853766450704
2021,32,0.17228292335090853,0.3308406111299029
2021,33,0.49575446891151825,0.26825679595682983
2021,34,1.2226864949791967,0.457991426419048
2021,35,0.27363626434737204,0.36810677719966123
2021,36,0.9350190278684841,0.30583629884463304
2021,37,0.8391420113910218,0.3079785839099625
2021,38,0.3276990961390523,0.3247625919901932
2021,39,0.4447492467469015,0.3022953730118253
2021,40,0.09594732706179403,0.4083523259273741
2021,41,0.09497232411180502,0.3543912951668827
2021,42,0.0877668468774512,0.30794504793813043
2021,43,0.2101904299457518,0.43466062878554224
2021,44,0.1463969949502532,0.29730168776781557
2021,45,0.10394651798991153,0.2427251770571835
2021,46,0.08572380879042396,0.22891569182658017
2021,47,0.17045538221428944,0.24826808558423322
2021,48,0.33840443111759194,0.2570783526110166
2021,49,0.3141011918988984,0.2978998252416622
2021,50,0.12363228209874554,0.24956752153108078
2021,51,0.07036644454643648,0.2510979046085517
2021,52,0.5206497602338772,0.36456843391146815
2021,53,3.848060374043009,0.5976438122579355
2021,54,0.33885487269529074,0.31241863624684957
2021,55,0.3097678571877918,0.3166408813303592
2021,56,0.6120896793210817,0.30448463008351173
2021,57,0.8370590361599513,0.28295309459601997
2021,58,0.17651108864005127,0.29635414396038107
2021,59,0.5946146336590571,0.3160362943700418
2021,60,0.2518797416417506,0.44325817120855726
2021,61,0.22088860807471747,0.3926320499361639
2021,62,0.041303160475160146,0.26562191618839853
2021,63,0.07889011938200438,0.2651122189943088
2021,64,0.6341901104736043,0.3547176485817781
2021,65,0.10509512469176727,0.2556594268146455
2021,66,0.23987771272350264,0.2390906111749813
2021,67,0.18437403601188923,0.2297018848682922
2021,68,0.1911034289822531,0.2880064830935677
2021,69,2.657722231251241,1.094968439017066
2021,70,0.3655859910439554,0.317838266729535
2021,71,0.5341320185264637,0.3656590350513333
2021,72,1.2201600830117223,0.5815041767773829
2021,73,0.42235704399061913,0.2955826239741187
2021,74,0.3008129682401157,0.2902084168209507
2021,75,0.539721946741304,0.2793632934600766
2021,76,0.49461500744974723,0.265212380901145
2021,77,0.24192165629980134,0.26369495475634447
2021,78,0.19987629975607887,0.26142647854184836
2021,79,0.2663499771510484,0.28087616904331086
2021,80,0.6094057139383834,0.7684720077484952
2021,81,0.82664192179483,0.8896598936955336
2021,82,0.07117123692249835,0.31590616046333403
2021,83,0.06891995107641984,0.2508284261741548
2021,84,0.1828592019309402,0.275669416657224
2021,85,0.2911895685369807,0.304064784885842
2021,86,0.4067408307183697,0.3047418474068642
2021,87,0.21441789536046407,0.24267618707195468
2021,88,0.20557938000959777,0.3286760063418081
2021,89,0.06433796982551801,0.261561962261281
2021,90,0.04845584693478539,0.2413490380184098
2021,91,0.15426872248984644,0.2370735014344506
2021,92,0.07833115210240843,0.22679632417442186
2021,93,0.2702129530931459,0.25798377722877563
2021,94,0.15379705302370275,0.24453263764500643
2021,95,0.13598198202561765,0.2849972740541216
2021,96,0.28832876418924924,0.28980907937752204
2021,97,0.5248877865889845,0.31639655566327834
2021,98,0.19310612661721077,0.2343291575262019
2021,99,0.42778132065808006,0.23623883826292427
2021,100,0.472578053942314,0.7606404020596437
2021,101,0.955627058412895,0.8957077560171526
2021,102,0.6522836489036153,0.5590375970437375
2021,103,0.10103631567287703,0.24540229008556527
2021,104,0.474561711402565,0.27922084947556264
2021,105,0.1996898223720166,0.2843039210003269
2021,106,0.2936102222927162,0.33027714622282894
2021,107,0.8951978240238367,0.4316585613444624
2021,108,0.2445234775155695,0.2794850827549267
2021,109,0.0933129156301071,0.2425005523194642
2021,110,0.08001808985170315,0.2543419497881523
2021,111,0.0844284991970417,0.2450520715741526
2021,112,0.05671210906144656,0.23704240568020563
2021,113,0.09150970761165118,0.2493636782711107
2021,114,0.152630941305075,0.24684553844735055
2021,115,0.1076608109803359,0.2669623870993112
2021,116,0.10020643325186977,0.2736693762038003
2021,117,0.12788663172573428,0.26875534756803315
2021,118,0.1432435754865057,0.2701876707464391
2021,119,0.1442272101412232,0.2596506171399221
2021,120,0.43185363568885704,0.5305629231636034
2021,121,0.11697658805903127,0.36982958549529665
2021,122,0.04441774548129051,0.2533064448101874
2021,123,0.1594619108069908,0.2615188733782222
2021,124,0.3372795572327406,0.25261825860474396
2021,125,0.3440948411085438,0.2628138785234388
2021,126,0.5962214929985606,0.3291080153804359
2021,127,1.81581719790944,0.5515817212488716
2021,128,0.349059854662251,0.26129155661624526
2021,129,0.07723189473882762,0.22776877555252653
2021,130,0.37221347310632724,0.22680035445577823
2021,131,0.23917272228506045,0.265196742223737
2021,132,0.028936700881443934,0.2694167881353119
2021,133,0.14368316522245755,0.278110938672616
2021,134,0.20861620402823716,0.28478625571002575
2021,135,0.24840159718860635,0.2549718545901645
2021,136,0.4767763011348028,0.2681375320496594
2021,137,0.4511305058450145,0.28376647329959737
2021,138,0.19560097635367474,0.31260674275041056
2021,139,0.19630235442352484,0.27426020991835753
2021,140,0.148934310103971,0.2873390556081716
2021,141,0.043900527720690224,0.24573290210589185
2021,142,0.016506816582028346,0.2621702647869234
2021,143,0.05289962276739534,0.2548963757689942
2021,144,0.4985100730852552,0.26083812612404367
2021,145,0.4355281597334698,0.2786985225855095
2021,146,0.5646941132742299,0.298038592280799
2021,147,0.30739624880425953,0.2304649831204709
2021,148,0.15051354783949122,0.24532212248667915
2021,149,0.1441915794926122,0.28186705591451977
2021,150,0.2759691202634092,0.23686331973651753
2021,151,0.6429821318423962,0.27227424018966356
2021,152,0.09326797334118626,0.2589018940787195
2021,153,0.04233959934702378,0.2612868914393815
2021,154,0.12653398378555564,0.2619273882129051
2021,155,0.47312375839777926,0.2957799161159116
2021,156,0.44156435457057674,0.25374246534859873
2021,157,0.013069637625274686,0.281356416603753
2021,158,0.030189078370979578,0.2885563183877584
2021,159,0.42423370874296773,0.2992986508197231
2021,160,0.5962266109751102,0.30274169429077513
2021,161,0.028539327936689736,0.2646190434470382
2021,162,0.01463084308843231,0.24281823505773506
2021,163,0.04673869467325274,0.24110475395706232
2021,164,0.21199739635204284,0.2495526161892749
2021,165,0.7606894877296405,0.31681493416267836
2021,166,0.2941882008473861,0.26657287017563547
2021,167,0.1731703198438049,0.258916109375355
2021,168,0.44466393662777304,0.39319191800521425
2021,169,0.2121807058928848,0.2563958993618924
2021,170,1.5005230880958114,0.28193193347312345
2021,171,2.309874718091014,0.3642844560698068
2021,172,0.7483594063536143,0.2524060959592711
2021,173,0.6763588476362059,0.2687879460452294
2021,174,0.2299727336104201,0.2703825232600021
2021,175,1.0280452627715153,0.2828032864563668
2021,176,0.8448222005386145,0.33357623089075944
2021,177,0.03487166913331191,0.2789030355888979
2021,178,0.03472122818654792,0.28393833305717797
2021,179,0.16820617412117186,0.2852769384108568
2021,180,0.2769055502245403,0.24782822660303103
2021,181,0.04896403659953395,0.24856933607148526
2021,182,0.04460797612045278,0.2386275232304002
2021,183,0.06007146883778908,0.23912316984055787
2021,184,0.11254756396095723,0.23742118471409204
2021,185,0.8446511694296185,0.4570747224905338
2021,186,0.17442194078363393,0.25034350338643657
2021,187,0.15644095309675296,0.24695901543178503
2021,188,0.6302247707309842,0.25830242834032663
2021,189,1.038507071437279,0.2969438580034796
2021,190,1.5501933071836156,0.25643975655882645
2021,191,0.7342069591529803,0.22982525683798327
2021,192,0.2566650834314043,0.2553252431048494
2021,193,0.44311710765052237,0.2422998139596169
2021,194,0.3359098727456255,0.25645101591188674
2021,195,0.3058286303488813,0.29588798786541304
2021,196,0.34139298800637147,0.2997342720611741
2021,197,0.014688184335780195,0.3737153915347776
2021,198,0.06472135006208193,0.29902376125334856
2021,199,0.2583941547107471,0.2906322593277601
2021,200,0.16924801864513195,0.22844393945684216
2021,201,0.4625928970463943,0.2666375504662778
2021,202,0.09921094550222279,0.23066679522557532
2021,203,0.06681980308554897,0.23516578719554873
2021,204,0.011099307478822642,0.20935711852371058
2021,205,0.03185649777492509,0.22622154077290021
2021,206,0.19340339702300105,0.24915306721085773
2021,207,0.6533752753476146,0.2598581753901142
2021,208,1.417466484478181,0.2894619396599117
2021,209,2.662549828038468,0.3893606412313144
2021,210,1.2671544338957892,0.26440252762061217
2021,211,0.48607357285822317,0.24980088799789865
2021,212,0.0658737561745789,0.26447652810679295
2021,213,0.08263865535635807,0.27470289609944043
2021,214,0.43441050423387084,0.28957381643911173
2021,215,0.08518923877672364,0.3489002963134129
2021,216,0.3612730921017721,0.3613783817246095
2021,217,0.3155547743246239,0.3137969145129004
2021,218,0.5656596028986529,0.41934181061884723
2021,219,0.3069340437994737,0.302118838275772
2021,220,0.0,0.2159704622016001
2021,221,0.0,0.21492053293458319
2021,222,0.0,0.2111062790120409
2021,223,0.0,0.20847456458468128
2021,224,0.0,0.20879793907404182
2021,225,0.0,0.20785205559193395
2021,226,0.14791966901309592,0.2288521473956428
2021,227,0.5199369412653199,0.2695783675652768
2021,228,0.3810280288416151,0.2682491227456225
2021,229,0.5457322565710182,0.27998449084203203
2021,230,0.23604195313534806,0.26012575990117554
2021,231,0.03565787589466461,0.25021290103560456
2021,232,0.02930688955577931,0.3043373819462979
2021,233,0.057106572461851725,0.2982476643824681
2021,234,0.08754190960899982,0.2642158438979356
2021,235,0.026096548649411536,0.3050923218499974
2021,236,0.4078078891281372,0.31898584284148596
2021,237,0.22988874226089365,0.315743306183234
2021,238,0.6602944353749831,0.32449945166592203
2021,239,0.41977333809677436,0.30573975177744805
2021,240,0.0,0.21057320107163702
2021,241,0.0,0.21329278292554144
2021,242,0.0,0.2093055659985036
2021,243,0.0,0.21001725293661327
2021,244,0.0,0.21226254930382435
2021,245,0.0,0.21157439440799491
2021,246,2.01041182619046e-05,0.21132096523961819
2021,247,0.4256796138800713,0.23313683442561497
2021,248,0.43549721201623826,0.2574238718231922
2021,249,0.6233079549803299,0.26651466823552494
2021,250,0.17424466564554753,0.27075075577450086
2021,251,0.08464141334208568,0.24521002723388502
2021,252,0.009353686640018762,0.30443011682400295
2021,253,0.13248435954380494,0.3550450206052005
2021,254,0.08471909481841236,0.26437877347796424
2021,255,0.05119806338449521,0.2961966708645326
2021,256,0.00833686808227599,0.31808269134626216
2021,257,0.2247876053184229,0.3546385394129457
2021,258,0.7874935803552576,0.3654689615980391
2021,259,0.3498851233523812,0.3088782426735133
2021,260,0.0,0.21379207237010342
2021,261,0.0,0.20962536619996633
2021,262,0.0,0.20646787716707757
2021,263,0.0,0.20409159353425524
2021,264,0.0,0.20814254415995376
2021,265,0.0,0.213067698300402
2021,266,0.0,0.2109186982951333
2021,267,0.09665182953359804,0.21610914510274262
2021,268,0.19172572007989008,0.2487335442406652
2021,269,0.42039867744329346,0.2547584729223631
2021,270,0.3184712271229461,0.2683234560618994
2021,271,0.3364117388281179,0.2584551209453628
2021,272,0.02515907161371935,0.26671976143390547
2021,273,0.04977027348893136,0.2692405803172355
2021,274,0.4403269377378953,0.2965470901729011
2021,275,0.04413183046675097,0.28901995067145475
2021,276,0.0452758203823949,0.31437070060999994
2021,277,0.1342414880870506,0.30481130031582304
2021,278,0.444232258087866,0.3829496534653269
2021,279,0.6761029483966928,0.32344744836103306
2021,280,0.0,0.2135958848841809
2021,281,0.0,0.21178373877093107
2021,282,0.0,0.21072163529960924
2021,283,0.0,0.20774307128055183
2021,284,0.0,0.20504148315282533
2021,285,0.0,0.2062992621444462
2021,286,0.0,0.2064712013849709
2021,287,0.0015511719369506976,0.2046448794641777
2021,288,0.5408086814878421,0.26243388012514174
2021,289,1.2662709984410214,0.3134152600284011
2021,290,0.43151066716410497,0.24502470745161434
2021,291,0.49272229475563417,0.2642192699776309
2021,292,0.08268055226380283,0.24855209097889935
2021,293,0.23960018865219743,0.26254986362134486
2021,294,0.6669392849079107,0.28330994109135826
2021,295,0.12701508897718816,0.2659159928296319
2021,296,0.10487300965459782,0.2597373724349529
2021,297,0.30236200783447187,0.3057375941034274
2021,298,5.532389891932928,1.2285655809187987
2021,299,0.6093372175505996,0.3188822008955679
2022,0,0.4758996139849682,0.7581862628732489
2022,1,0.07415635364662733,0.22976319049631935
2022,2,0.00777443477977561,0.21923676095668426
2022,3,0.03509205584560373,0.28818723396428264
2022,4,0.01893561270767532,0.2487384549778958
2022,5,0.01371372399844285,0.23386347545049632
2022,6,0.012848510317325583,0.2886024999391535
2022,7,0.2594399444843429,0.3043181401708824
2022,8,0.03358123765172375,0.2760574609848367
2022,9,0.03711114992517307,0.2716806112186725
2022,10,0.04727596245364916,0.2656554249847174
2022,11,0.047635337446339174,0.22828200369296026
2022,12,0.06782023127160153,0.30099728668555975
2022,13,0.05824515768691783,0.21351587761959767
2022,14,0.4713887527766006,0.5339527949314191
2022,15,0.45387079097460065,0.2547199236458969
2022,16,0.5737081265816685,0.2700482689296054
2022,17,0.9195271574690934,0.2820182566407223
2022,18,0.4826682566922674,0.2977906747464897
2022,19,0.3078104970914741,0.32724404817539665
2022,20,0.1161318959771275,0.3721781532356056
2022,21,0.06455934332442248,0.34953303520438217
2022,22,0.05097987399217912,0.2666412399727449
2022,23,0.027905443314018133,0.2493051837168122
2022,24,0.03868632655673516,0.24821717655818787
2022,25,0.018897477399818265,0.22798230607660402
2022,26,0.05582931017560553,0.3112535685106324
2022,27,0.19391852393011932,0.25276527324245207
2022,28,0.2874167142733858,0.2555670830687899
2022,29,0.09968829376521175,0.2413499450522722
2022,30,0.03833204135033557,0.2637321621609125
2022,31,0.02865201923176243,0.22720972661993707
2022,32,0.17228292335090853,0.331064264181659
2022,33,0.49575446891151825,0.2558574290179205
2022,34,1.2226864949791967,0.4337117692423443
2022,35,0.27363626434737204,0.3465358350524958
2022,36,0.9350190278684841,0.27588434187452665
2022,37,0.8391420113910218,0.31421465677126076
2022,38,0.3276990961390523,0.34903256195543575
2022,39,0.4447492467469015,0.3339940872231045
2022,40,0.09594732706179403,0.3623319438669199
2022,41,0.09497232411180502,0.34837593822252844
2022,42,0.0877668468774512,0.30559371799276197
2022,43,0.2101904299457518,0.4197139082857038
2022,44,0.1463969949502532,0.2877403616750639
2022,45,0.10394651798991153,0.2270203517832986
2022,46,0.08572380879042396,0.2457712681837299
2022,47,0.17045538221428944,0.2714888596105587
2022,48,0.33840443111759194,0.26704645290803164
2022,49,0.3141011918988984,0.2979920798727579
2022,50,0.12363228209874554,0.24543613897856284
2022,51,0.07036644454643648,0.24880149750030173
2022,52,0.5206497602338772,0.3530656171299054
2022,53,3.848060374043009,0.5604981672981179
2022,54,0.33885487269529074,0.33591816664833724
2022,55,0.3097678571877918,0.23751534435988303
2022,56,0.6120896793210817,0.2638112286587349
2022,57,0.8370590361599513,0.27579268993804995
2022,58,0.17651108864005127,0.2612222643473297
2022,59,0.5946146336590571,0.267859255301866
2022,60,0.2518797416417506,0.43135762546063233
2022,61,0.22088860807471747,0.3849634063403854
2022,62,0.041303160475160146,0.2514693117615194
2022,63,0.07889011938200438,0.25126431614439215
2022,64,0.6341901104736043,0.3552784893612603
2022,65,0.10509512469176727,0.2512428460700355
2022,66,0.23987771272350264,0.24651102651279164
2022,67,0.18437403601188923,0.2558853185981836
2022,68,0.1911034289822531,0.32210237292556854
2022,69,2.657722231251241,1.1910017635591723
2022,70,0.3655859910439554,0.34060371237081927
2022,71,0.5341320185264637,0.37024932135737604
2022,72,1.2201600830117223,0.5602636355988297
2022,73,0.42235704399061913,0.2708457024704094
2022,74,0.3008129682401157,0.259373445693546
2022,75,0.539721946741304,0.23017599939547176
2022,76,0.49461500744974723,0.2521971471961641
2022,77,0.24192165629980134,0.24594629403126148
2022,78,0.19987629975607887,0.2252977839672521
2022,79,0.2663499771510484,0.23579344861247878
2022,80,0.6094057139383834,0.7402853027886962
2022,81,0.82664192179483,0.8800073120460643
2022,82,0.07117123692249835,0.30372959477410433
2022,83,0.06891995107641984,0.23552126816316618
2022,84,0.1828592019309402,0.2670585055211882
2022,85,0.2911895685369807,0.3127890409551578
2022,86,0.4067408307183697,0.31063912292718976
2022,87,0.21441789536046407,0.2662750342253873
2022,88,0.20557938000959777,0.3761313422995312
2022,89,0.06433796982551801,0.2778717053283269
2022,90,0.04845584693478539,0.2771632789942799
2022,91,0.15426872248984644,0.2598710653195514
2022,92,0.07833115210240843,0.23498882759039286
2022,93,0.2702129530931459,0.20807695779390334
2022,94,0.15379705302370275,0.24004616160693662
2022,95,0.13598198202561765,0.2630483963217634
2022,96,0.28832876418924924,0.2358907773821579
2022,97,0.5248877865889845,0.2746836507700847
2022,98,0.19310612661721077,0.20714273079221204
2022,99,0.42778132065808006,0.2293629333471999
2022,100,0.472578053942314,0.7339658096676385
2022,101,0.955627058412895,0.8806373390287137
2022,102,0.6522836489036153,0.5422777614179602
2022,103,0.10103631567287703,0.23525357147836443
2022,104,0.474561711402565,0.2764777466451513
2022,105,0.1996898223720166,0.2742561092087474
2022,106,0.2936102222927162,0.3378668412048174
2022,107,0.8951978240238367,0.4860782877456306
2022,108,0.2445234775155695,0.3189491032464719
2022,109,0.0933129156301071,0.29138640208683464
2022,110,0.08001808985170315,0.2707224009903222
2022,111,0.0844284991970417,0.274733571906816
2022,112,0.05671210906144656,0.23269949829991834
2022,113,0.09150970761165118,0.224501796341061
2022,114,0.152630941305075,0.24447108992294755
2022,115,0.1076608109803359,0.26123844451440836
2022,116,0.10020643325186977,0.2510228778712731
2022,117,0.12788663172573428,0.24513059686829047
2022,118,0.1432435754865057,0.2552143560781835
2022,119,0.1442272101412232,0.2541906987490773
2022,120,0.43185363568885704,0.4831217437993206
2022,121,0.11697658805903127,0.37559885047273633
2022,122,0.04441774548129051,0.27627717125047785
2022,123,0.1594619108069908,0.2683264515675941
2022,124,0.3372795572327406,0.2452386065900727
2022,125,0.3440948411085438,0.2548591300335584
2022,126,0.5962214929985606,0.3349924550598951
2022,127,1.81581719790944,0.6409942944527021
2022,128,0.349059854662251,0.28887614547783697
2022,129,0.07723189473882762,0.26322612396704154
2022,130,0.37221347310632724,0.2550503422256743
2022,131,0.23917272228506045,0.26989974416485113
2022,132,0.028936700881443934,0.2832252546453366
2022,133,0.14368316522245755,0.26368375724501497
2022,134,0.20861620402823716,0.263283146654749
2022,135,0.24840159718860635,0.23185229775511307
2022,136,0.4767763011348028,0.2585755309676751
2022,137,0.4511305058450145,0.2638459558800863
2022,138,0.19560097635367474,0.29522237219800634
2022,139,0.19630235442352484,0.26490731316215543
2022,140,0.148934310103971,0.2628568149413528
2022,141,0.043900527720690224,0.25137921860159873
2022,142,0.016506816582028346,0.3069516335373154
2022,143,0.05289962276739534,0.2592675893143274
2022,144,0.4985100730852552,0.2578047014920355
2022,145,0.4355281597334698,0.273694924168621
2022,146,0.5646941132742299,0.31470821567182083
2022,147,0.30739624880425953,0.2535800611815187
2022,148,0.15051354783949122,0.26188286166974395
2022,149,0.1441915794926122,0.31204801074703253
2022,150,0.2759691202634092,0.2780473147562475
2022,151,0.6429821318423962,0.29411247465229606
2022,152,0.09326797334118626,0.2580275244008425
2022,153,0.04233959934702378,0.2556200468304819
2022,154,0.12653398378555564,0.22957412843100802
2022,155,0.47312375839777926,0.2672882258759921
2022,156,0.44156435457057674,0.23046385649799958
2022,157,0.013069637625274686,0.2636363516338885
2022,158,0.030189078370979578,0.2622854512209607
2022,159,0.42423370874296773,0.28557452175911907
2022,160,0.5962266109751102,0.3082874165364409
2022,161,0.028539327936689736,0.2493663698754716
2022,162,0.01463084308843231,0.2639310365046579
2022,163,0.04673869467325274,0.24439343582018863
2022,164,0.21199739635204284,0.25085543101126995
2022,165,0.7606894877296405,0.3237443932861597
2022,166,0.2941882008473861,0.2822978114908727
2022,167,0.1731703198438049,0.28441068023225746
2022,168,0.44466393662777304,0.443031374568545
2022,169,0.2121807058928848,0.3072129770953431
2022,170,1.5005230880958114,0.3151920234352987
2022,171,2.309874718091014,0.411403154533875
2022,172,0.7483594063536143,0.2601896522191894
2022,173,0.6763588476362059,0.2690392118109804
2022,174,0.2299727336104201,0.23628424927284736
2022,175,1.0280452627715153,0.26121950518569126
2022,176,0.8448222005386145,0.32570293133899536
2022,177,0.03487166913331191,0.2751678866699409
2022,178,0.03472122818654792,0.2662326379807525
2022,179,0.16820617412117186,0.256859315707374
2022,180,0.2769055502245403,0.25405068161570615
2022,181,0.04896403659953395,0.2519509360442637
2022,182,0.04460797612045278,0.2488100810540844
2022,183,0.06007146883778908,0.31411013972597784
2022,184,0.11254756396095723,0.23609918799745636
2022,185,0.8446511694296185,0.4736564844116949
2022,186,0.17442194078363393,0.2536038329422169
2022,187,0.15644095309675296,0.25966884505169446
2022,188,0.6302247707309842,0.2743895603943425
2022,189,1.038507071437279,0.3287351725763023
2022,190,1.5501933071836156,0.2877915277170979
2022,191,0.7342069591529803,0.24064896487331228
2022,192,0.2566650834314043,0.22219538384459878
2022,193,0.44311710765052237,0.21725743921471313
2022,194,0.3359098727456255,0.2155937675070888
2022,195,0.3058286303488813,0.26207475647399975
2022,196,0.34139298800637147,0.2932426548890121
2022,197,0.014688184335780195,0.2958817067308516
2022,198,0.06472135006208193,0.2741032664896454
2022,199,0.2583941547107471,0.27918624120234914
2022,200,0.16924801864513195,0.23575122445874241
2022,201,0.4625928970463943,0.2761767273550453
2022,202,0.09921094550222279,0.23763320132040167
2022,203,0.06681980308554897,0.27029324593187287
2022,204,0.011099307478822642,0.20936664557080042
2022,205,0.03185649777492509,0.22822653947187613
2022,206,0.19340339702300105,0.2451346654085444
2022,207,0.6533752753476146,0.27181809210886115
2022,208,1.417466484478181,0.2884173372781419
2022,209,2.662549828038468,0.39747138433565965
2022,210,1.2671544338957892,0.28196477421203
2022,211,0.48607357285822317,0.2703645795910931
2022,212,0.0658737561745789,0.2557956603433371
2022,213,0.08263865535635807,0.2519779781670898
2022,214,0.43441050423387084,0.2681830998886912
2022,215,0.08518923877672364,0.2548903225932257
2022,216,0.3612730921017721,0.3143072657321654
2022,217,0.3155547743246239,0.31017748355952607
2022,218,0.5656596028986529,0.4609918314614493
2022,219,0.3069340437994737,0.2978814744256066
2022,220,0.0,0.2199941589541735
2022,221,0.0,0.21377228800469728
2022,222,0.0,0.21247894326798272
2022,223,0.0,0.20951549278055678
2022,224,0.0,0.20540889064612797
2022,225,0.0,0.20448711348634843
2022,226,0.14791966901309592,0.23040510512978019
2022,227,0.5199369412653199,0.2752756685027434
2022,228,0.3810280288416151,0.28207719983409457
2022,229,0.5457322565710182,0.2910673123934132
2022,230,0.23604195313534806,0.27814288293955475
2022,231,0.03565787589466461,0.2681407290725108
2022,232,0.02930688955577931,0.31079783817488293
2022,233,0.057106572461851725,0.2544285413777117
2022,234,0.08754190960899982,0.25770305440573027
2022,235,0.026096548649411536,0.26152529803584085
2022,236,0.4078078891281372,0.2939385953853216
2022,237,0.22988874226089365,0.29916948163741064
2022,238,0.6602944353749831,0.324027530628524
2022,239,0.41977333809677436,0.31046136616933395
2022,240,0.0,0.21663698662370295
2022,241,0.0,0.21568583294487498
2022,242,0.0,0.20742701342556114
2022,243,0.0,0.20484164860104562
2022,244,0.0,0.20166650347824205
2022,245,0.0,0.2035868106286687
2022,246,2.01041182619046e-05,0.20855971878966237
2022,247,0.4256796138800713,0.23847004547707584
2022,248,0.43549721201623826,0.2727216299099002
2022,249,0.6233079549803299,0.29296050787852085
2022,250,0.17424466564554753,0.2961929772496019
2022,251,0.08464141334208568,0.27414256676038673
2022,252,0.009353686640018762,0.2993489652628283
2022,253,0.13248435954380494,0.3136117944538832
2022,254,0.08471909481841236,0.268064366203589
2022,255,0.05119806338449521,0.2812537083863782
2022,256,0.00833686808227599,0.2996380827051216
2022,257,0.2247876053184229,0.3579132645744821
2022,258,0.7874935803552576,0.3779558114563717
2022,259,0.3498851233523812,0.3354223370054833
2022,260,0.0,0.2130525036560395
2022,261,0.0,0.20984636328035822
2022,262,0.0,0.2045975751789751
2022,263,0.0,0.20279057853726057
2022,264,0.0,0.20069474112562866
2022,265,0.0,0.20475645473834764
2022,266,0.0,0.20891556736621109
2022,267,0.09665182953359804,0.22151282561908076
2022,268,0.19172572007989008,0.2617564502072316
2022,269,0.42039867744329346,0.28369970368497793
2022,270,0.3184712271229461,0.2880876371939866
2022,271,0.3364117388281179,0.27957466144697396
2022,272,0.02515907161371935,0.28281063388502414
2022,273,0.04977027348893136,0.279991856047371
2022,274,0.4403269377378953,0.2879826610645512
2022,275,0.04413183046675097,0.2788735618194868
2022,276,0.0452758203823949,0.307473399451704
2022,277,0.1342414880870506,0.3015054366397191
2022,278,0.444232258087866,0.42029486063764426
2022,279,0.6761029483966928,0.34698852661349366
2022,280,0.0,0.21272166742069434
2022,281,0.0,0.20824717136862778
2022,282,0.0,0.20170635215344077
2022,283,0.0,0.20143204569299536
2022,284,0.0,0.2017638349694741
2022,285,0.0,0.20401194315144391
2022,286,0.0,0.20604593672291585
2022,287,0.0015511719369506976,0.20926641998033188
2022,288,0.5408086814878421,0.2728959505122516
2022,289,1.2662709984410214,0.3521989763323825
2022,290,0.43151066716410497,0.2793833076881389
2022,291,0.49272229475563417,0.2982196909963932
2022,292,0.08268055226380283,0.2765162872554557
2022,293,0.23960018865219743,0.278482943936929
2022,294,0.6669392849079107,0.2940812329572402
2022,295,0.12701508897718816,0.26096083827452776
2022,296,0.10487300965459782,0.2595436452171279
2022,297,0.30236200783447187,0.3326930532839331
2022,298,5.532389891932928,1.3600149741786192
2022,299,0.6093372175505996,0.3477916211547245
2023,0,0.4758996139849682,0.8757524806439546
2023,1,0.07415635364662733,0.30182613551674303
2023,2,0.00777443477977561,0.4571806215252001
2023,3,0.03509205584560373,0.3594501407451503
2023,4,0.01893561270767532,0.2894476940755531
2023,5,0.01371372399844285,0.3629372552043803
2023,6,0.012848510317325583,0.36072089458329554
2023,7,0.2594399444843429,0.38876609388881056
2023,8,0.03358123765172375,0.310969371815067
2023,9,0.03711114992517307,0.3157259174631546
2023,10,0.04727596245364916,0.29882416524180083
2023,11,0.047635337446339174,0.2801190279561063
2023,12,0.06782023127160153,0.35294690150231167
2023,13,0.05824515768691783,0.262098381133409
2023,14,0.4713887527766006,0.5932965430367044
2023,15,0.45387079097460065,0.28600081295047813
2023,16,0.5737081265816685,0.30399645569072214
2023,17,0.9195271574690934,0.33617215999554045
2023,18,0.4826682566922674,0.43736583111887894
2023,19,0.3078104970914741,0.3984760476731732
2023,20,0.1161318959771275,0.4686939105227585
2023,21,0.06455934332442248,0.3424128514019308
2023,22,0.05097987399217912,0.3207818499191545
2023,23,0.027905443314018133,0.287373134776803
2023,24,0.03868632655673516,0.2951960070009438
2023,25,0.018897477399818265,0.2760707108465667
2023,26,0.05582931017560553,0.41373946665631384
2023,27,0.19391852393011932,0.30955816988053514
2023,28,0.2874167142733858,0.32056302099922396
2023,29,0.09968829376521175,0.2841318799538224
2023,30,0.03833204135033557,0.3542163177777006
2023,31,0.02865201923176243,0.2762612425223355
2023,32,0.17228292335090853,0.37979191239172777
2023,33,0.49575446891151825,0.29843316596439956
2023,34,1.2226864949791967,0.46273829743593464
2023,35,0.27363626434737204,0.32726528650213926
2023,36,0.9350190278684841,0.2914720101520068
2023,37,0.8391420113910218,0.3152910590245404
2023,38,0.3276990961390523,0.3368727867767067
2023,39,0.4447492467469015,0.3363391268902172
2023,40,0.09594732706179403,0.4825693338131648
2023,41,0.09497232411180502,0.3886143744833585
2023,42,0.0877668468774512,0.36930307631594544
2023,43,0.2101904299457518,0.4762200101132938
2023,44,0.1463969949502532,0.3337782848542479
2023,45,0.10394651798991153,0.27493133409698234
2023,46,0.08572380879042396,0.2790049896303005
2023,47,0.17045538221428944,0.308847214708715
2023,48,0.33840443111759194,0.33108516316016534
2023,49,0.3141011918988984,0.3760849848868582
2023,50,0.12363228209874554,0.2887185605980737
2023,51,0.07036644454643648,0.29402243489469554
2023,52,0.5206497602338772,0.39855561026011244
2023,53,3.848060374043009,0.6394112078590395
2023,54,0.33885487269529074,0.2961476352789668
2023,55,0.3097678571877918,0.2537227926487531
2023,56,0.6120896793210817,0.2884910032074679
2023,57,0.8370590361599513,0.2913165270205198
2023,58,0.17651108864005127,0.305747292877536
2023,59,0.5946146336590571,0.3343137100055143
2023,60,0.2518797416417506,0.5022387444929238
2023,61,0.22088860807471747,0.4296751477857611
2023,62,0.041303160475160146,0.29327018160084994
2023,63,0.07889011938200438,0.2882109185011334
2023,64,0.6341901104736043,0.4311027034656839
2023,65,0.10509512469176727,0.2863155139119753
2023,66,0.23987771272350264,0.2757690945179683
2023,67,0.18437403601188923,0.2813795849611763
2023,68,0.1911034289822531,0.3750498200777312
2023,69,2.657722231251241,1.4034519025510033
2023,70,0.3655859910439554,0.3845369078289933
2023,71,0.5341320185264637,0.44078668596360965
2023,72,1.2201600830117223,0.6350456064682305
2023,73,0.42235704399061913,0.3070317031862482
2023,74,0.3008129682401157,0.29171679217707003
2023,75,0.539721946741304,0.2626197618980046
2023,76,0.49461500744974723,0.2636155191166316
2023,77,0.24192165629980134,0.28306259570953396
2023,78,0.19987629975607887,0.2769483493156366
2023,79,0.2663499771510484,0.29607359569817737
2023,80,0.6094057139383834,0.7511700787021527
2023,81,0.82664192179483,0.9012984785985007
2023,82,0.07117123692249835,0.34704565417982336
2023,83,0.06891995107641984,0.27289239146382854
2023,84,0.1828592019309402,0.30968959520616884
2023,85,0.2911895685369807,0.3590318177493225
2023,86,0.4067408307183697,0.36195947018672037
2023,87,0.21441789536046407,0.3165486412052204
2023,88,0.20557938000959777,0.41694864249653585
2023,89,0.06433796982551801,0.2859873590869645
2023,90,0.04845584693478539,0.2908885556031191
2023,91,0.15426872248984644,0.27933711669650957
2023,92,0.07833115210240843,0.25530795179977184
2023,93,0.2702129530931459,0.258515218223705
2023,94,0.15379705302370275,0.27411356831322525
2023,95,0.13598198202561765,0.28906473769896296
2023,96,0.28832876418924924,0.29489185083882047
2023,97,0.5248877865889845,0.32050731319718495
2023,98,0.19310612661721077,0.2704407194188381
2023,99,0.42778132065808006,0.2856511975387271
2023,100,0.472578053942314,0.7971935093379524
2023,101,0.955627058412895,0.9603655388246805
2023,102,0.6522836489036153,0.5915982048594609
2023,103,0.10103631567287703,0.27489272666790726
2023,104,0.474561711402565,0.3185724197624197
2023,105,0.1996898223720166,0.33412288109775573
2023,106,0.2936102222927162,0.4085722527389173
2023,107,0.8951978240238367,0.5843415158644858
2023,108,0.2445234775155695,0.3751697090940969
2023,109,0.0933129156301071,0.3087039907404194
2023,110,0.08001808985170315,0.30487716086222727
2023,111,0.0844284991970417,0.2950170449258446
2023,112,0.05671210906144656,0.25071060760922365
2023,113,0.09150970761165118,0.2574452583260868
2023,114,0.152630941305075,0.27286406635078486
2023,115,0.1076608109803359,0.29526063432786287
2023,116,0.10020643325186977,0.28797729046228226
2023,117,0.12788663172573428,0.2856954646326845
2023,118,0.1432435754865057,0.30914964861715427
2023,119,0.1442272101412232,0.31125141337061263
2023,120,0.43185363568885704,0.557349507207275
2023,121,0.11697658805903127,0.44142809072372097
2023,122,0.04441774548129051,0.2980720664546179
2023,123,0.1594619108069908,0.3089876945135083
2023,124,0.3372795572327406,0.29322975424898223
2023,125,0.3440948411085438,0.30701792550248547
2023,126,0.5962214929985606,0.43438011208470384
2023,127,1.81581719790944,0.7530733459469804
2023,128,0.349059854662251,0.3276492016161441
2023,129,0.07723189473882762,0.2926754477070002
2023,130,0.37221347310632724,0.29428065340726994
2023,131,0.23917272228506045,0.31135632767267307
2023,132,0.028936700881443934,0.292049414224246
2023,133,0.14368316522245755,0.290577603293971
2023,134,0.20861620402823716,0.30147722427002593
2023,135,0.24840159718860635,0.2815418157072444
2023,136,0.4767763011348028,0.30320339620110376
2023,137,0.4511305058450145,0.31330514759578804
2023,138,0.19560097635367474,0.3270163798741946
2023,139,0.19630235442352484,0.3260868756045309
2023,140,0.148934310103971,0.3210820117551288
2023,141,0.043900527720690224,0.3272570900031521
2023,142,0.016506816582028346,0.31141095169433236
2023,143,0.05289962276739534,0.30257586849863694
2023,144,0.4985100730852552,0.29796277966098356
2023,145,0.4355281597334698,0.31843147882544165
2023,146,0.5646941132742299,0.3702414271194519
2023,147,0.30739624880425953,0.269179325347885
2023,148,0.15051354783949122,0.3028187619609331
2023,149,0.1441915794926122,0.3341421580615148
2023,150,0.2759691202634092,0.28204969990316586
2023,151,0.6429821318423962,0.31261252132730855
2023,152,0.09326797334118626,0.2804163013128264
2023,153,0.04233959934702378,0.2874705615258636
2023,154,0.12653398378555564,0.2862379903857457
2023,155,0.47312375839777926,0.3346586161699332
2023,156,0.44156435457057674,0.29442864447483263
2023,157,0.013069637625274686,0.3127270699760323
2023,158,0.030189078370979578,0.3253423444286787
2023,159,0.42423370874296773,0.3394401650936442
2023,160,0.5962266109751102,0.34486974715289587
2023,161,0.028539327936689736,0.29522729366994843
2023,162,0.01463084308843231,0.2875529840652862
2023,163,0.04673869467325274,0.28793144540685633
2023,164,0.21199739635204284,0.29461571408101633
2023,165,0.7606894877296405,0.377305742997022
2023,166,0.2941882008473861,0.310028060308132
2023,167,0.1731703198438049,0.31898229552003876
2023,168,0.44466393662777304,0.4738238729458939
2023,169,0.2121807058928848,0.3132436250437218
2023,170,1.5005230880958114,0.31905928568670494
2023,171,2.309874718091014,0.4227885141582208
2023,172,0.7483594063536143,0.2968213961072181
2023,173,0.6763588476362059,0.3033778286853034
2023,174,0.2299727336104201,0.28039608414806994
2023,175,1.0280452627715153,0.3232943627560606
2023,176,0.8448222005386145,0.4144500501701359
2023,177,0.03487166913331191,0.3093711470343749
2023,178,0.03472122818654792,0.31873378186220575
2023,179,0.16820617412117186,0.30602542389782816
2023,180,0.2769055502245403,0.2845824869468711
2023,181,0.04896403659953395,0.28549211879623493
2023,182,0.04460797612045278,0.27984760921140195
2023,183,0.06007146883778908,0.280283782492754
2023,184,0.11254756396095723,0.2748455995914741
2023,185,0.8446511694296185,0.5216531744425696
2023,186,0.17442194078363393,0.3083571935432567
2023,187,0.15644095309675296,0.2962488438890045
2023,188,0.6302247707309842,0.3089995859123759
2023,189,1.038507071437279,0.34901208858630683
2023,190,1.5501933071836156,0.2938320186209217
2023,191,0.7342069591529803,0.2711073362039612
2023,192,0.2566650834314043,0.28407009527166144
2023,193,0.44311710765052237,0.28505341998675626
2023,194,0.3359098727456255,0.2744709372949706
2023,195,0.3058286303488813,0.3203856798229496
2023,196,0.34139298800637147,0.3521138010972286
2023,197,0.014688184335780195,0.34058053448716336
2023,198,0.06472135006208193,0.3324781774022416
2023,199,0.2583941547107471,0.3293724094234403
2023,200,0.16924801864513195,0.27118820583056163
2023,201,0.4625928970463943,0.3203338426691251
2023,202,0.09921094550222279,0.27450711358063923
2023,203,0.06681980308554897,0.3361084775125017
2023,204,0.011099307478822642,0.25099634809909427
2023,205,0.03185649777492509,0.27821742030977037
2023,206,0.19340339702300105,0.2952955254278248
2023,207,0.6533752753476146,0.30534322231507405
2023,208,1.417466484478181,0.32658758115848646
2023,209,2.662549828038468,0.4397074146198885
2023,210,1.2671544338957892,0.2875128987514036
2023,211,0.48607357285822317,0.2949211007124548
2023,212,0.0658737561745789,0.29990749935769884
2023,213,0.08263865535635807,0.3111965587223782
2023,214,0.43441050423387084,0.322860447771269
2023,215,0.08518923877672364,0.3095314822332596
2023,216,0.3612730921017721,0.35795562422290655
2023,217,0.3155547743246239,0.3503181658982621
2023,218,0.5656596028986529,0.5806462110273503
2023,219,0.3069340437994737,0.3388930954952461
2023,220,0.0,0.25513170522791084
2023,221,0.0,0.252439373309574
2023,222,0.0,0.24738354997783688
2023,223,0.0,0.24751324759903248
2023,224,0.0,0.24956060025536
2023,225,0.0,0.25238550174018165
2023,226,0.14791966901309592,0.272609621451536
2023,227,0.5199369412653199,0.31142071045752295
2023,228,0.3810280288416151,0.32829934584629167
2023,229,0.5457322565710182,0.3160447601129779
2023,230,0.23604195313534806,0.2943643812842589
2023,231,0.03565787589466461,0.27663382284630184
2023,232,0.02930688955577931,0.3055164770075802
2023,233,0.057106572461851725,0.33642802287732926
2023,234,0.08754190960899982,0.28096945150144165
2023,235,0.026096548649411536,0.2995725217169218
2023,236,0.4078078891281372,0.33978954496857205
2023,237,0.22988874226089365,0.3339800067051659
2023,238,0.6602944353749831,0.3752212540866974
2023,239,0.41977333809677436,0.3489817071733026
2023,240,0.0,0.2573204483898856
2023,241,0.0,0.25519424782775907
2023,242,0.0,0.247442679988281
2023,243,0.0,0.24649437819803777
2023,244,0.0,0.2460932531518633
2023,245,0.0,0.24675053657749624
2023,246,2.01041182619046e-05,0.244835968798538
2023,247,0.4256796138800713,0.2721282535514345
2023,248,0.43549721201623826,0.3079993266161237
2023,249,0.6233079549803299,0.319544635162092
2023,250,0.17424466564554753,0.3134816544588887
2023,251,0.08464141334208568,0.2808796391595862
2023,252,0.009353686640018762,0.3325343133613441
2023,253,0.13248435954380494,0.3410331785880099
2023,254,0.08471909481841236,0.28689911776850857
2023,255,0.05119806338449521,0.31881344216034135
2023,256,0.00833686808227599,0.3370461314759935
2023,257,0.2247876053184229,0.3880747612824972
2023,258,0.7874935803552576,0.42763527612609825
2023,259,0.3498851233523812,0.3550011730220712
2023,260,0.0,0.2596629395920457
2023,261,0.0,0.2584535631683391
2023,262,0.0,0.25018657954099
2023,263,0.0,0.24855114680226362
2023,264,0.0,0.24529705949737063
2023,265,0.0,0.24817546904202842
2023,266,0.0,0.24499971508744905
2023,267,0.09665182953359804,0.2569571250750229
2023,268,0.19172572007989008,0.28661479066832946
2023,269,0.42039867744329346,0.3064674704521515
2023,270,0.3184712271229461,0.30691698459049854
2023,271,0.3364117388281179,0.3086601899212474
2023,272,0.02515907161371935,0.3113713966619518
2023,273,0.04977027348893136,0.3196819664570212
2023,274,0.4403269377378953,0.3227883092203506
2023,275,0.04413183046675097,0.30904462855723464
2023,276,0.0452758203823949,0.32215912002988234
2023,277,0.1342414880870506,0.3324757228166318
2023,278,0.444232258087866,0.4765864215637324
2023,279,0.6761029483966928,0.37630811717867707
2023,280,0.0,0.2595302803632691
2023,281,0.0,0.25993648089303856
2023,282,0.0,0.25222474989449445
2023,283,0.0,0.2505437118059418
2023,284,0.0,0.24655413785959399
2023,285,0.0,0.2502380468011811
2023,286,0.0,0.2494440473996163
2023,287,0.0015511719369506976,0.25372854798159994
2023,288,0.5408086814878421,0.31972725667543284
2023,289,1.2662709984410214,0.39359595208909903
2023,290,0.43151066716410497,0.29759872932476567
2023,291,0.49272229475563417,0.3221310454860922
2023,292,0.08268055226380283,0.2947248963110319
2023,293,0.23960018865219743,0.3013083158014416
2023,294,0.6669392849079107,0.3184321854134033
2023,295,0.12701508897718816,0.2924478539351793
2023,296,0.10487300965459782,0.296152169616561
2023,297,0.30236200783447187,0.3768234110140596
2023,298,5.532389891932928,1.6338013902951487
2023,299,0.6093372175505996,0.3942908888018973
2024,0,0.4758996139849682,0.9458436577126237
2024,1,0.07415635364662733,0.32330568602542187
2024,2,0.00777443477977561,0.31935462591825203
2024,3,0.03509205584560373,0.3503645303435805
2024,4,0.01893561270767532,0.29507993138822397
2024,5,0.01371372399844285,0.2774784074935797
2024,6,0.012848510317325583,0.2860388730684802
2024,7,0.2594399444843429,0.3786155340664385
2024,8,0.03358123765172375,0.3315183034489451
2024,9,0.03711114992517307,0.3386801371628928
2024,10,0.04727596245364916,0.3399442138162121
2024,11,0.047635337446339174,0.31450489438291845
2024,12,0.06782023127160153,0.415081321286163
2024,13,0.05824515768691783,0.3063778324345903
2024,14,0.4713887527766006,0.7400364910626538
2024,15,0.45387079097460065,0.361098969006193
2024,16,0.5737081265816685,0.39269195629872283
2024,17,0.9195271574690934,0.36955543292340604
2024,18,0.4826682566922674,0.439267139928688
2024,19,0.3078104970914741,0.47315717273873675
2024,20,0.1161318959771275,0.42858288319593757
2024,21,0.06455934332442248,0.32862445646469823
2024,22,0.05097987399217912,0.3231179441150873
2024,23,0.027905443314018133,0.2708812272896828
2024,24,0.03868632655673516,0.2929179831221302
2024,25,0.018897477399818265,0.28156993208503117
2024,26,0.05582931017560553,0.4671002419878784
2024,27,0.19391852393011932,0.2917275085660769
2024,28,0.2874167142733858,0.31564396829679187
2024,29,0.09968829376521175,0.32664839835226694
2024,30,0.03833204135033557,0.3674066329694441
2024,31,0.02865201923176243,0.29829564481430454
2024,32,0.17228292335090853,0.41883992502087797
2024,33,0.49575446891151825,0.37065829599783834
2024,34,1.2226864949791967,0.6014797560826234
2024,35,0.27363626434737204,0.42293672711009084
2024,36,0.9350190278684841,0.3846556437733037
2024,37,0.8391420113910218,0.3503191801910412
2024,38,0.3276990961390523,0.366311898180814
2024,39,0.4447492467469015,0.4365471759880748
2024,40,0.09594732706179403,0.46008313102841464
2024,41,0.09497232411180502,0.41001353888855274
2024,42,0.0877668468774512,0.36856825494157247
2024,43,0.2101904299457518,0.48213288970616147
2024,44,0.1463969949502532,0.347578841533217
2024,45,0.10394651798991153,0.27219983756592164
2024,46,0.08572380879042396,0.28237099351927236
2024,47,0.17045538221428944,0.3051258996260046
2024,48,0.33840443111759194,0.3192861813323113
2024,49,0.3141011918988984,0.4148065513051639
2024,50,0.12363228209874554,0.3380429958355061
2024,51,0.07036644454643648,0.3325728832895358
2024,52,0.5206497602338772,0.45622364833873696
2024,53,3.848060374043009,0.7621725804142002
2024,54,0.33885487269529074,0.38303568782463837
2024,55,0.3097678571877918,0.32048246338927405
2024,56,0.6120896793210817,0.3621809929097377
2024,57,0.8370590361599513,0.3402682261042054
2024,58,0.17651108864005127,0.344401896413541
2024,59,0.5946146336590571,0.36823586119050866
2024,60,0.2518797416417506,0.532757383193957
2024,61,0.22088860807471747,0.4713436902973452
2024,62,0.041303160475160146,0.30281377875566434
2024,63,0.07889011938200438,0.29628316284996314
2024,64,0.6341901104736043,0.44289385486259203
2024,65,0.10509512469176727,0.2868824104182638
2024,66,0.23987771272350264,0.27570873415418906
2024,67,0.18437403601188923,0.2817062814027788
2024,68,0.1911034289822531,0.35520559896341325
2024,69,2.657722231251241,1.2525603379114145
2024,70,0.3655859910439554,0.4049430585298562
2024,71,0.5341320185264637,0.45393535701385995
2024,72,1.2201600830117223,0.6380555362661259
2024,73,0.42235704399061913,0.3793467967977306
2024,74,0.3008129682401157,0.32214487070966824
2024,75,0.539721946741304,0.2998420384936209
2024,76,0.49461500744974723,0.3102902598116096
2024,77,0.24192165629980134,0.3313642699170508
2024,78,0.19987629975607887,0.33164351420236726
2024,79,0.2663499771510484,0.33887061167161686
2024,80,0.6094057139383834,0.9037327970884974
2024,81,0.82664192179483,1.0491456661559189
2024,82,0.07117123692249835,0.36826127079950355
2024,83,0.06891995107641984,0.2866941101761011
2024,84,0.1828592019309402,0.3164856495673167
2024,85,0.2911895685369807,0.3555449601753075
2024,86,0.4067408307183697,0.3656002323377681
2024,87,0.21441789536046407,0.2948225699214845
2024,88,0.20557938000959777,0.39287047268080905
2024,89,0.06433796982551801,0.31796813333124696
2024,90,0.04845584693478539,0.31563584987333354
2024,91,0.15426872248984644,0.3141349589500184
2024,92,0.07833115210240843,0.2975078708093652
2024,93,0.2702129530931459,0.28800540183200574
2024,94,0.15379705302370275,0.2901255767462464
2024,95,0.13598198202561765,0.3122617048387105
2024,96,0.28832876418924924,0.3172382351149356
2024,97,0.5248877865889845,0.3674066979531208
2024,98,0.19310612661721077,0.33198778607265506
2024,99,0.42778132065808006,0.3258685976203913
2024,100,0.472578053942314,1.0009828351597352
2024,101,0.955627058412895,1.1551212917327816
2024,102,0.6522836489036153,0.6808054380939096
2024,103,0.10103631567287703,0.29040152332011865
2024,104,0.474561711402565,0.3436515118019803
2024,105,0.1996898223720166,0.322460791251856
2024,106,0.2936102222927162,0.38695189122630413
2024,107,0.8951978240238367,0.5670859421105718
2024,108,0.2445234775155695,0.3363353860862851
2024,109,0.0933129156301071,0.3137492565429036
2024,110,0.08001808985170315,0.3428872087747614
2024,111,0.0844284991970417,0.32498659658906087
2024,112,0.05671210906144656,0.28648120244834646
2024,113,0.09150970761165118,0.2770222352347632
2024,114,0.152630941305075,0.2894695861502449
2024,115,0.1076608109803359,0.3039689887102047
2024,116,0.10020643325186977,0.30886019842302803
2024,117,0.12788663172573428,0.32174615804063667
2024,118,0.1432435754865057,0.35080383440927143
2024,119,0.1442272101412232,0.3432412970124784
2024,120,0.43185363568885704,0.642489784959745
2024,121,0.11697658805903127,0.47030580118921633
2024,122,0.04441774548129051,0.3152097217433399
2024,123,0.1594619108069908,0.3084483704012171
2024,124,0.3372795572327406,0.3018743177994865
2024,125,0.3440948411085438,0.3158093396857785
2024,126,0.5962214929985606,0.3879051882364866
2024,127,1.81581719790944,0.8158943377184077
2024,128,0.349059854662251,0.3261224051988947
2024,129,0.07723189473882762,0.30007762812950634
2024,130,0.37221347310632724,0.3063591282269957
2024,131,0.23917272228506045,0.3303658646041794
2024,132,0.028936700881443934,0.3095966338101805
2024,133,0.14368316522245755,0.30776079928862116
2024,134,0.20861620402823716,0.3394230617721806
2024,135,0.24840159718860635,0.29493338310264017
2024,136,0.4767763011348028,0.31887827332194685
2024,137,0.4511305058450145,0.3316505281911629
2024,138,0.19560097635367474,0.3726376909240118
2024,139,0.19630235442352484,0.33486306576926855
2024,140,0.148934310103971,0.32639622844241023
2024,141,0.043900527720690224,0.2968792714195624
2024,142,0.016506816582028346,0.37231148348902443
2024,143,0.05289962276739534,0.3160508525740755
2024,144,0.4985100730852552,0.3078576848584186
2024,145,0.4355281597334698,0.33839391153046655
2024,146,0.5646941132742299,0.39672423508970844
2024,147,0.30739624880425953,0.295877084684172
2024,148,0.15051354783949122,0.2944689974209656
2024,149,0.1441915794926122,0.33532086626158036
2024,150,0.2759691202634092,0.2853387949197027
2024,151,0.6429821318423962,0.3173930335979837
2024,152,0.09326797334118626,0.2939113356005687
2024,153,0.04233959934702378,0.2891054741449543
2024,154,0.12653398378555564,0.29526701090330215
2024,155,0.47312375839777926,0.3417998614791915
2024,156,0.44156435457057674,0.30865108303087485
2024,157,0.013069637625274686,0.32210448423431953
2024,158,0.030189078370979578,0.31739152613660504
2024,159,0.42423370874296773,0.3583678841987104
2024,160,0.5962266109751102,0.3615365615985461
2024,161,0.028539327936689736,0.30086043405824275
2024,162,0.01463084308843231,0.3209033779386093
2024,163,0.04673869467325274,0.2963561311847862
2024,164,0.21199739635204284,0.306062750275361
2024,165,0.7606894877296405,0.4009107088356004
2024,166,0.2941882008473861,0.3154537819086507
2024,167,0.1731703198438049,0.32949088155237044
2024,168,0.44466393662777304,0.4746466421384464
2024,169,0.2121807058928848,0.31116317849051084
2024,170,1.5005230880958114,0.33169845973289286
2024,171,2.309874718091014,0.45306391769837057
2024,172,0.7483594063536143,0.2969730208483902
2024,173,0.6763588476362059,0.30242516993778934
2024,174,0.2299727336104201,0.2944225095917607
2024,175,1.0280452627715153,0.3265508940747342
2024,176,0.8448222005386145,0.44724781905907113
2024,177,0.03487166913331191,0.3198311468953742
2024,178,0.03472122818654792,0.31512445723210913
2024,179,0.16820617412117186,0.3156338955964349
2024,180,0.2769055502245403,0.300770966608996
2024,181,0.04896403659953395,0.29245633787756936
2024,182,0.04460797612045278,0.28757577958406616
2024,183,0.06007146883778908,0.3200294732879006
2024,184,0.11254756396095723,0.29176870768515595
2024,185,0.8446511694296185,0.5531862016344039
2024,186,0.17442194078363393,0.2939744182153675
2024,187,0.15644095309675296,0.2963736102203451
2024,188,0.6302247707309842,0.3099796619378849
2024,189,1.038507071437279,0.3456701784183225
2024,190,1.5501933071836156,0.31540523901974843
2024,191,0.7342069591529803,0.2756158238204784
2024,192,0.2566650834314043,0.2646155237576599
2024,193,0.44311710765052237,0.27581071939719604
2024,194,0.3359098727456255,0.28172988929715853
2024,195,0.3058286303488813,0.30889116103574593
2024,196,0.34139298800637147,0.3467933629158706
2024,197,0.014688184335780195,0.37978946014224124
2024,198,0.06472135006208193,0.3256692828886416
2024,199,0.2583941547107471,0.34869436925556685
2024,200,0.16924801864513195,0.2819617484322568
2024,201,0.4625928970463943,0.3400359128453531
2024,202,0.09921094550222279,0.29350012731746306
2024,203,0.06681980308554897,0.3200357675839439
2024,204,0.011099307478822642,0.259704294925328
2024,205,0.03185649777492509,0.27785552861331586
2024,206,0.19340339702300105,0.29478399680221745
2024,207,0.6533752753476146,0.30589160650440433
2024,208,1.417466484478181,0.31574237592540016
2024,209,2.662549828038468,0.4656841647966902
2024,210,1.2671544338957892,0.31307683560263216
2024,211,0.48607357285822317,0.2999758092845786
2024,212,0.0658737561745789,0.25453695176971575
2024,213,0.08263865535635807,0.2751615934402135
2024,214,0.43441050423387084,0.3120500654815842
2024,215,0.08518923877672364,0.2987004267399426
2024,216,0.3612730921017721,0.36685197165097405
2024,217,0.3155547743246239,0.3680959724911412
2024,218,0.5656596028986529,0.6068589043486254
2024,219,0.3069340437994737,0.3408899279964723
2024,220,0.0,0.2599219936475292
2024,221,0.0,0.257790164668004
2024,222,0.0,0.25558794107119703
2024,223,0.0,0.25556721964995616
2024,224,0.0,0.2537379334191225
2024,225,0.0,0.2520639580824514
2024,226,0.14791966901309592,0.27989311787121485
2024,227,0.5199369412653199,0.33244416459550247
2024,228,0.3810280288416151,0.31829380151760206
2024,229,0.5457322565710182,0.32671744873544506
2024,230,0.23604195313534806,0.31638025955788635
2024,231,0.03565787589466461,0.28359669187709363
2024,232,0.02930688955577931,0.2898980461643847
2024,233,0.057106572461851725,0.2898645567889704
2024,234,0.08754190960899982,0.27666142479573774
2024,235,0.026096548649411536,0.29533526608089017
2024,236,0.4078078891281372,0.3593445091597975
2024,237,0.22988874226089365,0.33762895523597736
2024,238,0.6602944353749831,0.3642748188237107
2024,239,0.41977333809677436,0.33719914381189375
2024,240,0.0,0.2564556469099866
2024,241,0.0,0.25239667460282966
2024,242,0.0,0.25342581972284944
2024,243,0.0,0.25973307166582366
2024,244,0.0,0.25330305884377663
2024,245,0.0,0.25334960617517605
2024,246,2.01041182619046e-05,0.25013841318359903
2024,247,0.4256796138800713,0.2862940353415874
2024,248,0.43549721201623826,0.30992676888456083
2024,249,0.6233079549803299,0.317705374739793
2024,250,0.17424466564554753,0.34365886631366627
2024,251,0.08464141334208568,0.30264857270756673
2024,252,0.009353686640018762,0.3454409028699334
2024,253,0.13248435954380494,0.35882890722690286
2024,254,0.08471909481841236,0.2905199147580777
2024,255,0.05119806338449521,0.3044848992669092
2024,256,0.00833686808227599,0.35811397183145605
2024,257,0.2247876053184229,0.3743575823655425
2024,258,0.7874935803552576,0.4327200863872638
2024,259,0.3498851233523812,0.35637086709814664
2024,260,0.0,0.2598995699619661
2024,261,0.0,0.2501737427999402
2024,262,0.0,0.2539445240909499
2024,263,0.0,0.25934955384713576
2024,264,0.0,0.2586982303910314
2024,265,0.0,0.2622371687211532
2024,266,0.0,0.25816619946058084
2024,267,0.09665182953359804,0.27329556060827864
2024,268,0.19172572007989008,0.3114792710508581
2024,269,0.42039867744329346,0.3168477135983333
2024,270,0.3184712271229461,0.341818880539126
2024,271,0.3364117388281179,0.3253494272609044
2024,272,0.02515907161371935,0.30894367043038934
2024,273,0.04977027348893136,0.3287954036352181
2024,274,0.4403269377378953,0.32634076576265003
2024,275,0.04413183046675097,0.31063574750876405
2024,276,0.0452758203823949,0.3333138889849195
2024,277,0.1342414880870506,0.33265882349782355
2024,278,0.444232258087866,0.5001973166490289
2024,279,0.6761029483966928,0.3902680002581824
2024,280,0.0,0.26140132017260337
2024,281,0.0,0.2571209199714955
2024,282,0.0,0.2540617722872399
2024,283,0.0,0.259801238157897
2024,284,0.0,0.2611130909378387
2024,285,0.0,0.26308199516796255
2024,286,0.0,0.26173396283414235
2024,287,0.0015511719369506976,0.26641771622280824
2024,288,0.5408086814878421,0.33271365025455635
2024,289,1.2662709984410214,0.41601921977285133
2024,290,0.43151066716410497,0.3216243651413865
2024,291,0.49272229475563417,0.3444379154831377
2024,292,0.08268055226380283,0.3024583297790127
2024,293,0.23960018865219743,0.3140600543344669
2024,294,0.6669392849079107,0.33458382571778633
2024,295,0.12701508897718816,0.30645411425702157
2024,296,0.10487300965459782,0.29996162076413097
2024,297,0.30236200783447187,0.4006928542667033
2024,298,5.532389891932928,1.770332755285767
2024,299,0.6093372175505996,0.4154795011598807
